path,relative_path,split_original,label,source_group,sha256,width,height,mode
data/raw/kaggle/extracted/train/10% zygarde/1745749568.jpg,kaggle/extracted/train/10% zygarde/1745749568.jpg,train,10% zygarde,1745749568,395cdab40dd34dda7a77ff0b3c6134757a8b4f2e1b5a9b097536073d786849aa,224,224,RGB
data/raw/kaggle/extracted/train/10% zygarde/1745957637.jpg,kaggle/extracted/train/10% zygarde/1745957637.jpg,train,10% zygarde,1745957637,bf2ee8f35ad1df8f2ed2dcbcad1cf88e0e13636d4d32eea83852d672428c04db,224,224,RGB
data/raw/kaggle/extracted/train/10% zygarde/1746015409.jpg,kaggle/extracted/train/10% zygarde/1746015409.jpg,train,10% zygarde,1746015409,e4841421a9360fcae246fc70f12278ed6fe052005df2f5dee743d1fafa9a9202,224,224,RGB
data/raw/kaggle/extracted/train/arctovish/1745431656.jpg,kaggle/extracted/train/arctovish/1745431656.jpg,train,arctovish,1745431656,3b0a21a519bdfe4caf262806f6f2cc8f699114455af018b898db00f172cf7864,224,224,RGB
data/raw/kaggle/extracted/train/arctovish/1745508415.jpg,kaggle/extracted/train/arctovish/1745508415.jpg,train,arctovish,1745508415,785eaf66061cce23e2f9d9766e0e85d70aee6be4c998e33a3205e09122f316ea,224,224,RGB
data/raw/kaggle/extracted/train/arctovish/1745564137.jpg,kaggle/extracted/train/arctovish/1745564137.jpg,train,arctovish,1745564137,a175cc1460b632a7e788b276931366dab3c02f97cce8df59a3fae93aa1d481ea,224,224,RGB
data/raw/kaggle/extracted/train/arctovish/1746121177.jpg,kaggle/extracted/train/arctovish/1746121177.jpg,train,arctovish,1746121177,23b9f99197644bd23312fdb8a4bdad5afb87bcfab0051a34dcb15e059b4cf06d,224,224,RGB
data/raw/kaggle/extracted/train/arctovish/1746137528.jpg,kaggle/extracted/train/arctovish/1746137528.jpg,train,arctovish,1746137528,800edde13f60f3fcde728cf923a395519b344f2c359ed6d92dd697129527de59,224,224,RGB
data/raw/kaggle/extracted/train/arctovish/1746213118.jpg,kaggle/extracted/train/arctovish/1746213118.jpg,train,arctovish,1746213118,f1902f5778344fcbbe1e96a236eeda70b4762ec4c4a5480cd96d1c7bdf8241e7,224,224,RGB
data/raw/kaggle/extracted/train/arctovish/1746214343.jpg,kaggle/extracted/train/arctovish/1746214343.jpg,train,arctovish,1746214343,3acfc2d1ab2dd2b3bcdacbe9f0dc0bee7bcf3970236187de97023dc7b32e2149,224,224,RGB
data/raw/kaggle/extracted/train/arctovish/1746256418.jpg,kaggle/extracted/train/arctovish/1746256418.jpg,train,arctovish,1746256418,ec339360555dafa076f63016eb20c9ba34b652a33f3dc4b70553f415758fb9e4,224,224,RGB
data/raw/kaggle/extracted/train/arctovish/1746382544.jpg,kaggle/extracted/train/arctovish/1746382544.jpg,train,arctovish,1746382544,c34ecc20dfd11201c57661445506f2a2c787da304f772f4c2bd06091c7b0a661,224,224,RGB
data/raw/kaggle/extracted/train/arctovish/1746434372.jpg,kaggle/extracted/train/arctovish/1746434372.jpg,train,arctovish,1746434372,50a4e5544d07d051865bc61faf1b4374ef20aca33808d91c0fc830315757c43e,224,224,RGB
data/raw/kaggle/extracted/train/arctovish/1746462722.jpg,kaggle/extracted/train/arctovish/1746462722.jpg,train,arctovish,1746462722,3d479515cb5ca64f306a722e173cc5c15a6549cc37b89285e315f275aa7e7dec,224,224,RGB
data/raw/kaggle/extracted/train/arctovish/1746465562.jpg,kaggle/extracted/train/arctovish/1746465562.jpg,train,arctovish,1746465562,963c609f0c03d12d26bc24175062626c06a3b9c332910bb6b2a8cc6e1250c4db,224,224,RGB
data/raw/kaggle/extracted/train/arctovish/1746480841.jpg,kaggle/extracted/train/arctovish/1746480841.jpg,train,arctovish,1746480841,999779471f7d324b775625d22b647405449d0bcff4980685c6d647a304a50f43,224,224,RGB
data/raw/kaggle/extracted/train/arctovish/1746548885.jpg,kaggle/extracted/train/arctovish/1746548885.jpg,train,arctovish,1746548885,079703496b787339abfec6217253aec2f734cc97a4e44747b49e19db4defc952,224,224,RGB
data/raw/kaggle/extracted/train/arctovish/1746551662.jpg,kaggle/extracted/train/arctovish/1746551662.jpg,train,arctovish,1746551662,484904ef4f39658660c5fffe0afa4e57495dddb96997cd0f40628459d9a9b1c7,224,224,RGB
data/raw/kaggle/extracted/train/arctovish/1747180369.jpg,kaggle/extracted/train/arctovish/1747180369.jpg,train,arctovish,1747180369,0db831724b49d1d76bc424ec6d4ddc120bbe0a0f5dbbf655a8414bde1bac5832,224,224,RGB
data/raw/kaggle/extracted/train/arctozolt/1745420465.jpg,kaggle/extracted/train/arctozolt/1745420465.jpg,train,arctozolt,1745420465,545612ae1e649f45f33ae15ad46e02980f02b5c2cfff0ff12726219323090ed9,224,224,RGB
data/raw/kaggle/extracted/train/arctozolt/1745522591.jpg,kaggle/extracted/train/arctozolt/1745522591.jpg,train,arctozolt,1745522591,c80194d4fb23293ab6e58534bedbc19b1d87c0fcbe7ca19e52fa815e4f735bec,224,224,RGB
data/raw/kaggle/extracted/train/arctozolt/1745532971.jpg,kaggle/extracted/train/arctozolt/1745532971.jpg,train,arctozolt,1745532971,e127a1721a9f191b459573074231c5ade9baff5ec6107670bb768971fb8c22d2,224,224,RGB
data/raw/kaggle/extracted/train/arctozolt/1745567068.jpg,kaggle/extracted/train/arctozolt/1745567068.jpg,train,arctozolt,1745567068,ead1b46becabb04bffcee91300c625d6fa2e56e91c07c147ea3cbbea376e70e5,224,224,RGB
data/raw/kaggle/extracted/train/arctozolt/1745654547.jpg,kaggle/extracted/train/arctozolt/1745654547.jpg,train,arctozolt,1745654547,d891dd073cef7c2744576cb85bbcd64e38bd3f8e4e92fa3a70a3058ebb7543e7,224,224,RGB
data/raw/kaggle/extracted/train/arctozolt/1745666661.jpg,kaggle/extracted/train/arctozolt/1745666661.jpg,train,arctozolt,1745666661,7bbe12f72ec03600c6bf99ac9e8867d0afa47598cd07cef7a167ec80605978d5,224,224,RGB
data/raw/kaggle/extracted/train/arctozolt/1745985750.jpg,kaggle/extracted/train/arctozolt/1745985750.jpg,train,arctozolt,1745985750,68f5154d6cdf85b2d21e1e1f3e8bf8a8a95c7b18bb7c4fc125b0806fea3d8dbf,224,224,RGB
data/raw/kaggle/extracted/train/arctozolt/1745992769.jpg,kaggle/extracted/train/arctozolt/1745992769.jpg,train,arctozolt,1745992769,7a515a2d32ed6831b4e3f852c9ba19442d423825612ad507846beaa639c6527a,224,224,RGB
data/raw/kaggle/extracted/train/arctozolt/1745996898.jpg,kaggle/extracted/train/arctozolt/1745996898.jpg,train,arctozolt,1745996898,4eaa7bd09933a3bc2dae5476b17baad320e32a153db693b67cbc11056ebf0bdb,224,224,RGB
data/raw/kaggle/extracted/train/arctozolt/1746004993.jpg,kaggle/extracted/train/arctozolt/1746004993.jpg,train,arctozolt,1746004993,38d12f3121e9829ee7fa190441a16327877de802e406c32f94b4fd4dcb3024d2,224,224,RGB
data/raw/kaggle/extracted/train/arctozolt/1746120157.jpg,kaggle/extracted/train/arctozolt/1746120157.jpg,train,arctozolt,1746120157,208d9be63f1148852f1c8cc5c6a855570d9d35d882b1bead103404ae2a9da5e0,224,224,RGB
data/raw/kaggle/extracted/train/arctozolt/1746256147.jpg,kaggle/extracted/train/arctozolt/1746256147.jpg,train,arctozolt,1746256147,0b7447c16635b683841f9afe9ddd4c45c80d7709fa0293567de57024b6f5a7b0,224,224,RGB
data/raw/kaggle/extracted/train/arctozolt/1746383744.jpg,kaggle/extracted/train/arctozolt/1746383744.jpg,train,arctozolt,1746383744,198004e49316b3ae9c1b429212211415aa78b5c9b4cc3c62be799f098356e03e,224,224,RGB
data/raw/kaggle/extracted/train/arctozolt/1746388192.jpg,kaggle/extracted/train/arctozolt/1746388192.jpg,train,arctozolt,1746388192,c068dc0111ced9207b7123b516df1c8845122216240af4f5b431bfd0abfa2e34,224,224,RGB
data/raw/kaggle/extracted/train/arctozolt/1746431162.jpg,kaggle/extracted/train/arctozolt/1746431162.jpg,train,arctozolt,1746431162,d0d30dbac68d2511e516451a3f2405b7d1d6dca47f4d01e66d93acc4232dd777,224,224,RGB
data/raw/kaggle/extracted/train/arctozolt/1746432372.jpg,kaggle/extracted/train/arctozolt/1746432372.jpg,train,arctozolt,1746432372,5b2ad387353cc17f8a4b7123d60cc61d00771b977669598f7d10b613e8201155,224,224,RGB
data/raw/kaggle/extracted/train/arctozolt/1746434740.jpg,kaggle/extracted/train/arctozolt/1746434740.jpg,train,arctozolt,1746434740,7214a2be464850b56734171308291b738099191f6cdc3e4d1366a3620f11f023,224,224,RGB
data/raw/kaggle/extracted/train/arctozolt/1746441891.jpg,kaggle/extracted/train/arctozolt/1746441891.jpg,train,arctozolt,1746441891,111a34477217e0bbe2382cdf6a1fbab51cf9c985b807c9662bb22302127c53ad,224,224,RGB
data/raw/kaggle/extracted/train/arctozolt/1746463229.jpg,kaggle/extracted/train/arctozolt/1746463229.jpg,train,arctozolt,1746463229,204861b8046ea0a340262c5a359a877386addcd6ce4da2a46da4e2545eab6e89,224,224,RGB
data/raw/kaggle/extracted/train/arctozolt/1746464610.jpg,kaggle/extracted/train/arctozolt/1746464610.jpg,train,arctozolt,1746464610,3f6591dbbd171a1d3e960343c7e0968a2ce6cf92b4ca542aadec13a7284475f1,224,224,RGB
data/raw/kaggle/extracted/train/arctozolt/1746482823.jpg,kaggle/extracted/train/arctozolt/1746482823.jpg,train,arctozolt,1746482823,f59548304fd2496a7dc3d56e941496dbfa755a9211510dd3a815b10ef9120035,224,224,RGB
data/raw/kaggle/extracted/train/arctozolt/1746522172.jpg,kaggle/extracted/train/arctozolt/1746522172.jpg,train,arctozolt,1746522172,bd49347423cdab6d09661ef00fad416618965f83da6a0a60f21f518b7ad52d6e,224,224,RGB
data/raw/kaggle/extracted/train/arctozolt/1746528469.jpg,kaggle/extracted/train/arctozolt/1746528469.jpg,train,arctozolt,1746528469,ad2061c965615b110f3ca934e71dc40f7f12797f3d9d4b368d7d9190480f91c4,224,224,RGB
data/raw/kaggle/extracted/train/arctozolt/1746551368.jpg,kaggle/extracted/train/arctozolt/1746551368.jpg,train,arctozolt,1746551368,8bccfa129e9894e4574d2aca147ddfcbabd60a519f50fbabb0f1fe5b11ea5da0,224,224,RGB
data/raw/kaggle/extracted/train/arctozolt/1746601952.jpg,kaggle/extracted/train/arctozolt/1746601952.jpg,train,arctozolt,1746601952,94248de12a4b12c0ef4d354a7b31a640b187a6c955abe0c23e17bcce12147fab,224,224,RGB
data/raw/kaggle/extracted/train/arctozolt/1746963570.jpg,kaggle/extracted/train/arctozolt/1746963570.jpg,train,arctozolt,1746963570,8f381de6e058473e3ff13e1b18dddcc98efcfd9c1b810249845a08a16fd0a744,224,224,RGB
data/raw/kaggle/extracted/train/arctozolt/1746970468.jpg,kaggle/extracted/train/arctozolt/1746970468.jpg,train,arctozolt,1746970468,a28551e8f2b233bdc697302d67648dcd2682c64b2d78d753170ecbedf5efe63c,224,224,RGB
data/raw/kaggle/extracted/train/arctozolt/1747178702.jpg,kaggle/extracted/train/arctozolt/1747178702.jpg,train,arctozolt,1747178702,05f876944707f6af400b46943e5ccfaa7f4fcc32d64ab4beba91f4bef8993180,224,224,RGB
data/raw/kaggle/extracted/train/ariados/1745389021.jpg,kaggle/extracted/train/ariados/1745389021.jpg,train,ariados,1745389021,ae4e5911e0610ca4ce1104e803e83c335e51b74f1667acf9521ba685ae6efb5e,224,224,RGB
data/raw/kaggle/extracted/train/ariados/1745395902.jpg,kaggle/extracted/train/ariados/1745395902.jpg,train,ariados,1745395902,9b68e5cef771940e0bbf7736ae7f8af7b9a018e53c30485bbfde55b1be224741,224,224,RGB
data/raw/kaggle/extracted/train/ariados/1745414451.jpg,kaggle/extracted/train/ariados/1745414451.jpg,train,ariados,1745414451,89276eb5cd819a1a873021b70c32d19b872b11b1a2a176d41b5b58e3871f02e3,224,224,RGB
data/raw/kaggle/extracted/train/ariados/1745565913.jpg,kaggle/extracted/train/ariados/1745565913.jpg,train,ariados,1745565913,e9d7e9b5305c6ca25a98a4aefd88d2ac04f6d2d655f9d30952c168a9f2c09dc7,224,224,RGB
data/raw/kaggle/extracted/train/ariados/1745598435.jpg,kaggle/extracted/train/ariados/1745598435.jpg,train,ariados,1745598435,0ae49437247ae68604b7e973d463f7dc569b1c47ff93f2bd0a9f8363ad7c284f,224,224,RGB
data/raw/kaggle/extracted/train/ariados/1745599560.jpg,kaggle/extracted/train/ariados/1745599560.jpg,train,ariados,1745599560,b858f8acf19c1857efdd6dc0b7bcfbf3f9c4f6fa005b27c34e1cb2b863fd9901,224,224,RGB
data/raw/kaggle/extracted/train/ariados/1745962100.jpg,kaggle/extracted/train/ariados/1745962100.jpg,train,ariados,1745962100,6c878d5053a8a0f0f0d116290455ce9856180bb608b70aafc4b0a2ee9deac2a6,224,224,RGB
data/raw/kaggle/extracted/train/ariados/1745992249.jpg,kaggle/extracted/train/ariados/1745992249.jpg,train,ariados,1745992249,eaaf18e9161584b06cb046d7f970778554e8560c0190672f6dba2b4140299755,224,224,RGB
data/raw/kaggle/extracted/train/ariados/1745995084.jpg,kaggle/extracted/train/ariados/1745995084.jpg,train,ariados,1745995084,fb0d066b17af098a75facc1774c6877ee9957ec81fdb085fd626bc95a2f08272,224,224,RGB
data/raw/kaggle/extracted/train/ariados/1746013806.jpg,kaggle/extracted/train/ariados/1746013806.jpg,train,ariados,1746013806,64133691eb2cbb292ddb0800c4847566a0f957166da8db000a48b35a24100bde,224,224,RGB
data/raw/kaggle/extracted/train/ariados/1746130657.jpg,kaggle/extracted/train/ariados/1746130657.jpg,train,ariados,1746130657,5705eb4bbfd00472da8168f79db31fb4626735f1015caff64b9229ada94a8ef5,224,224,RGB
data/raw/kaggle/extracted/train/ariados/1746211295.jpg,kaggle/extracted/train/ariados/1746211295.jpg,train,ariados,1746211295,63fd5babe080bf515babed99c1b35ea8626b2101635788a81f6d292e52880a49,224,224,RGB
data/raw/kaggle/extracted/train/ariados/1746222695.jpg,kaggle/extracted/train/ariados/1746222695.jpg,train,ariados,1746222695,77e533b4055ff2e0c7534d842c8f9f1cd19ec3466fbf481a97b3db81d7c2f2f2,224,224,RGB
data/raw/kaggle/extracted/train/ariados/1746341808.jpg,kaggle/extracted/train/ariados/1746341808.jpg,train,ariados,1746341808,87c840f97ef2614ade9ccfe468df7c75f795ef187bbda228d4a91c329dc5d205,224,224,RGB
data/raw/kaggle/extracted/train/ariados/1746428633.jpg,kaggle/extracted/train/ariados/1746428633.jpg,train,ariados,1746428633,2897d0e460e04e7f37054ec6f5b8f246c3e598f37be15c080f6912dc1847f310,224,224,RGB
data/raw/kaggle/extracted/train/ariados/1746432301.jpg,kaggle/extracted/train/ariados/1746432301.jpg,train,ariados,1746432301,dc822b597a7ae985672a7257c03b4f4666e838266dd3fbf1d169bf13bc420915,224,224,RGB
data/raw/kaggle/extracted/train/ariados/1746435043.jpg,kaggle/extracted/train/ariados/1746435043.jpg,train,ariados,1746435043,376501de109e7b4dfb41c3b47134f41111883b76e17fde34e0c6306a9a709c9f,224,224,RGB
data/raw/kaggle/extracted/train/ariados/1746444340.jpg,kaggle/extracted/train/ariados/1746444340.jpg,train,ariados,1746444340,80d3da1f38ec5ad7565c4cfb0beca4b33d18ae9669bc966dfb2bafa036c1234f,224,224,RGB
data/raw/kaggle/extracted/train/ariados/1746471602.jpg,kaggle/extracted/train/ariados/1746471602.jpg,train,ariados,1746471602,acd2b4b1bca4584d048a9d9df673867427f82be5da39d93dbfb9068d53821488,224,224,RGB
data/raw/kaggle/extracted/train/ariados/1746476690.jpg,kaggle/extracted/train/ariados/1746476690.jpg,train,ariados,1746476690,0137f8dc8180438086702873f44a919c98f07ef433f2c710c4bea7fe71d7d533,224,224,RGB
data/raw/kaggle/extracted/train/ariados/1746551573.jpg,kaggle/extracted/train/ariados/1746551573.jpg,train,ariados,1746551573,f12da8d9b2d2562c5d6dd587436657c41cdf8c2b0fafc79916f73392c1b14a9c,224,224,RGB
data/raw/kaggle/extracted/train/ariados/1746965457.jpg,kaggle/extracted/train/ariados/1746965457.jpg,train,ariados,1746965457,f4a5d537e8ccba751d9ad0f99ad6961ea5015977dedf653cd031922f3d8e7065,224,224,RGB
data/raw/kaggle/extracted/train/armaldo/1745413834.jpg,kaggle/extracted/train/armaldo/1745413834.jpg,train,armaldo,1745413834,38d4c52070f436f3b66dbaaf49dc7db19dfa8c317f6f7c5e1fc17b667a530f6c,224,224,RGB
data/raw/kaggle/extracted/train/armaldo/1745417034.jpg,kaggle/extracted/train/armaldo/1745417034.jpg,train,armaldo,1745417034,679967168583c0b0472e217dd3c012bb02d5c5279f417e8d6b67ad2ae7985de9,224,224,RGB
data/raw/kaggle/extracted/train/armaldo/1745560260.jpg,kaggle/extracted/train/armaldo/1745560260.jpg,train,armaldo,1745560260,d7d0f6d0bae9621fea790e8bf25d5b7b2209cad936af4efaabe829b9aeb0d614,224,224,RGB
data/raw/kaggle/extracted/train/armaldo/1745651677.jpg,kaggle/extracted/train/armaldo/1745651677.jpg,train,armaldo,1745651677,c133a4ff02abf1d4bb119350a25f04a467e3cb29d0cc4bbe022203ff9c148ea7,224,224,RGB
data/raw/kaggle/extracted/train/armaldo/1745752569.jpg,kaggle/extracted/train/armaldo/1745752569.jpg,train,armaldo,1745752569,e9b26297cc3f0fce0d8e5b3cbf8b80f8265e4632c78f2364d7cb52517925a303,224,224,RGB
data/raw/kaggle/extracted/train/armaldo/1745955813.jpg,kaggle/extracted/train/armaldo/1745955813.jpg,train,armaldo,1745955813,d995c80bfa841433c13ab44648f9199b9ee965b6c0a28a14d34fe3bc1b90758a,224,224,RGB
data/raw/kaggle/extracted/train/armaldo/1745958772.jpg,kaggle/extracted/train/armaldo/1745958772.jpg,train,armaldo,1745958772,0adc6a1cd118a4e3086e211119f09e763dcd87f356b967070c746c166f0f1828,224,224,RGB
data/raw/kaggle/extracted/train/armaldo/1745961990.jpg,kaggle/extracted/train/armaldo/1745961990.jpg,train,armaldo,1745961990,679ba56273b9cf76990a12b65af414edb79c5ffe09f53e22a66e0c52644cffe9,224,224,RGB
data/raw/kaggle/extracted/train/armaldo/1745988074.jpg,kaggle/extracted/train/armaldo/1745988074.jpg,train,armaldo,1745988074,c3e2ed8d80cf877d0305715a120727647b9c1d74d51b9bf0054e450761e0293a,224,224,RGB
data/raw/kaggle/extracted/train/armaldo/1745989012.jpg,kaggle/extracted/train/armaldo/1745989012.jpg,train,armaldo,1745989012,24b0280503d0c525fa23e2fd9242c4661212d2e2ba1fc3f91cdbb0a3f6202efb,224,224,RGB
data/raw/kaggle/extracted/train/armaldo/1745992970.jpg,kaggle/extracted/train/armaldo/1745992970.jpg,train,armaldo,1745992970,56027dba42b506bc4599d9779a2d6fd7088ea066891b5dc1313c28d256eba4be,224,224,RGB
data/raw/kaggle/extracted/train/armaldo/1746030470.jpg,kaggle/extracted/train/armaldo/1746030470.jpg,train,armaldo,1746030470,2c0716af986126731a0a9d125e8ddf516100af5287906ae3c6e496230164de64,224,224,RGB
data/raw/kaggle/extracted/train/armaldo/1746124658.jpg,kaggle/extracted/train/armaldo/1746124658.jpg,train,armaldo,1746124658,c81c1196e9300b0a0dc04ac92b09a869152fcfbfdaace3aa2a8b8605aab75a10,224,224,RGB
data/raw/kaggle/extracted/train/armaldo/1746141997.jpg,kaggle/extracted/train/armaldo/1746141997.jpg,train,armaldo,1746141997,07e81657a980a7046aac0b305d011a3c02cad330ac8c74a0c1625a0ba140a39b,224,224,RGB
data/raw/kaggle/extracted/train/armaldo/1746341540.jpg,kaggle/extracted/train/armaldo/1746341540.jpg,train,armaldo,1746341540,570cf46e200343791a12f1df89d5b990e48bc656b0fe41318a199ca84471f328,224,224,RGB
data/raw/kaggle/extracted/train/armaldo/1746341540_hflip.jpg,kaggle/extracted/train/armaldo/1746341540_hflip.jpg,train,armaldo,1746341540,de159cf4a8cbb04fa3a5ae330a5108c0fb7beeeafe662ba0a33074705696cd4a,224,224,RGB
data/raw/kaggle/extracted/train/armaldo/1746345181.jpg,kaggle/extracted/train/armaldo/1746345181.jpg,train,armaldo,1746345181,276329ba2c443d0dfbb946522fc60704acaec526674654d85d48ac8c62ef6890,224,224,RGB
data/raw/kaggle/extracted/train/armaldo/1746387322.jpg,kaggle/extracted/train/armaldo/1746387322.jpg,train,armaldo,1746387322,a6703235773c3460e6513d98ea4971bb9c4c94d946aefea830d932295fd1bb1d,224,224,RGB
data/raw/kaggle/extracted/train/armaldo/1746394654.jpg,kaggle/extracted/train/armaldo/1746394654.jpg,train,armaldo,1746394654,bd18c3b4f3cea005d639c7fba90661b5c09c507b5cb0c31e6d2c8a429545fe9c,224,224,RGB
data/raw/kaggle/extracted/train/armaldo/1746427023.jpg,kaggle/extracted/train/armaldo/1746427023.jpg,train,armaldo,1746427023,ec5e6260949617316c141152911fc6f361ea927abf14fa88a09334bca123f721,224,224,RGB
data/raw/kaggle/extracted/train/armaldo/1746434402.jpg,kaggle/extracted/train/armaldo/1746434402.jpg,train,armaldo,1746434402,8ae94da9ad749230284dd3a6d1d386fa9615cfa351a1dc323552c58b5969bcb2,224,224,RGB
data/raw/kaggle/extracted/train/armaldo/1746463619.jpg,kaggle/extracted/train/armaldo/1746463619.jpg,train,armaldo,1746463619,4b4d0224e73097e293c26192e379e2a10858780c8b83735ad41dafccf4a67077,224,224,RGB
data/raw/kaggle/extracted/train/armaldo/1746480402.jpg,kaggle/extracted/train/armaldo/1746480402.jpg,train,armaldo,1746480402,53ea73dde7ca213e57d9d7f9925c0dc01bf393bf47706b5b3d1cee0a927ffeca,224,224,RGB
data/raw/kaggle/extracted/train/armaldo/1746526442.jpg,kaggle/extracted/train/armaldo/1746526442.jpg,train,armaldo,1746526442,11fa29c6d598777b978a61f9b78309c6681e35185d3d9c97ac4825636deac54d,224,224,RGB
data/raw/kaggle/extracted/train/armaldo/1746528371.jpg,kaggle/extracted/train/armaldo/1746528371.jpg,train,armaldo,1746528371,e331e2eb4b8a73e6de1792b822ab90b504fa0ebe0f16f89ba496ce52dd7c8892,224,224,RGB
data/raw/kaggle/extracted/train/armaldo/1746528782.jpg,kaggle/extracted/train/armaldo/1746528782.jpg,train,armaldo,1746528782,296cf8ea6b442de552c48ad5a11b24d005378d825cff0c6bbde3b79b7b3e6c9b,224,224,RGB
data/raw/kaggle/extracted/train/armaldo/1746549901.jpg,kaggle/extracted/train/armaldo/1746549901.jpg,train,armaldo,1746549901,72d7c974d32be9ff193daacde6530d59e7bb2e01e7bc9806b34b1590b78d721c,224,224,RGB
data/raw/kaggle/extracted/train/armaldo/1746551916.jpg,kaggle/extracted/train/armaldo/1746551916.jpg,train,armaldo,1746551916,7a25c1574eaf2dbf2907b89df25426ed0203eee173160369a9f8ad3a5bdaebbc,224,224,RGB
data/raw/kaggle/extracted/train/armaldo/1746597625.jpg,kaggle/extracted/train/armaldo/1746597625.jpg,train,armaldo,1746597625,d0841c9b161839a3855f3e2fcf9e9ec97a78b6185212142631405bbd52efb56e,224,224,RGB
data/raw/kaggle/extracted/train/armaldo/1746969980.jpg,kaggle/extracted/train/armaldo/1746969980.jpg,train,armaldo,1746969980,8b94abfb9386dabf2110b0b91133a96ec916c751037933e6b749e27aa024156e,224,224,RGB
data/raw/kaggle/extracted/train/armaldo/1747176017.jpg,kaggle/extracted/train/armaldo/1747176017.jpg,train,armaldo,1747176017,e4193957ff61b44bf46ff712f2a8df3c1a0c13023a32a3d4121120dd9b80fc3d,224,224,RGB
data/raw/kaggle/extracted/train/armarouge/1745395171.jpg,kaggle/extracted/train/armarouge/1745395171.jpg,train,armarouge,1745395171,3456ae4f98010f8015aee633ebf03399790ca0925af0bf8621d84c54bd1b6542,224,224,RGB
data/raw/kaggle/extracted/train/armarouge/1745403999.jpg,kaggle/extracted/train/armarouge/1745403999.jpg,train,armarouge,1745403999,432f8051cc340af21de0d18a819457419cfbb7dfb0eef9555a2ab692df420d7b,224,224,RGB
data/raw/kaggle/extracted/train/armarouge/1745415331.jpg,kaggle/extracted/train/armarouge/1745415331.jpg,train,armarouge,1745415331,f67c838a645f0c60e086d9b00ec302f986354a5cc800b10b7b87a0e8375074ae,224,224,RGB
data/raw/kaggle/extracted/train/armarouge/1745415676.jpg,kaggle/extracted/train/armarouge/1745415676.jpg,train,armarouge,1745415676,e7e031483a22d80a0416dad1103f47e118cd36570e4772238b2b26ee9b0dfd0f,224,224,RGB
data/raw/kaggle/extracted/train/armarouge/1745416165.jpg,kaggle/extracted/train/armarouge/1745416165.jpg,train,armarouge,1745416165,a7587bad8adf8ff61dcc865f253b83b71b276dc0ad76c39967b97b03d6cd7037,224,224,RGB
data/raw/kaggle/extracted/train/armarouge/1745429970.jpg,kaggle/extracted/train/armarouge/1745429970.jpg,train,armarouge,1745429970,37054a35d71c80531d71a7e87ce3c33383fe9a17cfe69c2d121765fc8c164737,224,224,RGB
data/raw/kaggle/extracted/train/armarouge/1745431398.jpg,kaggle/extracted/train/armarouge/1745431398.jpg,train,armarouge,1745431398,cb645516a5944fe92eaa726e6d69e9b6b4a2e57f035d09993e2ffd3490811d84,224,224,RGB
data/raw/kaggle/extracted/train/armarouge/1745510936.jpg,kaggle/extracted/train/armarouge/1745510936.jpg,train,armarouge,1745510936,e1fc0180f7ab0189bde766be6dae0850b5a7a084bc0132901abbc130f78c764e,224,224,RGB
data/raw/kaggle/extracted/train/armarouge/1745528138.jpg,kaggle/extracted/train/armarouge/1745528138.jpg,train,armarouge,1745528138,58928936b338e8af101e9bc34bc925bdf3b6c7d36d3406b6a97a5f4f6c5b7b7d,224,224,RGB
data/raw/kaggle/extracted/train/armarouge/1745536211.jpg,kaggle/extracted/train/armarouge/1745536211.jpg,train,armarouge,1745536211,eac389a18361016e4e1ec2cafab697945a2eb251ff3f3fd20f9cea45584de016,224,224,RGB
data/raw/kaggle/extracted/train/armarouge/1745537578.jpg,kaggle/extracted/train/armarouge/1745537578.jpg,train,armarouge,1745537578,d24de496a08ee4c864810e788d2ada7cba84da496a19a8ca985b47fa9158c26e,224,224,RGB
data/raw/kaggle/extracted/train/armarouge/1745566258.jpg,kaggle/extracted/train/armarouge/1745566258.jpg,train,armarouge,1745566258,d823d0d4c42df0d2699ab2f5f8aa6c98efe3e2cfadbc5153d055032bffa4806c,224,224,RGB
data/raw/kaggle/extracted/train/armarouge/1745595743.jpg,kaggle/extracted/train/armarouge/1745595743.jpg,train,armarouge,1745595743,38adafb29659612edf99a4f2b243c5003cb3e415fc9dea4c8c1eb88488176350,224,224,RGB
data/raw/kaggle/extracted/train/armarouge/1745599127.jpg,kaggle/extracted/train/armarouge/1745599127.jpg,train,armarouge,1745599127,859e6705a21d7c59f360418a424aeb699576eb544ed1c472723f0a9b2d77c9a2,224,224,RGB
data/raw/kaggle/extracted/train/armarouge/1745610877.jpg,kaggle/extracted/train/armarouge/1745610877.jpg,train,armarouge,1745610877,6097a7f9df8b33026afbde32d6aa7941eba649f38c744751dc96f23780acd7c4,224,224,RGB
data/raw/kaggle/extracted/train/armarouge/1745652827.jpg,kaggle/extracted/train/armarouge/1745652827.jpg,train,armarouge,1745652827,e219f56c6e5fdaa679672a61cfabb4824dc1160e6e73493d3a2b3b7371d6cd05,224,224,RGB
data/raw/kaggle/extracted/train/armarouge/1745660595.jpg,kaggle/extracted/train/armarouge/1745660595.jpg,train,armarouge,1745660595,6796c239c76fab78b41f4d92072dca6dfa5dedcc38ea9463cdaa0870a4f0264e,224,224,RGB
data/raw/kaggle/extracted/train/armarouge/1745759552.jpg,kaggle/extracted/train/armarouge/1745759552.jpg,train,armarouge,1745759552,46b57966c1d55684b25b0ff9dbf82328d32119b6bae3f2b3de8cb5725e88ea33,224,224,RGB
data/raw/kaggle/extracted/train/armarouge/1745954852.jpg,kaggle/extracted/train/armarouge/1745954852.jpg,train,armarouge,1745954852,6880fc379448e42b563400d5d7112771d9b8456cd11848dccdb9f3067937d5b8,224,224,RGB
data/raw/kaggle/extracted/train/armarouge/1745957794.jpg,kaggle/extracted/train/armarouge/1745957794.jpg,train,armarouge,1745957794,603d2b9f3fe6a208977d0e63319d5effd62b5fc14f684044b62bc6261e689823,224,224,RGB
data/raw/kaggle/extracted/train/armarouge/1745961810.jpg,kaggle/extracted/train/armarouge/1745961810.jpg,train,armarouge,1745961810,a718702662e0932dda99401511f6b23aaa7503593407f4284191b6010d764632,224,224,RGB
data/raw/kaggle/extracted/train/armarouge/1745962789.jpg,kaggle/extracted/train/armarouge/1745962789.jpg,train,armarouge,1745962789,668c84aa85445b9553a232dc5cfa97737165221f0dbf47f1b24cfca9962080f6,224,224,RGB
data/raw/kaggle/extracted/train/armarouge/1745983115.jpg,kaggle/extracted/train/armarouge/1745983115.jpg,train,armarouge,1745983115,2d4115c940c8796001325faa0c0e3f64e2c808c2a8c2a79e99375e2ede7af8b8,224,224,RGB
data/raw/kaggle/extracted/train/armarouge/1745985984.jpg,kaggle/extracted/train/armarouge/1745985984.jpg,train,armarouge,1745985984,ceb6c307a9e9190f762915566099b261a157941404c300bfdd44b715c13a5ef4,224,224,RGB
data/raw/kaggle/extracted/train/armarouge/1745988719.jpg,kaggle/extracted/train/armarouge/1745988719.jpg,train,armarouge,1745988719,8fc194efcf34dfa793efc489b09ad56146e09606415f5c6351919cafab974e3a,224,224,RGB
data/raw/kaggle/extracted/train/armarouge/1745993990.jpg,kaggle/extracted/train/armarouge/1745993990.jpg,train,armarouge,1745993990,a9e0e8637d0357e46557f7f8a2ade0842aceb8ae1fa787bb84dc853f7e7dbae4,224,224,RGB
data/raw/kaggle/extracted/train/armarouge/1745994815.jpg,kaggle/extracted/train/armarouge/1745994815.jpg,train,armarouge,1745994815,bcc624416b0186d44d5f2b10a20762675180205fc89249a9ebdf75508fbf8c0a,224,224,RGB
data/raw/kaggle/extracted/train/armarouge/1745997993.jpg,kaggle/extracted/train/armarouge/1745997993.jpg,train,armarouge,1745997993,f8de325b0ca8ea82287d9ce5770e14548638c5acf87c7c7a24c139fbcbe21738,224,224,RGB
data/raw/kaggle/extracted/train/armarouge/1746008976.jpg,kaggle/extracted/train/armarouge/1746008976.jpg,train,armarouge,1746008976,98d852cd8f314d355f63a15d2186994b04e55b05427528d102015454be4b170f,224,224,RGB
data/raw/kaggle/extracted/train/armarouge/1746016703.jpg,kaggle/extracted/train/armarouge/1746016703.jpg,train,armarouge,1746016703,a8510dfbdfd3026a7a2cb1cb0c8cc2e6a015aeb8db601e263f3aae6bb8988fe1,224,224,RGB
data/raw/kaggle/extracted/train/armarouge/1746017748.jpg,kaggle/extracted/train/armarouge/1746017748.jpg,train,armarouge,1746017748,986dfd0d99a52ed66ee9ad7ebcbae0e8a443275ec10a17b54610cc0c69dc8189,224,224,RGB
data/raw/kaggle/extracted/train/armarouge/1746022263.jpg,kaggle/extracted/train/armarouge/1746022263.jpg,train,armarouge,1746022263,d9a6b9607b9b9cd3662f89965e3ef900be8890fb8362dc62327b138d0480654c,224,224,RGB
data/raw/kaggle/extracted/train/armarouge/1746039935.jpg,kaggle/extracted/train/armarouge/1746039935.jpg,train,armarouge,1746039935,c1adceeda85254fefd409eb738ec6a6dfa1a4591ee37f0e91a63e7ad8f2140fd,224,224,RGB
data/raw/kaggle/extracted/train/armarouge/1746045823.jpg,kaggle/extracted/train/armarouge/1746045823.jpg,train,armarouge,1746045823,e659d83dedee5dc82b7cfc493a5e2feddfcb3e03c41125ccdeb2f91af4c060dc,224,224,RGB
data/raw/kaggle/extracted/train/armarouge/1746116399.jpg,kaggle/extracted/train/armarouge/1746116399.jpg,train,armarouge,1746116399,4bd160d60a713f2b7f2ee6c4e6b82a41c524c91616cf2414bd1cdc7919686b60,224,224,RGB
data/raw/kaggle/extracted/train/armarouge/1746116828.jpg,kaggle/extracted/train/armarouge/1746116828.jpg,train,armarouge,1746116828,29980ff10da25b4ceeb3f4aea492e9deae80e980c9044188c220173edf4b5a35,224,224,RGB
data/raw/kaggle/extracted/train/armarouge/1746119047.jpg,kaggle/extracted/train/armarouge/1746119047.jpg,train,armarouge,1746119047,ad097edbfd291c179b2a53a53a8bf8033dc71d82f71281ed244dd76a199b28e6,224,224,RGB
data/raw/kaggle/extracted/train/armarouge/1746124717.jpg,kaggle/extracted/train/armarouge/1746124717.jpg,train,armarouge,1746124717,74ecf8e9a712ff8627c9c9be03cc123ebf727e1448e3e7dc67cb9ac7b7a47ca1,224,224,RGB
data/raw/kaggle/extracted/train/armarouge/1746126158.jpg,kaggle/extracted/train/armarouge/1746126158.jpg,train,armarouge,1746126158,f1a9be71d50df715a17d4de9b747072ff659ee518f727d079c61cdf202753213,224,224,RGB
data/raw/kaggle/extracted/train/armarouge/1746126561.jpg,kaggle/extracted/train/armarouge/1746126561.jpg,train,armarouge,1746126561,65b5daa6b0f232e640546a9890abcb0d969548e2e6f99d2bb00bb98e9365486d,224,224,RGB
data/raw/kaggle/extracted/train/armarouge/1746127477.jpg,kaggle/extracted/train/armarouge/1746127477.jpg,train,armarouge,1746127477,a8dba914327a4cd9fb8ff1ba1e67262e5523410ca1c75c37ef4bbeaf66a8b352,224,224,RGB
data/raw/kaggle/extracted/train/armarouge/1746232336.jpg,kaggle/extracted/train/armarouge/1746232336.jpg,train,armarouge,1746232336,aee34f00747c3362b8f27edb466192fdc831eb9e4767d3bd8bbff4cc1e3c5aef,224,224,RGB
data/raw/kaggle/extracted/train/armarouge/1746255334.jpg,kaggle/extracted/train/armarouge/1746255334.jpg,train,armarouge,1746255334,1d2891287e6ac1cdf60c5e0b4b78c9cf93bb4096b0f8d0d5de04f70137f2484f,224,224,RGB
data/raw/kaggle/extracted/train/armarouge/1746255454.jpg,kaggle/extracted/train/armarouge/1746255454.jpg,train,armarouge,1746255454,83d7bc031b3121961ec420011526f9c1442c5a5a8aedd8dae49ec038b37872eb,224,224,RGB
data/raw/kaggle/extracted/train/armarouge/1746341790.jpg,kaggle/extracted/train/armarouge/1746341790.jpg,train,armarouge,1746341790,4179e5e5699a4c7994862ecd1a60542f2421a758b5c56f411b653dc380090942,224,224,RGB
data/raw/kaggle/extracted/train/armarouge/1746344174.jpg,kaggle/extracted/train/armarouge/1746344174.jpg,train,armarouge,1746344174,03e58d9152265b3401cde9bb5359efcdc637e9caeb9dba57b6ba14231370cff6,224,224,RGB
data/raw/kaggle/extracted/train/armarouge/1746344582.jpg,kaggle/extracted/train/armarouge/1746344582.jpg,train,armarouge,1746344582,c24e28ae1fc7beb18a94999d905ac1e09359163c49c2a1187afd4963df3b9068,224,224,RGB
data/raw/kaggle/extracted/train/armarouge/1746427293.jpg,kaggle/extracted/train/armarouge/1746427293.jpg,train,armarouge,1746427293,30cb7aca391f030abc067184cc3e44f46bc0a3ec77059ca064a6e94d92291aad,224,224,RGB
data/raw/kaggle/extracted/train/armarouge/1746431315.jpg,kaggle/extracted/train/armarouge/1746431315.jpg,train,armarouge,1746431315,95aa2692fe5cdd8ba535a04ce1b020a046c8fdeb90daaaaf4995571ae857ba20,224,224,RGB
data/raw/kaggle/extracted/train/armarouge/1746432354.jpg,kaggle/extracted/train/armarouge/1746432354.jpg,train,armarouge,1746432354,0c43242b24038e79ad9f3e636d0c42141c6c755ee903da6409cbc89c8aad4235,224,224,RGB
data/raw/kaggle/extracted/train/armarouge/1746439288.jpg,kaggle/extracted/train/armarouge/1746439288.jpg,train,armarouge,1746439288,c059bbd61b3dfbdd7d3a83febd77e5cb8dcedf9db69159809e828cf02a062a12,224,224,RGB
data/raw/kaggle/extracted/train/armarouge/1746439864.jpg,kaggle/extracted/train/armarouge/1746439864.jpg,train,armarouge,1746439864,dba59d05cc04089dd9f8990ff7a4e3e6152f0a9c1cc544a4caa41bde943d20cb,224,224,RGB
data/raw/kaggle/extracted/train/armarouge/1746442697.jpg,kaggle/extracted/train/armarouge/1746442697.jpg,train,armarouge,1746442697,8cf387b0b222a3605338cdc0d14194e210bff87e668d85588097d1f9dc346536,224,224,RGB
data/raw/kaggle/extracted/train/armarouge/1746442712.jpg,kaggle/extracted/train/armarouge/1746442712.jpg,train,armarouge,1746442712,84e871f7b32f7a4fae62defef9d9fe3f230b899b8e8505f0cf5223c089a876b0,224,224,RGB
data/raw/kaggle/extracted/train/armarouge/1746447823.jpg,kaggle/extracted/train/armarouge/1746447823.jpg,train,armarouge,1746447823,0d6fe122c1512d73fce10d6aaee8d7312994222fbbe008b66b2c9ba8f76d3e6c,224,224,RGB
data/raw/kaggle/extracted/train/armarouge/1746464338.jpg,kaggle/extracted/train/armarouge/1746464338.jpg,train,armarouge,1746464338,925bf6fe8f13d9915d5f4c9cd0e8f60f9019f615db958886ab6a8194b3fa7b1f,224,224,RGB
data/raw/kaggle/extracted/train/armarouge/1746464485.jpg,kaggle/extracted/train/armarouge/1746464485.jpg,train,armarouge,1746464485,e7101476c3236d090739ddfe73368de604bf50c20ced12dd891f8886073f74a6,224,224,RGB
data/raw/kaggle/extracted/train/armarouge/1746465199.jpg,kaggle/extracted/train/armarouge/1746465199.jpg,train,armarouge,1746465199,344e8a6872280ce5f86d156c5935610f3992ad22fabf4fa0c72c3f7cb6e4f567,224,224,RGB
data/raw/kaggle/extracted/train/armarouge/1746465702.jpg,kaggle/extracted/train/armarouge/1746465702.jpg,train,armarouge,1746465702,11776bdba4e8aa6f902d1b3d07ea06f3311a282abd9f5e1e35323686f5b8a7b6,224,224,RGB
data/raw/kaggle/extracted/train/armarouge/1746467829.jpg,kaggle/extracted/train/armarouge/1746467829.jpg,train,armarouge,1746467829,5a9f18b0ed3b0af6967d89f026d543db386f24f9744e543e660457f11a94f810,224,224,RGB
data/raw/kaggle/extracted/train/armarouge/1746475065.jpg,kaggle/extracted/train/armarouge/1746475065.jpg,train,armarouge,1746475065,81a7d921dedfc8cee04399401ce45ee33136422ada1bbcf8ac524d128e81a706,224,224,RGB
data/raw/kaggle/extracted/train/armarouge/1746476075.jpg,kaggle/extracted/train/armarouge/1746476075.jpg,train,armarouge,1746476075,63ed04c18673676573fd49b0dc4750732a5f710d6bab08a781c7aee4ef5997dc,224,224,RGB
data/raw/kaggle/extracted/train/armarouge/1746481104.jpg,kaggle/extracted/train/armarouge/1746481104.jpg,train,armarouge,1746481104,051834a311e87036634b350ff5ecba29bf8b9a83038cdf9e455e16db87bfd656,224,224,RGB
data/raw/kaggle/extracted/train/armarouge/1746481401.jpg,kaggle/extracted/train/armarouge/1746481401.jpg,train,armarouge,1746481401,66232103cb0b813ce63f1730c5975825727184d527693a725e21e7872f770beb,224,224,RGB
data/raw/kaggle/extracted/train/armarouge/1746482162.jpg,kaggle/extracted/train/armarouge/1746482162.jpg,train,armarouge,1746482162,0e14e509b2a68dd563ec823f7cd28cd200def7243c135ff6529e877863e75547,224,224,RGB
data/raw/kaggle/extracted/train/armarouge/1746485069.jpg,kaggle/extracted/train/armarouge/1746485069.jpg,train,armarouge,1746485069,88c75d776ddcbf7ed9515dd57435079383822cd7f4746ef4c00e0320e1021821,224,224,RGB
data/raw/kaggle/extracted/train/armarouge/1746485535.jpg,kaggle/extracted/train/armarouge/1746485535.jpg,train,armarouge,1746485535,3447f083daeae2d8a9e5376f220fc27865d8800186af31fd605d8ede01bc5b73,224,224,RGB
data/raw/kaggle/extracted/train/armarouge/1746523033.jpg,kaggle/extracted/train/armarouge/1746523033.jpg,train,armarouge,1746523033,a5c38f4552d43601b1c722ca28ed6291204725884c63679e83361dd0aefd3d91,224,224,RGB
data/raw/kaggle/extracted/train/armarouge/1746526461.jpg,kaggle/extracted/train/armarouge/1746526461.jpg,train,armarouge,1746526461,564abb62f436e9035fd3e29387571e33a0e3b64eadc04887186d2b459f346be4,224,224,RGB
data/raw/kaggle/extracted/train/armarouge/1746527952.jpg,kaggle/extracted/train/armarouge/1746527952.jpg,train,armarouge,1746527952,2dfdaba40bd42b2450f0485947e40b71196b878cf95f3623204cf1c66ffe97a6,224,224,RGB
data/raw/kaggle/extracted/train/aromatisse/1745500276.jpg,kaggle/extracted/train/aromatisse/1745500276.jpg,train,aromatisse,1745500276,eee76f25051b09645c417ba39d13cc246c554dac6a58f54e47dcead95b1ba968,224,224,RGB
data/raw/kaggle/extracted/train/aromatisse/1745500333.jpg,kaggle/extracted/train/aromatisse/1745500333.jpg,train,aromatisse,1745500333,351ffdaec75c402c58bade79a35151b552a0eaaed99c0ab2e6ec40325c2c8d3a,224,224,RGB
data/raw/kaggle/extracted/train/aromatisse/1745505177.jpg,kaggle/extracted/train/aromatisse/1745505177.jpg,train,aromatisse,1745505177,0d3c25e8b770e5f712ccd77fe327c5c6337045d1bd4c2f9ae27b0c14b205d947,224,224,RGB
data/raw/kaggle/extracted/train/aromatisse/1745540157.jpg,kaggle/extracted/train/aromatisse/1745540157.jpg,train,aromatisse,1745540157,ae94a6fde22f8c03af9dcbc77c3121bbb4d5c3bb82b85172bfa1dfa2a4b48fa6,224,224,RGB
data/raw/kaggle/extracted/train/aromatisse/1745668681.jpg,kaggle/extracted/train/aromatisse/1745668681.jpg,train,aromatisse,1745668681,d748f8dd12e0e469af1043476b4ee0c36c51b1ea68cc07d9afd38ec86cdd116a,224,224,RGB
data/raw/kaggle/extracted/train/aromatisse/1745668681_hflip.jpg,kaggle/extracted/train/aromatisse/1745668681_hflip.jpg,train,aromatisse,1745668681,01417a10c579a67f3f9274b1188843a99eacc02c36b0eff316ae1b654feead1b,224,224,RGB
data/raw/kaggle/extracted/train/aromatisse/1745773574.jpg,kaggle/extracted/train/aromatisse/1745773574.jpg,train,aromatisse,1745773574,8f53b216e7aee7ed243107f3226e244124b5c8fb8376db5dc4d9a7dc5a3bfe63,224,224,RGB
data/raw/kaggle/extracted/train/aromatisse/1745989829.jpg,kaggle/extracted/train/aromatisse/1745989829.jpg,train,aromatisse,1745989829,c9a95996064b992f7d764d918a804e16023e3b025e9cbcb05a945f2737af3894,224,224,RGB
data/raw/kaggle/extracted/train/aromatisse/1745999690.jpg,kaggle/extracted/train/aromatisse/1745999690.jpg,train,aromatisse,1745999690,82188a88bae93ad761e40f645d7e42e6bd3852df1f1f9747fed4e3bfe16dc44f,224,224,RGB
data/raw/kaggle/extracted/train/aromatisse/1746015592.jpg,kaggle/extracted/train/aromatisse/1746015592.jpg,train,aromatisse,1746015592,52e59351ea17429c855f317952f48aee5be10aea60c56ccf1f896877c15f490b,224,224,RGB
data/raw/kaggle/extracted/train/aromatisse/1746029660.jpg,kaggle/extracted/train/aromatisse/1746029660.jpg,train,aromatisse,1746029660,b626e89b163720c1989d68db7a9d75f42968546632697a18d209a267d5033f00,224,224,RGB
data/raw/kaggle/extracted/train/aromatisse/1746114485.jpg,kaggle/extracted/train/aromatisse/1746114485.jpg,train,aromatisse,1746114485,74c277c7840002ffda9469f42080e4961a822eaa918aec4ba36084efb7be7b51,224,224,RGB
data/raw/kaggle/extracted/train/aromatisse/1746145897.jpg,kaggle/extracted/train/aromatisse/1746145897.jpg,train,aromatisse,1746145897,e27c56e9c389417e5cbc5c0d33088fa8953608421364adeb018b3e4a752cddc1,224,224,RGB
data/raw/kaggle/extracted/train/aromatisse/1746220289.jpg,kaggle/extracted/train/aromatisse/1746220289.jpg,train,aromatisse,1746220289,3cbbf0f790c2d609c924806e8d69deef7fb7011efcbd76b4ee87839a276cc15b,224,224,RGB
data/raw/kaggle/extracted/train/aromatisse/1746253417.jpg,kaggle/extracted/train/aromatisse/1746253417.jpg,train,aromatisse,1746253417,ab8fe15d6f4bec2651fa75ae722f7ad39039bc1bd4b4c8c0c3435409ec64e597,224,224,RGB
data/raw/kaggle/extracted/train/aromatisse/1746384363.jpg,kaggle/extracted/train/aromatisse/1746384363.jpg,train,aromatisse,1746384363,943922c4ec07af0d036ca3014c5eee76290661bc1c125e78b67b121f2e2ed4ce,224,224,RGB
data/raw/kaggle/extracted/train/aromatisse/1746484062.jpg,kaggle/extracted/train/aromatisse/1746484062.jpg,train,aromatisse,1746484062,dcb7d6b7e855d4c476057e10d2fa582ddc74bd5c0ff74418730da0194b233cf1,224,224,RGB
data/raw/kaggle/extracted/train/aromatisse/1746525553.jpg,kaggle/extracted/train/aromatisse/1746525553.jpg,train,aromatisse,1746525553,5610d2095af569f3f8ce6efc0e344e12773566d16a4ee8a314fc2fab202c3273,224,224,RGB
data/raw/kaggle/extracted/train/aromatisse/1746529636.jpg,kaggle/extracted/train/aromatisse/1746529636.jpg,train,aromatisse,1746529636,9adb8c24e6e74b4c7fc58c5144e004bfabf1e1fdc422e8452ffc214a435b578a,224,224,RGB
data/raw/kaggle/extracted/train/aromatisse/1746547998.jpg,kaggle/extracted/train/aromatisse/1746547998.jpg,train,aromatisse,1746547998,ac53b9d30111b74c0aaeac833f812aa571aa980e341b1859d9aa152e8a5d4cfd,224,224,RGB
data/raw/kaggle/extracted/train/aromatisse/1746970989.jpg,kaggle/extracted/train/aromatisse/1746970989.jpg,train,aromatisse,1746970989,6b5d5eb08055b8e2d876c55aabe5023085b3692ffada6cf4df61f7b10b41d74f,224,224,RGB
data/raw/kaggle/extracted/train/aron/1745383712.jpg,kaggle/extracted/train/aron/1745383712.jpg,train,aron,1745383712,28ca35ddd0fb0e32aab392b5dab2d6acfe93cde419eaf887d734d0ffb8e6c525,224,224,RGB
data/raw/kaggle/extracted/train/aron/1745384598.jpg,kaggle/extracted/train/aron/1745384598.jpg,train,aron,1745384598,5d258d5fe33844d68ec4e7a627d5d0682aa4f8bfc2d6992ade164bbec2945a80,224,224,RGB
data/raw/kaggle/extracted/train/aron/1745387654.jpg,kaggle/extracted/train/aron/1745387654.jpg,train,aron,1745387654,45629f2129ec2a7ac596ffcf55691c52aa4d0706589965c042b56c9a330c3811,224,224,RGB
data/raw/kaggle/extracted/train/aron/1745389300.jpg,kaggle/extracted/train/aron/1745389300.jpg,train,aron,1745389300,55fdf8632702e09cba297fb8df2e676173960b3290fdae61d1cdee2d1ec20e37,224,224,RGB
data/raw/kaggle/extracted/train/aron/1745406379.jpg,kaggle/extracted/train/aron/1745406379.jpg,train,aron,1745406379,933cb20379bee3b9e74f3812caeed636779641f033d3f11f0f3126310c1015a4,224,224,RGB
data/raw/kaggle/extracted/train/aron/1745407178.jpg,kaggle/extracted/train/aron/1745407178.jpg,train,aron,1745407178,d395adb0bbbc96b958431c40ce964099d540680e4ca9b816f9f895edc30657b7,224,224,RGB
data/raw/kaggle/extracted/train/aron/1745414946.jpg,kaggle/extracted/train/aron/1745414946.jpg,train,aron,1745414946,010809a86821dfecf1c1f259312446a5a797ca1b441e8b31c9c652c66b061dc6,224,224,RGB
data/raw/kaggle/extracted/train/aron/1745415419.jpg,kaggle/extracted/train/aron/1745415419.jpg,train,aron,1745415419,b140e030b7f5451b770b0764e78677ae9924dc41fd774f413fa7db831ec2d121,224,224,RGB
data/raw/kaggle/extracted/train/aron/1745419927.jpg,kaggle/extracted/train/aron/1745419927.jpg,train,aron,1745419927,6001934cc6e5402b1e3c5474073e099925b56c8e3011e5f481689dae152ed1f5,224,224,RGB
data/raw/kaggle/extracted/train/aron/1745425077.jpg,kaggle/extracted/train/aron/1745425077.jpg,train,aron,1745425077,8057a53a633effcd89cb5f24c9b1fbe75f9e2476f537e21b25504f79be303c61,224,224,RGB
data/raw/kaggle/extracted/train/aron/1745433440.jpg,kaggle/extracted/train/aron/1745433440.jpg,train,aron,1745433440,3e0b1b50bc023ece5d80a100db21ff64831ecc997732ddd56e07f196f6b9c7d9,224,224,RGB
data/raw/kaggle/extracted/train/aron/1745433658.jpg,kaggle/extracted/train/aron/1745433658.jpg,train,aron,1745433658,2e86618027b3f48aa7764491030c2cb2a162d703705cd84dafb19acc9bbed80b,224,224,RGB
data/raw/kaggle/extracted/train/aron/1745436458.jpg,kaggle/extracted/train/aron/1745436458.jpg,train,aron,1745436458,d11da96658dfb6d01d807de4e61c2b95cb6096e9d24461dfc74a8a473066a07a,224,224,RGB
data/raw/kaggle/extracted/train/aron/1745436737.jpg,kaggle/extracted/train/aron/1745436737.jpg,train,aron,1745436737,bc3393f68d9a3e5c5d2d26397a9085cbbf84dde37202e43ff7afdc17434b6bfe,224,224,RGB
data/raw/kaggle/extracted/train/aron/1745437056.jpg,kaggle/extracted/train/aron/1745437056.jpg,train,aron,1745437056,8427797db02fee5878ec822b1a917f792a7c246e929ab42636bc757cfe384099,224,224,RGB
data/raw/kaggle/extracted/train/aron/1745439438.jpg,kaggle/extracted/train/aron/1745439438.jpg,train,aron,1745439438,a7402b87a6da90c0101c78804b01dafa6ed57e9c0da8934bc3a79c67550a4ee3,224,224,RGB
data/raw/kaggle/extracted/train/aron/1745494676.jpg,kaggle/extracted/train/aron/1745494676.jpg,train,aron,1745494676,e1954b78381822cd8551195b3a5d30654273ba4e0d6ec8bfc3516ebaf898b7ed,224,224,RGB
data/raw/kaggle/extracted/train/aron/1745497795.jpg,kaggle/extracted/train/aron/1745497795.jpg,train,aron,1745497795,e90e73acd5aa582af45b2665e993295f1fbf52af93cfe2bbd6088bf70623129d,224,224,RGB
data/raw/kaggle/extracted/train/aron/1745498233.jpg,kaggle/extracted/train/aron/1745498233.jpg,train,aron,1745498233,bdb677e2c608e01c709c8340efaa86ef63add31f06b41196e1a2139ea225467b,224,224,RGB
data/raw/kaggle/extracted/train/aron/1745501375.jpg,kaggle/extracted/train/aron/1745501375.jpg,train,aron,1745501375,214168de423a71f2d67c9c65c00c5b96db6c160b4b04d6ccd8b73aa658b78851,224,224,RGB
data/raw/kaggle/extracted/train/aron/1745508258.jpg,kaggle/extracted/train/aron/1745508258.jpg,train,aron,1745508258,70c74d0e18d11552819102956946bc1c35052ce181b5109ffb2a7030fcf3dba2,224,224,RGB
data/raw/kaggle/extracted/train/aron/1745509619.jpg,kaggle/extracted/train/aron/1745509619.jpg,train,aron,1745509619,55f7b4e9001408084b0a09f9bdc889c475913478aeb1b7a961c7b8b0397c5876,224,224,RGB
data/raw/kaggle/extracted/train/aron/1745510375.jpg,kaggle/extracted/train/aron/1745510375.jpg,train,aron,1745510375,4ef9be50c9933edeab66a6a560e46fdfb5ba9cecf63ca565c37d884391a683ab,224,224,RGB
data/raw/kaggle/extracted/train/aron/1745525355.jpg,kaggle/extracted/train/aron/1745525355.jpg,train,aron,1745525355,395b1bcbdf5f43d6aed03951da07481dfccfebafa6642b5258a1b1d3933308c2,224,224,RGB
data/raw/kaggle/extracted/train/aron/1745525957.jpg,kaggle/extracted/train/aron/1745525957.jpg,train,aron,1745525957,7d270c97998d42df149f861abbaa21c4d3ac200745f0fca6aea52161f0334ab1,224,224,RGB
data/raw/kaggle/extracted/train/aron/1745526115.jpg,kaggle/extracted/train/aron/1745526115.jpg,train,aron,1745526115,2987d8b3020916cfa92fbdfbd9129c063745caa6c4a57f00fd6a7a12d2be2548,224,224,RGB
data/raw/kaggle/extracted/train/aron/1745527477.jpg,kaggle/extracted/train/aron/1745527477.jpg,train,aron,1745527477,02288b21cfe58dbe65fa99287ae8661bba4fd4093e78472b4301a532d6cc5efd,224,224,RGB
data/raw/kaggle/extracted/train/aron/1745529551.jpg,kaggle/extracted/train/aron/1745529551.jpg,train,aron,1745529551,3bdd6077dcfbebc44a8af40c9914976e5f912913938eda3cc40135c619aa5155,224,224,RGB
data/raw/kaggle/extracted/train/aron/1745532198.jpg,kaggle/extracted/train/aron/1745532198.jpg,train,aron,1745532198,3d52155967aa5d2b4aa38e8723e3538bada4a03d34e8f933eea06df2f0a06c4a,224,224,RGB
data/raw/kaggle/extracted/train/aron/1745533190.jpg,kaggle/extracted/train/aron/1745533190.jpg,train,aron,1745533190,39837799d0ae529808c149599b2e1340550144cc0a5035f421149414f4806355,224,224,RGB
data/raw/kaggle/extracted/train/aron/1745533655.jpg,kaggle/extracted/train/aron/1745533655.jpg,train,aron,1745533655,aefdc6cf5d1a4c8a223adadf38e3387b4d12cbaa1087cab4d72227184ffe441d,224,224,RGB
data/raw/kaggle/extracted/train/aron/1745534518.jpg,kaggle/extracted/train/aron/1745534518.jpg,train,aron,1745534518,dc486f8901c7652fb1f16f13ecf783ac4f9c9c0066aa6663034055d73128334e,224,224,RGB
data/raw/kaggle/extracted/train/aron/1745535732.jpg,kaggle/extracted/train/aron/1745535732.jpg,train,aron,1745535732,204c05412deca8607efa0f061b23735c73bf6acc5cb3be3b75f2e5b42ce0302b,224,224,RGB
data/raw/kaggle/extracted/train/aron/1745536195.jpg,kaggle/extracted/train/aron/1745536195.jpg,train,aron,1745536195,bdc13d9332781e1f07ffd5729796e8d0dfd39c20fc87637e1f4043536e78627d,224,224,RGB
data/raw/kaggle/extracted/train/aron/1745536456.jpg,kaggle/extracted/train/aron/1745536456.jpg,train,aron,1745536456,7d804a16cf1081356c1f166a3fb4e2cfd67885e69d9a030e1411015208b8eecb,224,224,RGB
data/raw/kaggle/extracted/train/aron/1745536977.jpg,kaggle/extracted/train/aron/1745536977.jpg,train,aron,1745536977,41cd1fc064eddb328903cda1c09c547393177ff162aae22a064e4a9acf5d286f,224,224,RGB
data/raw/kaggle/extracted/train/aron/1745538208.jpg,kaggle/extracted/train/aron/1745538208.jpg,train,aron,1745538208,3594ab032a7491cd52b76c54666b573c5a7ce7452eeda069d41b28a34b39f2c8,224,224,RGB
data/raw/kaggle/extracted/train/aron/1745559158.jpg,kaggle/extracted/train/aron/1745559158.jpg,train,aron,1745559158,4e0ca7b5acc3953667fdd69ff2f812c7e72aabe9e8dc012c111c411beea54d99,224,224,RGB
data/raw/kaggle/extracted/train/aron/1745563517.jpg,kaggle/extracted/train/aron/1745563517.jpg,train,aron,1745563517,e15975903003cf8de7243395a9435dd45d4cef8372da50e767e5889fba2e9f80,224,224,RGB
data/raw/kaggle/extracted/train/aron/1745564775.jpg,kaggle/extracted/train/aron/1745564775.jpg,train,aron,1745564775,5f932af050eb2a272db316169837d652140eeb019702d63a2a12027570131d62,224,224,RGB
data/raw/kaggle/extracted/train/aron/1745565781.jpg,kaggle/extracted/train/aron/1745565781.jpg,train,aron,1745565781,9a4eb5c577f7c41801829d070349cac9e18fca101a639419d4049bb0c5694519,224,224,RGB
data/raw/kaggle/extracted/train/aron/1745565988.jpg,kaggle/extracted/train/aron/1745565988.jpg,train,aron,1745565988,7b3e1a3f4d12c49a0a0faedebe209f28aa7269f91e7eb2c8d1b344513b6f17a5,224,224,RGB
data/raw/kaggle/extracted/train/aron/1745568128.jpg,kaggle/extracted/train/aron/1745568128.jpg,train,aron,1745568128,e0b0e9be261fec378ce5167867d697bb8b55112e5669ea29cadeb43e2d0a2d70,224,224,RGB
data/raw/kaggle/extracted/train/aron/1745569017.jpg,kaggle/extracted/train/aron/1745569017.jpg,train,aron,1745569017,b126552d310f17d941a05eff62c4c1aed133ce87359ba2c9ec4fd55a7efc4a5e,224,224,RGB
data/raw/kaggle/extracted/train/aron/1745569517.jpg,kaggle/extracted/train/aron/1745569517.jpg,train,aron,1745569517,93cdecbb4dfefc13d65441abe5178deec58ad33892931c2d2b6f3df7238c81f2,224,224,RGB
data/raw/kaggle/extracted/train/aron/1745569759.jpg,kaggle/extracted/train/aron/1745569759.jpg,train,aron,1745569759,387e132ee51d4213326f445b5121072c16113ccfe2e424b4663fa8a6a4551a10,224,224,RGB
data/raw/kaggle/extracted/train/aron/1745570077.jpg,kaggle/extracted/train/aron/1745570077.jpg,train,aron,1745570077,1c72ac8f047b1b2f4e793e05ff76040ca650ba6b1646f628fff9c3cc16772af6,224,224,RGB
data/raw/kaggle/extracted/train/aron/1745571791.jpg,kaggle/extracted/train/aron/1745571791.jpg,train,aron,1745571791,f18ceb3d055d8af0b721eb47995f3a59decc074c3999c376dd150987042be1e7,224,224,RGB
data/raw/kaggle/extracted/train/aron/1745572260.jpg,kaggle/extracted/train/aron/1745572260.jpg,train,aron,1745572260,cce456830c69cf936607f0c03c7ba9f45c0c3b2a69481ef1953e8b5faa81ebfe,224,224,RGB
data/raw/kaggle/extracted/train/aron/1745587216.jpg,kaggle/extracted/train/aron/1745587216.jpg,train,aron,1745587216,7735aeabc8cd10698eb2184c25f321812bd5c2bf5b392dca5e9b10e9bacc58f4,224,224,RGB
data/raw/kaggle/extracted/train/aron/1745587733.jpg,kaggle/extracted/train/aron/1745587733.jpg,train,aron,1745587733,326a0a97b2a8a11f2fb2f028d850a1a434d98204954596066837d32f539782a8,224,224,RGB
data/raw/kaggle/extracted/train/aron/1745590074.jpg,kaggle/extracted/train/aron/1745590074.jpg,train,aron,1745590074,452f4fe778754f7f29a998e2d1f1edf6793bfc2d15b1ea4815cf480a13306229,224,224,RGB
data/raw/kaggle/extracted/train/aron/1745592094.jpg,kaggle/extracted/train/aron/1745592094.jpg,train,aron,1745592094,39f3bd148a4ad18245fe220459f57f1dc376ea47ea08e4b8fd0790f985397078,224,224,RGB
data/raw/kaggle/extracted/train/aron/1745592102.jpg,kaggle/extracted/train/aron/1745592102.jpg,train,aron,1745592102,7687c98d47b964344a4f4ddbb99bf80354547630ef0a689c6b01817ab0f56c80,224,224,RGB
data/raw/kaggle/extracted/train/aron/1745592393.jpg,kaggle/extracted/train/aron/1745592393.jpg,train,aron,1745592393,dc1a6bc9a06ba7bb0a71aeff71f1b358c568374994716fa46fb686885bf87fae,224,224,RGB
data/raw/kaggle/extracted/train/aron/1745594477.jpg,kaggle/extracted/train/aron/1745594477.jpg,train,aron,1745594477,dd8b476c15071b30901c05ee5327c5a88f8334b60f8d59b66b4ebcd7a5c1e4e7,224,224,RGB
data/raw/kaggle/extracted/train/aron/1745595734.jpg,kaggle/extracted/train/aron/1745595734.jpg,train,aron,1745595734,44a4f6013d6ca74066fc7d5d3210aba5c740617b52cf91d540a6b2c328a90537,224,224,RGB
data/raw/kaggle/extracted/train/aron/1745595830.jpg,kaggle/extracted/train/aron/1745595830.jpg,train,aron,1745595830,134c6ea1809517d9bdf328e4a2e567d16433b385921b8c4c3711ebfdd5886d15,224,224,RGB
data/raw/kaggle/extracted/train/aron/1745595970.jpg,kaggle/extracted/train/aron/1745595970.jpg,train,aron,1745595970,5badbd20be2979ea994b6d722739218a45f7ebe033f922264f0fe966053a1699,224,224,RGB
data/raw/kaggle/extracted/train/aron/1745596197.jpg,kaggle/extracted/train/aron/1745596197.jpg,train,aron,1745596197,fff255cd88c522492910614d897d5ca1328833fbfd5ef6fbb9084fb61c306607,224,224,RGB
data/raw/kaggle/extracted/train/aron/1745596518.jpg,kaggle/extracted/train/aron/1745596518.jpg,train,aron,1745596518,30efa2b5c02d03a48c98630bc4f8f1fa9455c980c8e034d26ab08feb6b69fab4,224,224,RGB
data/raw/kaggle/extracted/train/aron/1745596817.jpg,kaggle/extracted/train/aron/1745596817.jpg,train,aron,1745596817,d6309a313b70901c9194461e6f3ed0853df224a427804ddef04249d4b0c72587,224,224,RGB
data/raw/kaggle/extracted/train/aron/1745597010.jpg,kaggle/extracted/train/aron/1745597010.jpg,train,aron,1745597010,2887dbe784c3de9df0c8033822345d4f01991a9267e59bc7df586ffad2f84e8c,224,224,RGB
data/raw/kaggle/extracted/train/aron/1745598450.jpg,kaggle/extracted/train/aron/1745598450.jpg,train,aron,1745598450,8e03233c26d571dafd8a0d7eaebf62c2c353ff7d13fa540d73d5df9c5b64fe72,224,224,RGB
data/raw/kaggle/extracted/train/aron/1745598909.jpg,kaggle/extracted/train/aron/1745598909.jpg,train,aron,1745598909,fb360329bf9eba46128a28d8b4708d0871bd21878f060995f36cb0c306405e52,224,224,RGB
data/raw/kaggle/extracted/train/aron/1745601228.jpg,kaggle/extracted/train/aron/1745601228.jpg,train,aron,1745601228,f265f7823c551297c6995d44dd8b9c2030ae86d83bdae75e55141b1ca917fa5a,224,224,RGB
data/raw/kaggle/extracted/train/aron/1745606503.jpg,kaggle/extracted/train/aron/1745606503.jpg,train,aron,1745606503,13f60949b3782a96ace7c5cc1800b2e76cb7509caff1ee882e10bf606297671e,224,224,RGB
data/raw/kaggle/extracted/train/aron/1745610048.jpg,kaggle/extracted/train/aron/1745610048.jpg,train,aron,1745610048,7cd413e52af09917e2a2952762b69b2a847e8741bf04bc74730a855d15bf52b9,224,224,RGB
data/raw/kaggle/extracted/train/aron/1745611211.jpg,kaggle/extracted/train/aron/1745611211.jpg,train,aron,1745611211,70832f3d248516e8c5f5293a4f359baa53da5a47d165c74c221446a45eb92701,224,224,RGB
data/raw/kaggle/extracted/train/aron/1745612309.jpg,kaggle/extracted/train/aron/1745612309.jpg,train,aron,1745612309,81602d75d4bf0391d7c659e4d0ab81a585b6426fd0a50f911bbfd38b06ef3478,224,224,RGB
data/raw/kaggle/extracted/train/aron/1745650301.jpg,kaggle/extracted/train/aron/1745650301.jpg,train,aron,1745650301,c1f4aa0e41a63a21a32e4ff27df0f904af2ef34243ee32dc857de5642aa2fc89,224,224,RGB
data/raw/kaggle/extracted/train/arrokuda/1745384118.jpg,kaggle/extracted/train/arrokuda/1745384118.jpg,train,arrokuda,1745384118,f30354071ff92fa070b88c9069819965d9c436a0ae9e356fd7b0ab5ea0abaf9c,224,224,RGB
data/raw/kaggle/extracted/train/arrokuda/1745407373.jpg,kaggle/extracted/train/arrokuda/1745407373.jpg,train,arrokuda,1745407373,ed8712369c2482ec82ba22e3ad2aca0de186b41333a4c7b6565ee9aeeb4cd8c7,224,224,RGB
data/raw/kaggle/extracted/train/arrokuda/1745411473.jpg,kaggle/extracted/train/arrokuda/1745411473.jpg,train,arrokuda,1745411473,86a948d64a98665845f9e1c0409034efadd2db598f3376b33f924c784514bb64,224,224,RGB
data/raw/kaggle/extracted/train/arrokuda/1745420995.jpg,kaggle/extracted/train/arrokuda/1745420995.jpg,train,arrokuda,1745420995,b6fe3cee5f73a4935d3d1ab63a5ca43b3ebdfb3e44d420202842e68644831491,224,224,RGB
data/raw/kaggle/extracted/train/arrokuda/1745424800.jpg,kaggle/extracted/train/arrokuda/1745424800.jpg,train,arrokuda,1745424800,4226bec2b861463495d77a29edbc86b437c2a5fca6d883cdf5abf0e468637378,224,224,RGB
data/raw/kaggle/extracted/train/arrokuda/1745426233.jpg,kaggle/extracted/train/arrokuda/1745426233.jpg,train,arrokuda,1745426233,d9a8bbbd42174f4afc62c32f10e894d9f1b5b14e9cb24710ee0f42bc32472315,224,224,RGB
data/raw/kaggle/extracted/train/arrokuda/1745430578.jpg,kaggle/extracted/train/arrokuda/1745430578.jpg,train,arrokuda,1745430578,6b7a7e039cf5e9222cacab1b41669e027a8d7e68d8bbf615411927e92a020eb1,224,224,RGB
data/raw/kaggle/extracted/train/arrokuda/1745500923.jpg,kaggle/extracted/train/arrokuda/1745500923.jpg,train,arrokuda,1745500923,088b0c5bfff3fa61cb463c5b380fa50ddaa1d9a0036fe42a75fca4554f527473,224,224,RGB
data/raw/kaggle/extracted/train/arrokuda/1745505899.jpg,kaggle/extracted/train/arrokuda/1745505899.jpg,train,arrokuda,1745505899,f539bcc4a94dcc70a2b31f4058033248d89e2d0fa0e1d3266411bf847468d409,224,224,RGB
data/raw/kaggle/extracted/train/arrokuda/1745528529.jpg,kaggle/extracted/train/arrokuda/1745528529.jpg,train,arrokuda,1745528529,1fcda36ad0dd070712bccf5cd50eb8337277c0f4274f7cb827a52e4bea630b4c,224,224,RGB
data/raw/kaggle/extracted/train/arrokuda/1745529149.jpg,kaggle/extracted/train/arrokuda/1745529149.jpg,train,arrokuda,1745529149,7c8c0c735dd63fe27818d4861ca2edd326caec351afa1447799266351c23521e,224,224,RGB
data/raw/kaggle/extracted/train/arrokuda/1745530832.jpg,kaggle/extracted/train/arrokuda/1745530832.jpg,train,arrokuda,1745530832,d5a960a7f44311746f5e4ac68a1c719d99bdfc8f4ab4ea0ddd7e18cef0741fd9,224,224,RGB
data/raw/kaggle/extracted/train/arrokuda/1745563314.jpg,kaggle/extracted/train/arrokuda/1745563314.jpg,train,arrokuda,1745563314,7be0b06e507f3740cbd93a19f0bab8fdc61c67de09baa5aedfb82b97695fd351,224,224,RGB
data/raw/kaggle/extracted/train/arrokuda/1745566213.jpg,kaggle/extracted/train/arrokuda/1745566213.jpg,train,arrokuda,1745566213,d978303f4bb5311b5cfec7a62557295505825c20b5b7a3dabfecb93a02aba011,224,224,RGB
data/raw/kaggle/extracted/train/arrokuda/1745568495.jpg,kaggle/extracted/train/arrokuda/1745568495.jpg,train,arrokuda,1745568495,c080a2f392cd869de23d974d9d0cb675d93b83525a0e625d65b66b4adc3cae99,224,224,RGB
data/raw/kaggle/extracted/train/arrokuda/1745572952.jpg,kaggle/extracted/train/arrokuda/1745572952.jpg,train,arrokuda,1745572952,9444a3ca64a09b5d4c57126de36179b0e702aee449e727ac6ef415037797b144,224,224,RGB
data/raw/kaggle/extracted/train/arrokuda/1745595296.jpg,kaggle/extracted/train/arrokuda/1745595296.jpg,train,arrokuda,1745595296,092264ce0f2c5e486a615701f36e2a878c46c0d026a9c19a3b26b8c0900adcd8,224,224,RGB
data/raw/kaggle/extracted/train/arrokuda/1745610658.jpg,kaggle/extracted/train/arrokuda/1745610658.jpg,train,arrokuda,1745610658,c31b1272a88aa3b749a1b64f373ecebdb5fdf4935d29dc3cfa8a0b17ad3483a5,224,224,RGB
data/raw/kaggle/extracted/train/arrokuda/1745610761.jpg,kaggle/extracted/train/arrokuda/1745610761.jpg,train,arrokuda,1745610761,5ef69e4e6443f5b279cd58d9eee7f2b0c1ae8781d79cb40b81a66b37a67f16f2,224,224,RGB
data/raw/kaggle/extracted/train/arrokuda/1745657678.jpg,kaggle/extracted/train/arrokuda/1745657678.jpg,train,arrokuda,1745657678,0603cad54491f97483e5e13c0d36fa5fbfc6ecbbcb646422532d0aca5c20e862,224,224,RGB
data/raw/kaggle/extracted/train/arrokuda/1745658419.jpg,kaggle/extracted/train/arrokuda/1745658419.jpg,train,arrokuda,1745658419,fae7af7b7cb24f29671612d545f3b2a97491b189694c64c5b2a0ca6e55c8c00c,224,224,RGB
data/raw/kaggle/extracted/train/arrokuda/1745658509.jpg,kaggle/extracted/train/arrokuda/1745658509.jpg,train,arrokuda,1745658509,bc42546d4dcaffca76555ca794a8fa5589bd2709f82a1921cb4e3e245798cb7a,224,224,RGB
data/raw/kaggle/extracted/train/arrokuda/1745660138.jpg,kaggle/extracted/train/arrokuda/1745660138.jpg,train,arrokuda,1745660138,7b31c087e586c008e3ae25ac06180fe529e8ae113891130d7af31585409c0dad,224,224,RGB
data/raw/kaggle/extracted/train/arrokuda/1745663697.jpg,kaggle/extracted/train/arrokuda/1745663697.jpg,train,arrokuda,1745663697,1ce3eaf80c174dde98423f55f427640796fe0bbfea1828964168b07b7d62335b,224,224,RGB
data/raw/kaggle/extracted/train/arrokuda/1745750449.jpg,kaggle/extracted/train/arrokuda/1745750449.jpg,train,arrokuda,1745750449,35043359d827d339575f02d93932fd5f917d0ddee61388a088f67e5ebb25acdb,224,224,RGB
data/raw/kaggle/extracted/train/arrokuda/1745751256.jpg,kaggle/extracted/train/arrokuda/1745751256.jpg,train,arrokuda,1745751256,665738f40243a91b69a8409aff46b40d5607a9b5061546cb7ea1a749c9edf2df,224,224,RGB
data/raw/kaggle/extracted/train/arrokuda/1745762171.jpg,kaggle/extracted/train/arrokuda/1745762171.jpg,train,arrokuda,1745762171,0ff4df641d0b5bd6edfd9c6026564c5884e09011259bcf1dfa0668f2deb4a028,224,224,RGB
data/raw/kaggle/extracted/train/arrokuda/1745773548.jpg,kaggle/extracted/train/arrokuda/1745773548.jpg,train,arrokuda,1745773548,76729c6a02ff484bb470ecf7c7381bba84d1aa7635eb5d197b4eefeedb553bb2,224,224,RGB
data/raw/kaggle/extracted/train/arrokuda/1745954527.jpg,kaggle/extracted/train/arrokuda/1745954527.jpg,train,arrokuda,1745954527,bf9d72b68f741eec9711a341f9cd9e22656b208916cd9f6580fc53cc1f670780,224,224,RGB
data/raw/kaggle/extracted/train/arrokuda/1745959030.jpg,kaggle/extracted/train/arrokuda/1745959030.jpg,train,arrokuda,1745959030,15102f4a5266e0dc0e9fa2d41858bf901fcd4cf3a46c44d48f2bcefe421e90d2,224,224,RGB
data/raw/kaggle/extracted/train/arrokuda/1745959880.jpg,kaggle/extracted/train/arrokuda/1745959880.jpg,train,arrokuda,1745959880,a1566e88c113ba545c27b8ae96d282ab7ee2ca769f810cc2202adf2720b1bdc1,224,224,RGB
data/raw/kaggle/extracted/train/arrokuda/1745960010.jpg,kaggle/extracted/train/arrokuda/1745960010.jpg,train,arrokuda,1745960010,443bda3a143289e6e8cd584517b6854d20ec76fc91bd83108143aeb7d0faf243,224,224,RGB
data/raw/kaggle/extracted/train/arrokuda/1745968386.jpg,kaggle/extracted/train/arrokuda/1745968386.jpg,train,arrokuda,1745968386,2976d9a3659979e73825a80a407d1c4dbd047ef1814949918edde6fb6705d35b,224,224,RGB
data/raw/kaggle/extracted/train/arrokuda/1745985549.jpg,kaggle/extracted/train/arrokuda/1745985549.jpg,train,arrokuda,1745985549,c722eec4fab08909d74acf01589b5a9ade966c474c817e0f6b97418650cac6ac,224,224,RGB
data/raw/kaggle/extracted/train/arrokuda/1745989608.jpg,kaggle/extracted/train/arrokuda/1745989608.jpg,train,arrokuda,1745989608,d39e5fa3449582a5f24e050ec95de686b5e11203d4f1342cbe6ea872f455abcf,224,224,RGB
data/raw/kaggle/extracted/train/arrokuda/1745992251.jpg,kaggle/extracted/train/arrokuda/1745992251.jpg,train,arrokuda,1745992251,eb0ef0c5bede8f59704c164b975310e74823530169fcf5f7a8507963a29ef08e,224,224,RGB
data/raw/kaggle/extracted/train/arrokuda/1745992430.jpg,kaggle/extracted/train/arrokuda/1745992430.jpg,train,arrokuda,1745992430,0b7a92111e21beeec07735b9bb262314b83fcdd8f625fde2ec5a2060469a3ae3,224,224,RGB
data/raw/kaggle/extracted/train/arrokuda/1745992630.jpg,kaggle/extracted/train/arrokuda/1745992630.jpg,train,arrokuda,1745992630,526ee2dce8ac7a88e741e6efca362d7e341a01ffd35972f8994864e45727c731,224,224,RGB
data/raw/kaggle/extracted/train/arrokuda/1745994393.jpg,kaggle/extracted/train/arrokuda/1745994393.jpg,train,arrokuda,1745994393,aff2e96bdf45d7094fbe5f1daf96637d26e6955469dbb632261db1d20cb6eb8e,224,224,RGB
data/raw/kaggle/extracted/train/arrokuda/1745996329.jpg,kaggle/extracted/train/arrokuda/1745996329.jpg,train,arrokuda,1745996329,9c723d222c1d2a03a84633dfe3595006250f621acd2d62376f992cccd6040263,224,224,RGB
data/raw/kaggle/extracted/train/arrokuda/1746002669.jpg,kaggle/extracted/train/arrokuda/1746002669.jpg,train,arrokuda,1746002669,2ca088c45e25a155147c1e4890996ba913832c3885fe310635e064d871643995,224,224,RGB
data/raw/kaggle/extracted/train/arrokuda/1746007213.jpg,kaggle/extracted/train/arrokuda/1746007213.jpg,train,arrokuda,1746007213,ac51210ef35553d520b6f69b81b3c871eff084b9e80086c7d7e3b78338b8491e,224,224,RGB
data/raw/kaggle/extracted/train/arrokuda/1746008586.jpg,kaggle/extracted/train/arrokuda/1746008586.jpg,train,arrokuda,1746008586,389740925ceb6a1887d81fa1a1e1c040f37f0175e1c968d1cf0ef6df426aa2b6,224,224,RGB
data/raw/kaggle/extracted/train/arrokuda/1746010220.jpg,kaggle/extracted/train/arrokuda/1746010220.jpg,train,arrokuda,1746010220,964ec64f30dce9aa9d54b5ea099c3e49a14231ce3498667bc40794f6463f539f,224,224,RGB
data/raw/kaggle/extracted/train/arrokuda/1746016329.jpg,kaggle/extracted/train/arrokuda/1746016329.jpg,train,arrokuda,1746016329,7e69ef5f485932a0a6ab6cb6b34c167866a8deeced2751fa999feae2a12e5503,224,224,RGB
data/raw/kaggle/extracted/train/arrokuda/1746019130.jpg,kaggle/extracted/train/arrokuda/1746019130.jpg,train,arrokuda,1746019130,65bef9b42580fcbaf3f0352d5d1061e78ec558c09e2ee4c1cd0754ca2456b45f,224,224,RGB
data/raw/kaggle/extracted/train/arrokuda/1746042980.jpg,kaggle/extracted/train/arrokuda/1746042980.jpg,train,arrokuda,1746042980,e5d9dc74fc6de0f0bd3025fe52788f7a32a477595a5c8c7c8ecfc653a29d59ad,224,224,RGB
data/raw/kaggle/extracted/train/arrokuda/1746043054.jpg,kaggle/extracted/train/arrokuda/1746043054.jpg,train,arrokuda,1746043054,0a8f7cd0ca4267bd611351486311c082b40d6c519a8695d234c7cf3f057afb05,224,224,RGB
data/raw/kaggle/extracted/train/arrokuda/1746117561.jpg,kaggle/extracted/train/arrokuda/1746117561.jpg,train,arrokuda,1746117561,83591b485d9be25688837838733eea4e74e92bf7e1e104d05fc242afadf2597c,224,224,RGB
data/raw/kaggle/extracted/train/arrokuda/1746118590.jpg,kaggle/extracted/train/arrokuda/1746118590.jpg,train,arrokuda,1746118590,5e6bc99df3c66aa4cb73b3e99ad39dac5e056c7ff838c75cfe1c593eb4400eae,224,224,RGB
data/raw/kaggle/extracted/train/arrokuda/1746121775.jpg,kaggle/extracted/train/arrokuda/1746121775.jpg,train,arrokuda,1746121775,420af8993641ce473ccf969b52e008b5943db3abd947051fcb0b6236313a8d32,224,224,RGB
data/raw/kaggle/extracted/train/arrokuda/1746124325.jpg,kaggle/extracted/train/arrokuda/1746124325.jpg,train,arrokuda,1746124325,7bbea54eed470d7970d8ff070b4aa413a47be548c7eb04ae6f4adfdf7d67d96c,224,224,RGB
data/raw/kaggle/extracted/train/arrokuda/1746125150.jpg,kaggle/extracted/train/arrokuda/1746125150.jpg,train,arrokuda,1746125150,92b4bc5d75c03348fd6e9fccd80ec822be00304743c03cbf5b96390a65b85a7b,224,224,RGB
data/raw/kaggle/extracted/train/arrokuda/1746125150_vflip.jpg,kaggle/extracted/train/arrokuda/1746125150_vflip.jpg,train,arrokuda,1746125150,86a778ea5fb3037b2dc98860299097cf945b6c264083652a5476ed4637bc7cc3,224,224,RGB
data/raw/kaggle/extracted/train/arrokuda/1746129207.jpg,kaggle/extracted/train/arrokuda/1746129207.jpg,train,arrokuda,1746129207,898cd5d0442195e2de3eeabfa469134c84d58567501aabac8b025501b915bbad,224,224,RGB
data/raw/kaggle/extracted/train/arrokuda/1746130791.jpg,kaggle/extracted/train/arrokuda/1746130791.jpg,train,arrokuda,1746130791,375b8ac480044e217cceb1b825a40b072ad72ed72ff69e45b0d60546a00f33a9,224,224,RGB
data/raw/kaggle/extracted/train/arrokuda/1746134159.jpg,kaggle/extracted/train/arrokuda/1746134159.jpg,train,arrokuda,1746134159,e7615c7980c78a49f461fbdf9e3aa8e5fd24ca2949c54a3137b2ee10fb30330a,224,224,RGB
data/raw/kaggle/extracted/train/arrokuda/1746135005.jpg,kaggle/extracted/train/arrokuda/1746135005.jpg,train,arrokuda,1746135005,3e59a3633ee8a164ec486f10916051308a3fee9492c26616181ab974e9521cc4,224,224,RGB
data/raw/kaggle/extracted/train/arrokuda/1746137320.jpg,kaggle/extracted/train/arrokuda/1746137320.jpg,train,arrokuda,1746137320,1a981b4874595e5f6a5a9e3d25003d29af1bc1d5112416c2ec30420d5127956b,224,224,RGB
data/raw/kaggle/extracted/train/arrokuda/1746211108.jpg,kaggle/extracted/train/arrokuda/1746211108.jpg,train,arrokuda,1746211108,8c07987377b68747fd729968c474992b10005fbe217c0e80725b53363a585763,224,224,RGB
data/raw/kaggle/extracted/train/arrokuda/1746211923.jpg,kaggle/extracted/train/arrokuda/1746211923.jpg,train,arrokuda,1746211923,8bdc5ad0045a2e00cd8dff86ffe61ff83658e2199f8abaa08dbacba97f53aaba,224,224,RGB
data/raw/kaggle/extracted/train/arrokuda/1746218695.jpg,kaggle/extracted/train/arrokuda/1746218695.jpg,train,arrokuda,1746218695,1458066110bffe43970c707f5e98f5a152594dbd62d0b813804556a53ddfe52f,224,224,RGB
data/raw/kaggle/extracted/train/arrokuda/1746221614.jpg,kaggle/extracted/train/arrokuda/1746221614.jpg,train,arrokuda,1746221614,678450b9ddabb12f75c536b506069a8308667aa39c4e4c6c2984532be8718a48,224,224,RGB
data/raw/kaggle/extracted/train/arrokuda/1746221698.jpg,kaggle/extracted/train/arrokuda/1746221698.jpg,train,arrokuda,1746221698,bf5162ddf0e3d822ed6fbe5a426ea8c0a8e799d92ac399dcb0b19a06e6ef735f,224,224,RGB
data/raw/kaggle/extracted/train/arrokuda/1746224473.jpg,kaggle/extracted/train/arrokuda/1746224473.jpg,train,arrokuda,1746224473,170f624a4806d3fe947a69ca174b592b22babc8807b980e09e6006289a3dd66d,224,224,RGB
data/raw/kaggle/extracted/train/arrokuda/1746265956.jpg,kaggle/extracted/train/arrokuda/1746265956.jpg,train,arrokuda,1746265956,f69a830d179440508a3d240f4d5857b05bd5246694787e06634dc2dcc5a137ab,224,224,RGB
data/raw/kaggle/extracted/train/arrokuda/1746340352.jpg,kaggle/extracted/train/arrokuda/1746340352.jpg,train,arrokuda,1746340352,7d1f732bf13d7cdd204eb3d0dd2161a0b4a8ff029d65b2efa188c41dd850493b,224,224,RGB
data/raw/kaggle/extracted/train/arrokuda/1746346472.jpg,kaggle/extracted/train/arrokuda/1746346472.jpg,train,arrokuda,1746346472,7e1da3d532e2de024b40496e5a6683ce83a23d9a8a5e50e02cb976114a26364c,224,224,RGB
data/raw/kaggle/extracted/train/arrokuda/1746348440.jpg,kaggle/extracted/train/arrokuda/1746348440.jpg,train,arrokuda,1746348440,767cda0d26901c39e00d944edef594e02028c2d0ae5048c199b20fcea9ead85e,224,224,RGB
data/raw/kaggle/extracted/train/arrokuda/1746349048.jpg,kaggle/extracted/train/arrokuda/1746349048.jpg,train,arrokuda,1746349048,0e1135f413bf95699d0c00e3dc1486a5ece065b00ce60c596e5edebae84e3d08,224,224,RGB
data/raw/kaggle/extracted/train/arrokuda/1746353793.jpg,kaggle/extracted/train/arrokuda/1746353793.jpg,train,arrokuda,1746353793,825b3222541af950cbc0df1ec46373cf1524577b596cc6d747b5acf8a276d6d0,224,224,RGB
data/raw/kaggle/extracted/train/arrokuda/1746355734.jpg,kaggle/extracted/train/arrokuda/1746355734.jpg,train,arrokuda,1746355734,647513b0d0f76a7dec2b56e4ce3b10b99775e6d77a15a3ecf862b88115d13250,224,224,RGB
data/raw/kaggle/extracted/train/attack deoxys/1746380083.jpg,kaggle/extracted/train/attack deoxys/1746380083.jpg,train,attack deoxys,1746380083,d80527f77b7be8af79ad5a4afa2e31f5c83e177e1321f3d8ccc82185e783c6a3,224,224,RGB
data/raw/kaggle/extracted/train/audino/1745493982.jpg,kaggle/extracted/train/audino/1745493982.jpg,train,audino,1745493982,173cb407ea755293722dadb7641b8a3e346aa4d627ff153b245779b59dccb707,224,224,RGB
data/raw/kaggle/extracted/train/audino/1745534870.jpg,kaggle/extracted/train/audino/1745534870.jpg,train,audino,1745534870,fdb794547251d60270e8aa22ea82d0457a4d77738835fc92ebc33aacf765ec9e,224,224,RGB
data/raw/kaggle/extracted/train/audino/1745568409.jpg,kaggle/extracted/train/audino/1745568409.jpg,train,audino,1745568409,3844ed7070d169ddaf99345ec1e4e0154140be019b846657705f2cfc3141d788,224,224,RGB
data/raw/kaggle/extracted/train/audino/1745571638.jpg,kaggle/extracted/train/audino/1745571638.jpg,train,audino,1745571638,c2b1209410e179ddf337745a6abbde5622ea502e1e75cfe5c42df97b45ab37a7,224,224,RGB
data/raw/kaggle/extracted/train/audino/1745656996.jpg,kaggle/extracted/train/audino/1745656996.jpg,train,audino,1745656996,636e19caa70e8e1b2febaa02327592dc7672ac4600f3db8aa108922758354579,224,224,RGB
data/raw/kaggle/extracted/train/audino/1745657829.jpg,kaggle/extracted/train/audino/1745657829.jpg,train,audino,1745657829,bfbf330164a55c343a12dbef4a0be99f7d2c48776c8ef346ab3d518397aea76a,224,224,RGB
data/raw/kaggle/extracted/train/audino/1745657989.jpg,kaggle/extracted/train/audino/1745657989.jpg,train,audino,1745657989,e0003d51bbaf10dec41d2796a9576d70d57f47f3e72146f7e9c8aa17adad006f,224,224,RGB
data/raw/kaggle/extracted/train/audino/1745958067.jpg,kaggle/extracted/train/audino/1745958067.jpg,train,audino,1745958067,e03427b2c689afcf0c2be769e4abd97e928c226a538d295cc9a3fb74e12da3f6,224,224,RGB
data/raw/kaggle/extracted/train/audino/1745968805.jpg,kaggle/extracted/train/audino/1745968805.jpg,train,audino,1745968805,ea8412d2a4550d8925d878fb2134f3c3f5251af0ccf9f4b97eaa2dc0f13dc2aa,224,224,RGB
data/raw/kaggle/extracted/train/audino/1745994981.jpg,kaggle/extracted/train/audino/1745994981.jpg,train,audino,1745994981,f587d9cde627e6e797b33834c0b11d443f624fb3fb9f6444ab3ef2ce8a95ab03,224,224,RGB
data/raw/kaggle/extracted/train/audino/1745996195.jpg,kaggle/extracted/train/audino/1745996195.jpg,train,audino,1745996195,20407c1d9d4647a541eedfa1ad3603605eef59032f904f520199fb43db253804,224,224,RGB
data/raw/kaggle/extracted/train/audino/1746004213.jpg,kaggle/extracted/train/audino/1746004213.jpg,train,audino,1746004213,be1448869236e7c5a8a778eee78b1a66160d24b6d3957fd16727602ec274e253,224,224,RGB
data/raw/kaggle/extracted/train/audino/1746041223.jpg,kaggle/extracted/train/audino/1746041223.jpg,train,audino,1746041223,ac574aaf4dfff602381e03e49956ab7fe5f4aaf6b9d66ad46353dc5cede4945a,224,224,RGB
data/raw/kaggle/extracted/train/audino/1746042635.jpg,kaggle/extracted/train/audino/1746042635.jpg,train,audino,1746042635,eb2d0653bf642e88b954e442b63e982af4a77afca5b3c8bf7e704d389088f61a,224,224,RGB
data/raw/kaggle/extracted/train/audino/1746047102.jpg,kaggle/extracted/train/audino/1746047102.jpg,train,audino,1746047102,b9139befdc9f01337ae345399f228ea9882152f83a915022a6a8feb6cfbc253d,224,224,RGB
data/raw/kaggle/extracted/train/audino/1746121565.jpg,kaggle/extracted/train/audino/1746121565.jpg,train,audino,1746121565,e835c78865bbf07eec726f2640eb0e43f185ad68514989ee73d0090c3a157f9f,224,224,RGB
data/raw/kaggle/extracted/train/audino/1746218204.jpg,kaggle/extracted/train/audino/1746218204.jpg,train,audino,1746218204,a347b7d5c4f2e31298a3e0f6584904afa321696139e874da34c4e1c8a7a81511,224,224,RGB
data/raw/kaggle/extracted/train/audino/1746220694.jpg,kaggle/extracted/train/audino/1746220694.jpg,train,audino,1746220694,e4c5c023ede0d64410fd6589c3bffa52ab993c8592383434f55ffe653a859e78,224,224,RGB
data/raw/kaggle/extracted/train/audino/1746341522.jpg,kaggle/extracted/train/audino/1746341522.jpg,train,audino,1746341522,fa66c294aff3484c3dd182da900b4db62f98409be09b1c57e9ffaf56eb09ab26,224,224,RGB
data/raw/kaggle/extracted/train/audino/1746345212.jpg,kaggle/extracted/train/audino/1746345212.jpg,train,audino,1746345212,9936b7d0a4d3badeebef600bf7ad0abf59ce26375442e1cbcb7a2b6d9f1891cc,224,224,RGB
data/raw/kaggle/extracted/train/audino/1746386432.jpg,kaggle/extracted/train/audino/1746386432.jpg,train,audino,1746386432,f8cdfdc85c318f34b34ec878ab01b4b29be6c2089fcb57cb75a1fe8154f96928,224,224,RGB
data/raw/kaggle/extracted/train/audino/1746432074.jpg,kaggle/extracted/train/audino/1746432074.jpg,train,audino,1746432074,4cf491b8cc941bc29a2d705a58c845d0ea5e74a412fd533c986ad47952ea82e6,224,224,RGB
data/raw/kaggle/extracted/train/audino/1746437675.jpg,kaggle/extracted/train/audino/1746437675.jpg,train,audino,1746437675,652a0b405308757b4ae0cbb44e47378ceb974df4bbf0c37e56a70ac69bbc4eea,224,224,RGB
data/raw/kaggle/extracted/train/audino/1746439086.jpg,kaggle/extracted/train/audino/1746439086.jpg,train,audino,1746439086,5017042a3f253a3487d9c0c695869a44f704e8b0a6926360b647f241c63c166d,224,224,RGB
data/raw/kaggle/extracted/train/audino/1746443659.jpg,kaggle/extracted/train/audino/1746443659.jpg,train,audino,1746443659,516717efde7cf12f66be2545ede5b02fad73b57de811c8482b623cae34c32409,224,224,RGB
data/raw/kaggle/extracted/train/audino/1746444101.jpg,kaggle/extracted/train/audino/1746444101.jpg,train,audino,1746444101,b67d390e9a2a5f93d02073bf24bd52317c142e261ced93c3c0124088e0a7083c,224,224,RGB
data/raw/kaggle/extracted/train/audino/1746448034.jpg,kaggle/extracted/train/audino/1746448034.jpg,train,audino,1746448034,6ca55b2876c2cb14dc0d416526bbb959bd0e3b9bda25f0ee939e1ddc218bed55,224,224,RGB
data/raw/kaggle/extracted/train/audino/1746466442.jpg,kaggle/extracted/train/audino/1746466442.jpg,train,audino,1746466442,e3a8cf4260b8d8b1c6c7dea6e347d6ff21cfcc05e01dd209ab0113d72899fe09,224,224,RGB
data/raw/kaggle/extracted/train/audino/1746470952.jpg,kaggle/extracted/train/audino/1746470952.jpg,train,audino,1746470952,823d1c3eca4431ffef8bed799690105c57429b0f1556b9618092093128f76aad,224,224,RGB
data/raw/kaggle/extracted/train/audino/1746481556.jpg,kaggle/extracted/train/audino/1746481556.jpg,train,audino,1746481556,4e29d6a7516b5d53f243a71f0fa94afc0bddfa0954526dfc708fc05599e94ea2,224,224,RGB
data/raw/kaggle/extracted/train/audino/1746529135.jpg,kaggle/extracted/train/audino/1746529135.jpg,train,audino,1746529135,a26809fb34750aa47d163cae6a9df5521c305404fa392a81561e213eaba7c7db,224,224,RGB
data/raw/kaggle/extracted/train/audino/1746547742.jpg,kaggle/extracted/train/audino/1746547742.jpg,train,audino,1746547742,349f83755a2b3964059ef0c3b432d72fc8d4db04f7734979fb25724284e46c79,224,224,RGB
data/raw/kaggle/extracted/train/audino/1746550248.jpg,kaggle/extracted/train/audino/1746550248.jpg,train,audino,1746550248,2f7b20dfb279198f73a27d945ced2b42602c8858730c35730ea8e5416014cfce,224,224,RGB
data/raw/kaggle/extracted/train/audino/1746551855.jpg,kaggle/extracted/train/audino/1746551855.jpg,train,audino,1746551855,7f78c01f55646b0d777deae524675445015c40a8801a6b0d84a5de59d02d9479,224,224,RGB
data/raw/kaggle/extracted/train/audino/1747228298.jpg,kaggle/extracted/train/audino/1747228298.jpg,train,audino,1747228298,513c929aa7d607ff8f9f251972c8a7df87e1842cb6d2f8e4fd57d27f69f373bd,224,224,RGB
data/raw/kaggle/extracted/train/aurorus/1745437617.jpg,kaggle/extracted/train/aurorus/1745437617.jpg,train,aurorus,1745437617,1ecf5109bd687a401b4dd33ffbcea9dc27b74a1fe3c46eb9023204ed4afb7d0f,224,224,RGB
data/raw/kaggle/extracted/train/aurorus/1745532935.jpg,kaggle/extracted/train/aurorus/1745532935.jpg,train,aurorus,1745532935,a6ebafdc401af0e013c4338fd5e8019cd83ef35236634a700642171202d8b37c,224,224,RGB
data/raw/kaggle/extracted/train/aurorus/1745568848.jpg,kaggle/extracted/train/aurorus/1745568848.jpg,train,aurorus,1745568848,92a41f9dc736ca36551b0f8f3ed5e7a8a4df33369f52f0973a2a9a48a5dfdc59,224,224,RGB
data/raw/kaggle/extracted/train/aurorus/1745591538.jpg,kaggle/extracted/train/aurorus/1745591538.jpg,train,aurorus,1745591538,a6b6e533d2004b202bcb1bdabfcd6613510b62f876320fad0b53813c2c2f8945,224,224,RGB
data/raw/kaggle/extracted/train/aurorus/1745660386.jpg,kaggle/extracted/train/aurorus/1745660386.jpg,train,aurorus,1745660386,efbe1e34bb8eba09e7797c90569ac21e6eb135cee1deb0e1e72848b391b12b7a,224,224,RGB
data/raw/kaggle/extracted/train/aurorus/1745661223.jpg,kaggle/extracted/train/aurorus/1745661223.jpg,train,aurorus,1745661223,05586a4fb327253bd7d082f9ba8d96da1b393353ffd468f080c218cb5d469588,224,224,RGB
data/raw/kaggle/extracted/train/aurorus/1745771918.jpg,kaggle/extracted/train/aurorus/1745771918.jpg,train,aurorus,1745771918,dc92f8d1485d5d0be6f114f2f024e85cafd6e09393f5de0d31a8d1e97b037f2f,224,224,RGB
data/raw/kaggle/extracted/train/aurorus/1745773694.jpg,kaggle/extracted/train/aurorus/1745773694.jpg,train,aurorus,1745773694,5266b551bd36ef2bbeb4e7e1f715d8bd6be2b699c7947305b786e70288bfb417,224,224,RGB
data/raw/kaggle/extracted/train/aurorus/1745953566.jpg,kaggle/extracted/train/aurorus/1745953566.jpg,train,aurorus,1745953566,5d1f209163ede23895ff4eb1bdf960508d95dcf0077fe279101a167e8f38c1b5,224,224,RGB
data/raw/kaggle/extracted/train/aurorus/1745957917.jpg,kaggle/extracted/train/aurorus/1745957917.jpg,train,aurorus,1745957917,42b91440e0f93b102a6e46d3c53871c6993cf93682b062fcf8e3a1a0f1f90a08,224,224,RGB
data/raw/kaggle/extracted/train/aurorus/1745959143.jpg,kaggle/extracted/train/aurorus/1745959143.jpg,train,aurorus,1745959143,1c58160cc866dda96e2284a8099ddd5565981baf3ff7417bafc55ba73c6439e2,224,224,RGB
data/raw/kaggle/extracted/train/aurorus/1746000020.jpg,kaggle/extracted/train/aurorus/1746000020.jpg,train,aurorus,1746000020,3ef4f5a933d70a282fee2163de5f478e35f4e03b51b2aba7f40967169452c4fb,224,224,RGB
data/raw/kaggle/extracted/train/aurorus/1746123382.jpg,kaggle/extracted/train/aurorus/1746123382.jpg,train,aurorus,1746123382,b91cad4a0f1b8f3dbe4b3312c31470b248a80af3e0349073b1248b452c74a6fe,224,224,RGB
data/raw/kaggle/extracted/train/aurorus/1746134109.jpg,kaggle/extracted/train/aurorus/1746134109.jpg,train,aurorus,1746134109,a38253c9d4aed58b45e2230dfcb47e7376e7076b8ab847228676c3b4b77a6eb4,224,224,RGB
data/raw/kaggle/extracted/train/aurorus/1746252603.jpg,kaggle/extracted/train/aurorus/1746252603.jpg,train,aurorus,1746252603,b57584c4b3aaebed63c7fd2915b5b8a5c8247ebfb4cb3f19e33abdaf2b42affd,224,224,RGB
data/raw/kaggle/extracted/train/aurorus/1746347501.jpg,kaggle/extracted/train/aurorus/1746347501.jpg,train,aurorus,1746347501,a80a62c8937d6975a711bd86dec1a94e9b61160af8861b658cb88365b8b8bd0a,224,224,RGB
data/raw/kaggle/extracted/train/aurorus/1746387341.jpg,kaggle/extracted/train/aurorus/1746387341.jpg,train,aurorus,1746387341,1601008a8cc370e44169a0c3d5630ece92285b3e9ebbc2f4c35ea95f97bbb9ec,224,224,RGB
data/raw/kaggle/extracted/train/aurorus/1746448252.jpg,kaggle/extracted/train/aurorus/1746448252.jpg,train,aurorus,1746448252,f475ae5ae45a69421ae2e80d278433dc641a2c754807771fef4e583fa71a5f5b,224,224,RGB
data/raw/kaggle/extracted/train/aurorus/1746484142.jpg,kaggle/extracted/train/aurorus/1746484142.jpg,train,aurorus,1746484142,a903f21622546e9170b0c685e31079ccfb2d4af01907afd4c927514302be6b26,224,224,RGB
data/raw/kaggle/extracted/train/aurorus/1746543254.jpg,kaggle/extracted/train/aurorus/1746543254.jpg,train,aurorus,1746543254,4244ad6d3ecbd1b32ff41bbdeaf26d668cfa912b576e4052ed677f3832172928,224,224,RGB
data/raw/kaggle/extracted/train/aurorus/1746544679.jpg,kaggle/extracted/train/aurorus/1746544679.jpg,train,aurorus,1746544679,4293b6c9bf004436bfa522dd8e88e3922fd8e557f900d32cb60af448c26ad4e3,224,224,RGB
data/raw/kaggle/extracted/train/aurorus/1746551281.jpg,kaggle/extracted/train/aurorus/1746551281.jpg,train,aurorus,1746551281,57b3b12d38b2286d5d1d5c2b03a413d698e131fbd545bdff0608248901137759,224,224,RGB
data/raw/kaggle/extracted/train/aurorus/1746597035.jpg,kaggle/extracted/train/aurorus/1746597035.jpg,train,aurorus,1746597035,707e09489abc4205f3cc04e8f847e76e8b3a08ea5bba6b82072b9a89cb8a1fc9,224,224,RGB
data/raw/kaggle/extracted/train/aurorus/1746597208.jpg,kaggle/extracted/train/aurorus/1746597208.jpg,train,aurorus,1746597208,068afddcc2a192df6573f3cc46327822f061f6e31b6a7a95283699a40a7cbffe,224,224,RGB
data/raw/kaggle/extracted/train/aurorus/1746598915.jpg,kaggle/extracted/train/aurorus/1746598915.jpg,train,aurorus,1746598915,8a263a8a25dea240b07430842bb3b6aeba753bb0450e352b99f6d52f138f1682,224,224,RGB
data/raw/kaggle/extracted/train/aurorus/1746969846.jpg,kaggle/extracted/train/aurorus/1746969846.jpg,train,aurorus,1746969846,ca1e4198a4e39b40e8a58f6de1d35531136c186c5bb3bc80dc572b0cd400994a,224,224,RGB
data/raw/kaggle/extracted/train/aurorus/1746973151.jpg,kaggle/extracted/train/aurorus/1746973151.jpg,train,aurorus,1746973151,437d4678194fd001e1977c11a88372099a8e90189c7d54fef0c0fe0d987067a9,224,224,RGB
data/raw/kaggle/extracted/train/aurorus/1747179064.jpg,kaggle/extracted/train/aurorus/1747179064.jpg,train,aurorus,1747179064,dfeb2a9dabf334064e18a087b841d7559ac7300340ff20955fce050fe0cdc3f7,224,224,RGB
data/raw/kaggle/extracted/train/aurorus/1747179956.jpg,kaggle/extracted/train/aurorus/1747179956.jpg,train,aurorus,1747179956,f37f4474c2b96290a25c0316891829d21594d6be00634d90dff67053fd4a662d,224,224,RGB
data/raw/kaggle/extracted/train/avalugg/1745389451.jpg,kaggle/extracted/train/avalugg/1745389451.jpg,train,avalugg,1745389451,c6e3f890c7e16b15981cb5299f46d27d0cf6f9e2e35ed4168707d6f215d7806f,224,224,RGB
data/raw/kaggle/extracted/train/avalugg/1745404878.jpg,kaggle/extracted/train/avalugg/1745404878.jpg,train,avalugg,1745404878,00984cad2fc3d4e61d78a13197f47589f0e658e8a809ba4220d8b2f2a5347d17,224,224,RGB
data/raw/kaggle/extracted/train/avalugg/1745599333.jpg,kaggle/extracted/train/avalugg/1745599333.jpg,train,avalugg,1745599333,db860b7541d9f3450463c2564bd2201f1c519ad1cce9b3d8e7cc25da80939305,224,224,RGB
data/raw/kaggle/extracted/train/avalugg/1745610710.jpg,kaggle/extracted/train/avalugg/1745610710.jpg,train,avalugg,1745610710,c284fd64e8ba1cbc83b3dfdb13822ddd8ef5032b978957e30bb69478b4682662,224,224,RGB
data/raw/kaggle/extracted/train/avalugg/1745760029.jpg,kaggle/extracted/train/avalugg/1745760029.jpg,train,avalugg,1745760029,b54551faad2e31e132510b5d27b38558275450dfea371cd192e7df05a9a4e8b6,224,224,RGB
data/raw/kaggle/extracted/train/avalugg/1745989054.jpg,kaggle/extracted/train/avalugg/1745989054.jpg,train,avalugg,1745989054,b579c3cf8da38ba0559ac59b063ab8533739871cbe4b10edaad5453924c48d93,224,224,RGB
data/raw/kaggle/extracted/train/avalugg/1746126983.jpg,kaggle/extracted/train/avalugg/1746126983.jpg,train,avalugg,1746126983,3ae8e48822712466c3c4d78bace371b9196ff5d696324647d6afe21aa37ae532,224,224,RGB
data/raw/kaggle/extracted/train/avalugg/1746152227.jpg,kaggle/extracted/train/avalugg/1746152227.jpg,train,avalugg,1746152227,b12170e09cfd6e905cb4eb9ded394d38ea80e8fc4315e1ed51176932987fc88c,224,224,RGB
data/raw/kaggle/extracted/train/avalugg/1746220954.jpg,kaggle/extracted/train/avalugg/1746220954.jpg,train,avalugg,1746220954,0b8eff8263a3b63f399eb4006207bb7fb6204f9db96a950c40f77aaaab151ace,224,224,RGB
data/raw/kaggle/extracted/train/avalugg/1746342582.jpg,kaggle/extracted/train/avalugg/1746342582.jpg,train,avalugg,1746342582,9fb9a7c4bbfa0499891e4b4163b68100a1609fdd13226d759a12b52dac1efd0b,224,224,RGB
data/raw/kaggle/extracted/train/avalugg/1746345782.jpg,kaggle/extracted/train/avalugg/1746345782.jpg,train,avalugg,1746345782,211f5ec17192ad48ccfa9dd8c8d9776327ab14dcc1a5265459b8c395d3b94086,224,224,RGB
data/raw/kaggle/extracted/train/avalugg/1746384023.jpg,kaggle/extracted/train/avalugg/1746384023.jpg,train,avalugg,1746384023,a16ac11548e0d7d1ba1216600cd00bbce8bbe7def6f757e46f399046d47a5ede,224,224,RGB
data/raw/kaggle/extracted/train/avalugg/1746384278.jpg,kaggle/extracted/train/avalugg/1746384278.jpg,train,avalugg,1746384278,5244c08b4169c47761e19688a3cf522696a8da6d8d7e868cae089ea71fdc850b,224,224,RGB
data/raw/kaggle/extracted/train/avalugg/1746386414.jpg,kaggle/extracted/train/avalugg/1746386414.jpg,train,avalugg,1746386414,7a56f656bd111f2c412889479f7900131569a87cb8234ab7720df307e1c88888,224,224,RGB
data/raw/kaggle/extracted/train/avalugg/1746432981.jpg,kaggle/extracted/train/avalugg/1746432981.jpg,train,avalugg,1746432981,3566e07cd976f6c0951aaa339d9473bd8b4e79853e4f780181c52b449f495b6a,224,224,RGB
data/raw/kaggle/extracted/train/avalugg/1746436072.jpg,kaggle/extracted/train/avalugg/1746436072.jpg,train,avalugg,1746436072,506df09e8552f943da8c21afad51bf11496dcf1e3cc17c88d97a7e3b10545aba,224,224,RGB
data/raw/kaggle/extracted/train/avalugg/1746442784.jpg,kaggle/extracted/train/avalugg/1746442784.jpg,train,avalugg,1746442784,df285050ce4d9b5baf9fe6069e9c33b02b483cf4906a588b73fe4fd87158a6f7,224,224,RGB
data/raw/kaggle/extracted/train/avalugg/1746445472.jpg,kaggle/extracted/train/avalugg/1746445472.jpg,train,avalugg,1746445472,4184cc44d3ca002b744b7ad74d1a9f99cbd4b44c76242c67bc349ff8fa195e61,224,224,RGB
data/raw/kaggle/extracted/train/avalugg/1746597443.jpg,kaggle/extracted/train/avalugg/1746597443.jpg,train,avalugg,1746597443,28b0f2520652ae47bda784a7eeaeee5b15678fd06a3ce670c28343c1b65add6e,224,224,RGB
data/raw/kaggle/extracted/train/axew/1745391060.jpg,kaggle/extracted/train/axew/1745391060.jpg,train,axew,1745391060,4ae97e6a7272551c3f9911895d5cceacc57f91ea8450eb24deb40e4585f428f0,224,224,RGB
data/raw/kaggle/extracted/train/axew/1745396314.jpg,kaggle/extracted/train/axew/1745396314.jpg,train,axew,1745396314,942123d9b5eaef0811d5342b8f564442e27f068402c0caea0bb2301dce56eae8,224,224,RGB
data/raw/kaggle/extracted/train/axew/1745396758.jpg,kaggle/extracted/train/axew/1745396758.jpg,train,axew,1745396758,1c90baa9768494da3fd271b6d6e2806e9c1afadb44e4c7345e7a0f9052e121d8,224,224,RGB
data/raw/kaggle/extracted/train/axew/1745402715.jpg,kaggle/extracted/train/axew/1745402715.jpg,train,axew,1745402715,f363de72e15381ba9ed0031307dcf6c13d2bd91f1a38dc1b6e56eef87402eea5,224,224,RGB
data/raw/kaggle/extracted/train/axew/1745410372.jpg,kaggle/extracted/train/axew/1745410372.jpg,train,axew,1745410372,a9057becc473fd2224db86b97c7725afb0ac32986d6eb99174c0683a1618c90f,224,224,RGB
data/raw/kaggle/extracted/train/axew/1745410372_vflip_sat0.66.jpg,kaggle/extracted/train/axew/1745410372_vflip_sat0.66.jpg,train,axew,1745410372,5d7a20c338c7f4704a2ddcf3fd53c415a6976e2f4fe76775159db01ebd068c44,224,224,RGB
data/raw/kaggle/extracted/train/axew/1745411911.jpg,kaggle/extracted/train/axew/1745411911.jpg,train,axew,1745411911,58129627df69355aa32bc79f2bb761f993cbda660f1953138a0208ebcebb87e9,224,224,RGB
data/raw/kaggle/extracted/train/axew/1745413224.jpg,kaggle/extracted/train/axew/1745413224.jpg,train,axew,1745413224,77ca5664246cf7a522fde0017733300f6b15803ab5cca8c8cc9b0f9e5fc1a33f,224,224,RGB
data/raw/kaggle/extracted/train/axew/1745413738.jpg,kaggle/extracted/train/axew/1745413738.jpg,train,axew,1745413738,16b046febbdbb0b0cf66773bbec9bc977600296c37c93d18d1833243f34e1bf0,224,224,RGB
data/raw/kaggle/extracted/train/axew/1745414118.jpg,kaggle/extracted/train/axew/1745414118.jpg,train,axew,1745414118,1fb11932b04f47801911a37c6345426d415a8a91cbf7f81cc3a68e43a1283685,224,224,RGB
data/raw/kaggle/extracted/train/axew/1745414521.jpg,kaggle/extracted/train/axew/1745414521.jpg,train,axew,1745414521,26a0e325afe59c7c0341b2f763e408d3970f2778fac10af9ef764f0fc85d35a5,224,224,RGB
data/raw/kaggle/extracted/train/axew/1745414850.jpg,kaggle/extracted/train/axew/1745414850.jpg,train,axew,1745414850,d92e0af62d1bb2474456a7075c06ead8fc63b644b0a0a60d08cc9c87ccbd3b41,224,224,RGB
data/raw/kaggle/extracted/train/axew/1745414938.jpg,kaggle/extracted/train/axew/1745414938.jpg,train,axew,1745414938,07a4e6a628da01adb089d7118b8650dde1f80ce73d694f5417ab5628f0374ece,224,224,RGB
data/raw/kaggle/extracted/train/axew/1745415774.jpg,kaggle/extracted/train/axew/1745415774.jpg,train,axew,1745415774,f4b11c47e54e27e189a10319917627f79c3d69d30131149ad3e47dfac4f756ac,224,224,RGB
data/raw/kaggle/extracted/train/axew/1745417991.jpg,kaggle/extracted/train/axew/1745417991.jpg,train,axew,1745417991,1737188f4b67e499cacf8ca336f4966fb5e645d53b57b77c0a5c4a6599e92432,224,224,RGB
data/raw/kaggle/extracted/train/axew/1745421096.jpg,kaggle/extracted/train/axew/1745421096.jpg,train,axew,1745421096,db29697f2137aac22c23a51c69ae616926c0be63297795934ae693e645b9ffed,224,224,RGB
data/raw/kaggle/extracted/train/axew/1745425539.jpg,kaggle/extracted/train/axew/1745425539.jpg,train,axew,1745425539,5dd6971a103e45595ae6d6dfd18e3219eef08965996c9629db2590897164f0f8,224,224,RGB
data/raw/kaggle/extracted/train/axew/1745427937.jpg,kaggle/extracted/train/axew/1745427937.jpg,train,axew,1745427937,b7739e76d88c44deeae6fa7cc3984b6426e1de4cb820a259d92e7afebdb015cc,224,224,RGB
data/raw/kaggle/extracted/train/axew/1745429038.jpg,kaggle/extracted/train/axew/1745429038.jpg,train,axew,1745429038,779d7526f0bd13bb4128c4f50b421ea6e92a33d158b0db6d4ff203627efca8b8,224,224,RGB
data/raw/kaggle/extracted/train/axew/1745431257.jpg,kaggle/extracted/train/axew/1745431257.jpg,train,axew,1745431257,9e931439afcd290575f98d85680d8fffbdc1bb6e7e81ad928a4df12b0e75477d,224,224,RGB
data/raw/kaggle/extracted/train/axew/1745432996.jpg,kaggle/extracted/train/axew/1745432996.jpg,train,axew,1745432996,ef47214c7816a9702b2493998711852caf6eee3a47064f07ffabc1bd6f38c213,224,224,RGB
data/raw/kaggle/extracted/train/axew/1745436216.jpg,kaggle/extracted/train/axew/1745436216.jpg,train,axew,1745436216,47d25ccac60faaaa19d6ace016156cc62be22175a74113ee1b49131848dcbb8a,224,224,RGB
data/raw/kaggle/extracted/train/axew/1745439298.jpg,kaggle/extracted/train/axew/1745439298.jpg,train,axew,1745439298,d4704784b43b64c1b6e59201783011ad87654cafa6cd3a6bcac8c209d3f3cc16,224,224,RGB
data/raw/kaggle/extracted/train/axew/1745493582.jpg,kaggle/extracted/train/axew/1745493582.jpg,train,axew,1745493582,7038e40d421cd28f7998cf6dc2b69d2d6b9b7ae3bc5c8cb0ded088a40b877447,224,224,RGB
data/raw/kaggle/extracted/train/axew/1745495714.jpg,kaggle/extracted/train/axew/1745495714.jpg,train,axew,1745495714,b36602413aaf2a3a33f37869eb5a2ad6d8b59fb718eb06d68cdf6499f7adcea9,224,224,RGB
data/raw/kaggle/extracted/train/axew/1745496476.jpg,kaggle/extracted/train/axew/1745496476.jpg,train,axew,1745496476,e4b99efd1d4262506204fb5a62c8eb5ac34c165f2104b91f4fa751c6c42de957,224,224,RGB
data/raw/kaggle/extracted/train/axew/1745496674.jpg,kaggle/extracted/train/axew/1745496674.jpg,train,axew,1745496674,f0f7a484c9e4ee94a535e5d9c372fc351a6ed61265279e2d702a74c317a7da80,224,224,RGB
data/raw/kaggle/extracted/train/axew/1745497093.jpg,kaggle/extracted/train/axew/1745497093.jpg,train,axew,1745497093,2a15521591883b40d93c0facc92265120e837d84f178cb7e1d464c555c85ee6a,224,224,RGB
data/raw/kaggle/extracted/train/axew/1745497636.jpg,kaggle/extracted/train/axew/1745497636.jpg,train,axew,1745497636,6c07fadba51d245a551c76c65276a97f90d6c33ad1adcb845b6a56d82fd90581,224,224,RGB
data/raw/kaggle/extracted/train/axew/1745498714.jpg,kaggle/extracted/train/axew/1745498714.jpg,train,axew,1745498714,af2b1a9573003425e087afe734ee92b6b17fcc880218525aa7879f4e123d7fc0,224,224,RGB
data/raw/kaggle/extracted/train/axew/1745500082.jpg,kaggle/extracted/train/axew/1745500082.jpg,train,axew,1745500082,119a4d615ff8193361c3260c56c177a7c7e44b7334cad41ba107fa58cb639f81,224,224,RGB
data/raw/kaggle/extracted/train/axew/1745503455.jpg,kaggle/extracted/train/axew/1745503455.jpg,train,axew,1745503455,7ebc1ac3a853fe912a2cd141cf1ec5db94aed450e184332cb809e628d296d0d1,224,224,RGB
data/raw/kaggle/extracted/train/axew/1745510193.jpg,kaggle/extracted/train/axew/1745510193.jpg,train,axew,1745510193,c0a32b3c0fc51750fde9ccd03c36b5667c5e90b0f44be4a4463dc7cf13626c6a,224,224,RGB
data/raw/kaggle/extracted/train/axew/1745510455.jpg,kaggle/extracted/train/axew/1745510455.jpg,train,axew,1745510455,bfd2ea0e470fb75d506ec785c08e5f008e6c717c951f33a02bec2ddd7e2ee30b,224,224,RGB
data/raw/kaggle/extracted/train/axew/1745524832.jpg,kaggle/extracted/train/axew/1745524832.jpg,train,axew,1745524832,77efd4810a34c32a4d322dd727a0d5042cb0520ffd25db72bf4bac9587323c71,224,224,RGB
data/raw/kaggle/extracted/train/axew/1745525215.jpg,kaggle/extracted/train/axew/1745525215.jpg,train,axew,1745525215,07e3ba53818c2cf02ad40c62614bb38edee3efa4840d7c8d91b82134ec289a7e,224,224,RGB
data/raw/kaggle/extracted/train/axew/1745531800.jpg,kaggle/extracted/train/axew/1745531800.jpg,train,axew,1745531800,1e241af9a3e9fcf11c661fd249ffe2d4277bf5d14a3e2fcc364380d77d966ee3,224,224,RGB
data/raw/kaggle/extracted/train/axew/1745534934.jpg,kaggle/extracted/train/axew/1745534934.jpg,train,axew,1745534934,36ed88deda6894e2949b60dddfcb85268829501d7fbf853579c70df6a55f8860,224,224,RGB
data/raw/kaggle/extracted/train/axew/1745535998.jpg,kaggle/extracted/train/axew/1745535998.jpg,train,axew,1745535998,f80e952d6eac5c793efa886b5ade561eb26eb75d4101f691680995834d7d50fd,224,224,RGB
data/raw/kaggle/extracted/train/axew/1745537035.jpg,kaggle/extracted/train/axew/1745537035.jpg,train,axew,1745537035,ea344b16b2781de9569a2976fe6a233c830a2fe01872ec2c44dce0ceb5a9241a,224,224,RGB
data/raw/kaggle/extracted/train/axew/1745538616.jpg,kaggle/extracted/train/axew/1745538616.jpg,train,axew,1745538616,4f302a3189c234bc6d254d8d01c7fbdd250fc157f5f0cbcdc1c1c5c9bef901ae,224,224,RGB
data/raw/kaggle/extracted/train/axew/1745561034.jpg,kaggle/extracted/train/axew/1745561034.jpg,train,axew,1745561034,c787f99000c79d44c0f407bb446929af0dc723c2db22c4a230f3af28cc1c13cc,224,224,RGB
data/raw/kaggle/extracted/train/axew/1745563234.jpg,kaggle/extracted/train/axew/1745563234.jpg,train,axew,1745563234,52476db88e12552ff974dbb141925450b936ad733a1ca634562c67a47e1db2aa,224,224,RGB
data/raw/kaggle/extracted/train/axew/1745568011.jpg,kaggle/extracted/train/axew/1745568011.jpg,train,axew,1745568011,4245c7e50fcacbfab3d0c68aebec63bd9609a9e3e52ebb60e64ebeff1d041bd0,224,224,RGB
data/raw/kaggle/extracted/train/axew/1745569000.jpg,kaggle/extracted/train/axew/1745569000.jpg,train,axew,1745569000,2c055502f9ff150c23bb9514140e456f3a0f4490a50ec9a119892ad3b1314909,224,224,RGB
data/raw/kaggle/extracted/train/axew/1745569839.jpg,kaggle/extracted/train/axew/1745569839.jpg,train,axew,1745569839,e9b8cf928a2347e3de9c9feed1d0217862b21fa66f45d97bd2c5e66758ef4b3b,224,224,RGB
data/raw/kaggle/extracted/train/axew/1745571776.jpg,kaggle/extracted/train/axew/1745571776.jpg,train,axew,1745571776,c404146e24056eac41e7b3a8df004fef2b4de0d3821bb3062282276f721edc5e,224,224,RGB
data/raw/kaggle/extracted/train/axew/1745572881.jpg,kaggle/extracted/train/axew/1745572881.jpg,train,axew,1745572881,b2e0cb569b2c12e16078014402213c03cdde24fccc52dfd08ef6829c565c8b21,224,224,RGB
data/raw/kaggle/extracted/train/axew/1745588908.jpg,kaggle/extracted/train/axew/1745588908.jpg,train,axew,1745588908,94f3de339c1c9ba024b57418daa5e1829a4c2492422d9993a322d9afa86d223d,224,224,RGB
data/raw/kaggle/extracted/train/axew/1745589961.jpg,kaggle/extracted/train/axew/1745589961.jpg,train,axew,1745589961,f49b795cb42924a155cf43ccc7ee6a22a8d4d025108d14a68e25822b6dab2d36,224,224,RGB
data/raw/kaggle/extracted/train/axew/1745594602.jpg,kaggle/extracted/train/axew/1745594602.jpg,train,axew,1745594602,0042665cb3fa79cf84f5dd933bb9a392ae124771d21a3bf5745ace91cb9c8589,224,224,RGB
data/raw/kaggle/extracted/train/axew/1745594719.jpg,kaggle/extracted/train/axew/1745594719.jpg,train,axew,1745594719,e4813171ab40e5e401244679fb11eec2d8938a83914028ea449c1cae58f1f759,224,224,RGB
data/raw/kaggle/extracted/train/axew/1745594957.jpg,kaggle/extracted/train/axew/1745594957.jpg,train,axew,1745594957,d56ea276bed09bf5c4b20747069f4b37ae8ac6baf9d245279cd3eb996e358ca2,224,224,RGB
data/raw/kaggle/extracted/train/axew/1745595133.jpg,kaggle/extracted/train/axew/1745595133.jpg,train,axew,1745595133,9d3fa9d02aa246d77efd91a1659c0f3942f683e577b6f57fceebfc107b581e4b,224,224,RGB
data/raw/kaggle/extracted/train/axew/1745595299.jpg,kaggle/extracted/train/axew/1745595299.jpg,train,axew,1745595299,717b952ece499f9faebe70e4f69ff7e1463e8663ffa570f5e54af4a39ae4c4aa,224,224,RGB
data/raw/kaggle/extracted/train/axew/1745595820.jpg,kaggle/extracted/train/axew/1745595820.jpg,train,axew,1745595820,a3ff3956be45605784dae6b5e94526f12b46841ec6765272223ae1ce8800a329,224,224,RGB
data/raw/kaggle/extracted/train/axew/1745595834.jpg,kaggle/extracted/train/axew/1745595834.jpg,train,axew,1745595834,7262e8ec387cd6ce8a496bdf95c6d43dd50b17dc49eca8d22b8aa529fb4332f3,224,224,RGB
data/raw/kaggle/extracted/train/axew/1745596090.jpg,kaggle/extracted/train/axew/1745596090.jpg,train,axew,1745596090,0cf0f9e3a36bf6c31478cc4fe74bb5939d9211724b3b0b3d55eeafce31f95c15,224,224,RGB
data/raw/kaggle/extracted/train/axew/1745597856.jpg,kaggle/extracted/train/axew/1745597856.jpg,train,axew,1745597856,295f970ffe79f560a56e7894a30e9ae2f9b2246cebea94909a944798f1ed5e25,224,224,RGB
data/raw/kaggle/extracted/train/axew/1745599284.jpg,kaggle/extracted/train/axew/1745599284.jpg,train,axew,1745599284,1b044780d13df0e6f65c5e5bd98ad35fa2fc526ef303212181e1e0870eb0684c,224,224,RGB
data/raw/kaggle/extracted/train/axew/1745599795.jpg,kaggle/extracted/train/axew/1745599795.jpg,train,axew,1745599795,e3aa51e5c9c2d5f161c298576ebf62d050575c3f872ce42e3f2e3c1a66f19e5d,224,224,RGB
data/raw/kaggle/extracted/train/axew/1745609708.jpg,kaggle/extracted/train/axew/1745609708.jpg,train,axew,1745609708,a12c5cc6a22c9fa23a3df8905ae7180e955e7b2c1f2ec6c36c49ddca1017f2e3,224,224,RGB
data/raw/kaggle/extracted/train/axew/1745609951.jpg,kaggle/extracted/train/axew/1745609951.jpg,train,axew,1745609951,30867f88adc2fedd7405f3d35da23fbdc37faa034a7556546048e66807475f0a,224,224,RGB
data/raw/kaggle/extracted/train/axew/1745610559.jpg,kaggle/extracted/train/axew/1745610559.jpg,train,axew,1745610559,9917a5cb3be3358a8c02ccf928227f07aead5920dde58d135354ba709f20865b,224,224,RGB
data/raw/kaggle/extracted/train/axew/1745651321.jpg,kaggle/extracted/train/axew/1745651321.jpg,train,axew,1745651321,953d4dd5444e072e8d16b7feb27cc1c892e561c6091320e29278eac8a11a1c77,224,224,RGB
data/raw/kaggle/extracted/train/axew/1745653068.jpg,kaggle/extracted/train/axew/1745653068.jpg,train,axew,1745653068,8e4c60021130bf9a1347e74807f0dbb3c17969dcecdb0f3e70134bbca3c2e184,224,224,RGB
data/raw/kaggle/extracted/train/axew/1745654658.jpg,kaggle/extracted/train/axew/1745654658.jpg,train,axew,1745654658,35645809806d13eb051b084889af4b30d60eff2efeb9a6fda6028b648bab6f7b,224,224,RGB
data/raw/kaggle/extracted/train/axew/1745655369.jpg,kaggle/extracted/train/axew/1745655369.jpg,train,axew,1745655369,e79242263af51e49aa5cc2f78a9b0a784d3976031cd65562f2610e5dc3cd4191,224,224,RGB
data/raw/kaggle/extracted/train/axew/1745655379.jpg,kaggle/extracted/train/axew/1745655379.jpg,train,axew,1745655379,80e948d049d3d7fd2153abb22040301591ba23876ed1ecd81ff35dc71135d0b9,224,224,RGB
data/raw/kaggle/extracted/train/axew/1745657686.jpg,kaggle/extracted/train/axew/1745657686.jpg,train,axew,1745657686,5f99c81837b2d77be4bee330dd4a6c9e7bdb7366c6e5191a8729ccc8c8457ec1,224,224,RGB
data/raw/kaggle/extracted/train/axew/1745658776.jpg,kaggle/extracted/train/axew/1745658776.jpg,train,axew,1745658776,944a6441e062a0c7f4548ff407f196b0506ef1e556073ea026e26ae3a60c0dcf,224,224,RGB
data/raw/kaggle/extracted/train/axew/1745659989.jpg,kaggle/extracted/train/axew/1745659989.jpg,train,axew,1745659989,c185e4615aeb40aa7fe1e66fe95d95286c137ea7576444f9d18f1711b279ef37,224,224,RGB
data/raw/kaggle/extracted/train/azelf/1746391836.jpg,kaggle/extracted/train/azelf/1746391836.jpg,train,azelf,1746391836,92efb16f23cb18918c3719bf2a3518cd745610831ab3571aabdff84dc4e99794,224,224,RGB
data/raw/kaggle/extracted/train/azumarill/1745417751.jpg,kaggle/extracted/train/azumarill/1745417751.jpg,train,azumarill,1745417751,01573a7cf5023089096f5425b372973be96a3e784abe0ca05b33b1ae35d79765,224,224,RGB
data/raw/kaggle/extracted/train/azumarill/1745566009.jpg,kaggle/extracted/train/azumarill/1745566009.jpg,train,azumarill,1745566009,106606b4e4fc5b44bea198e607ccf462cf765e6982fd761eab5e9720c0620ff8,224,224,RGB
data/raw/kaggle/extracted/train/azumarill/1745594870.jpg,kaggle/extracted/train/azumarill/1745594870.jpg,train,azumarill,1745594870,609ac348a0f3f128a60187f8c0614cc2fb9089215baea3d87aba4dbce7a2c426,224,224,RGB
data/raw/kaggle/extracted/train/azumarill/1745654101.jpg,kaggle/extracted/train/azumarill/1745654101.jpg,train,azumarill,1745654101,cae3bc1569d2d4194d45aff8edcbfef89e3a52a8829d0a0997d696aa0f8af65b,224,224,RGB
data/raw/kaggle/extracted/train/azumarill/1745661482.jpg,kaggle/extracted/train/azumarill/1745661482.jpg,train,azumarill,1745661482,f4cc3c6afb291907da8501897ee67061be19c5f1d4001515c02e9bdd444dbfd3,224,224,RGB
data/raw/kaggle/extracted/train/azumarill/1745752596.jpg,kaggle/extracted/train/azumarill/1745752596.jpg,train,azumarill,1745752596,72cb81db72f1b5e455461860ae9542ebdd8c4bffbce1b0a95e0687c8054499b5,224,224,RGB
data/raw/kaggle/extracted/train/azumarill/1745980985.jpg,kaggle/extracted/train/azumarill/1745980985.jpg,train,azumarill,1745980985,b5165b1ac4f0afb5984d8f634442afebfd628d0860e2aa09541d4181b01b8ed1,224,224,RGB
data/raw/kaggle/extracted/train/azumarill/1746005243.jpg,kaggle/extracted/train/azumarill/1746005243.jpg,train,azumarill,1746005243,acfb78e283bea6341cb79379cedae611ef391cbb9ccfb8ff71a9314674c65dc8,224,224,RGB
data/raw/kaggle/extracted/train/azumarill/1746006524.jpg,kaggle/extracted/train/azumarill/1746006524.jpg,train,azumarill,1746006524,d7b9e53d319fc13c31d416e63ec8486a7e94a61a62f82409bc324b07278f22a1,224,224,RGB
data/raw/kaggle/extracted/train/azumarill/1746049475.jpg,kaggle/extracted/train/azumarill/1746049475.jpg,train,azumarill,1746049475,1b312542fcb0d9861f3ee186eb0ea447634d778b27d8fc3c30ea4cbcf77e4510,224,224,RGB
data/raw/kaggle/extracted/train/azumarill/1746059848.jpg,kaggle/extracted/train/azumarill/1746059848.jpg,train,azumarill,1746059848,5ffc9b9012545658f07cf2c235b411e252c8d8c449cae78ad2a6f1f4a53dec68,224,224,RGB
data/raw/kaggle/extracted/train/azumarill/1746116408.jpg,kaggle/extracted/train/azumarill/1746116408.jpg,train,azumarill,1746116408,46ac9e6c81bd1cfa31e6b3b9abb9222a3444731f6bdd47af5831664d8e341dc6,224,224,RGB
data/raw/kaggle/extracted/train/azumarill/1746225208.jpg,kaggle/extracted/train/azumarill/1746225208.jpg,train,azumarill,1746225208,854ae9f2021324ec8d7b3ca331dac2624eb2aacf68b422e62ccab97f1ef0126f,224,224,RGB
data/raw/kaggle/extracted/train/azumarill/1746228455.jpg,kaggle/extracted/train/azumarill/1746228455.jpg,train,azumarill,1746228455,fd0137bacff21b4bdb26201ae9670ba68fe85c441b0395b4949c90cd1696f60d,224,224,RGB
data/raw/kaggle/extracted/train/azumarill/1746263534.jpg,kaggle/extracted/train/azumarill/1746263534.jpg,train,azumarill,1746263534,394b8d3aeeb1acf4fbe684c46bf824fb7b13cfd3530f4e1861f06502f33c787d,224,224,RGB
data/raw/kaggle/extracted/train/azumarill/1746346652.jpg,kaggle/extracted/train/azumarill/1746346652.jpg,train,azumarill,1746346652,60e437b759bc9b4ccdc1edb26da577a011102b36f0113da9dcb76e184b102842,224,224,RGB
data/raw/kaggle/extracted/train/azumarill/1746387513.jpg,kaggle/extracted/train/azumarill/1746387513.jpg,train,azumarill,1746387513,ad84156157627244de1d58bd6be742f50811d82c3612fa3b217bb4b63c4b241a,224,224,RGB
data/raw/kaggle/extracted/train/azumarill/1746472128.jpg,kaggle/extracted/train/azumarill/1746472128.jpg,train,azumarill,1746472128,36f1e7500b3247f2ed0e0e72f61eda2155a664a75c488131d1f2789b3782921c,224,224,RGB
data/raw/kaggle/extracted/train/azumarill/1746526173.jpg,kaggle/extracted/train/azumarill/1746526173.jpg,train,azumarill,1746526173,3738810b8ce2cc26249bd8173cccd558accb0e74940ec6b044e101d72d98daf3,224,224,RGB
data/raw/kaggle/extracted/train/azumarill/1746529792.jpg,kaggle/extracted/train/azumarill/1746529792.jpg,train,azumarill,1746529792,249d519be9d3f37e7d6ac832d87f7659de3903e856c68fb70a283ae597f3a682,224,224,RGB
data/raw/kaggle/extracted/train/azumarill/1746546892.jpg,kaggle/extracted/train/azumarill/1746546892.jpg,train,azumarill,1746546892,731f57c9c919fae8a4cd798f79ae4dd868f1ace32c3ff4a8ba68bd2c8f2eedcf,224,224,RGB
data/raw/kaggle/extracted/train/azumarill/1746598448.jpg,kaggle/extracted/train/azumarill/1746598448.jpg,train,azumarill,1746598448,3a69766cfb007021f231208d0f31e1394ae761b3e3c855a3dfc8788f7260185e,224,224,RGB
data/raw/kaggle/extracted/train/azumarill/1746967277.jpg,kaggle/extracted/train/azumarill/1746967277.jpg,train,azumarill,1746967277,77e2192b586976632c4f746a8026049d6f0bca99e1212309804ee607e340efad,224,224,RGB
data/raw/kaggle/extracted/train/azumarill/1746973407.jpg,kaggle/extracted/train/azumarill/1746973407.jpg,train,azumarill,1746973407,c2447f4fe0f5fba74150160d9cddb0afe701034060af897f2cf9f75888aa647e,224,224,RGB
data/raw/kaggle/extracted/train/azumarill/1747179658.jpg,kaggle/extracted/train/azumarill/1747179658.jpg,train,azumarill,1747179658,3267a7c9a1248508712f2bade07931f410ab6f64b434291a7330ba07d54f5976,224,224,RGB
data/raw/kaggle/extracted/train/azurill/1745499279.jpg,kaggle/extracted/train/azurill/1745499279.jpg,train,azurill,1745499279,989697ca0f0556b8541fabbc66b94036a4d92e737f5fb07c0b8211390b67b762,224,224,RGB
data/raw/kaggle/extracted/train/azurill/1745606524.jpg,kaggle/extracted/train/azurill/1745606524.jpg,train,azurill,1745606524,fe0571ac3ebf51ca8c009079a24ca70155e78ff7f18eb2fb1d4e612635e1325f,224,224,RGB
data/raw/kaggle/extracted/train/azurill/1745609980.jpg,kaggle/extracted/train/azurill/1745609980.jpg,train,azurill,1745609980,49b630f9842633582f7f93494510353e8d89d259759b757b4c0cfac15420660a,224,224,RGB
data/raw/kaggle/extracted/train/azurill/1745751337.jpg,kaggle/extracted/train/azurill/1745751337.jpg,train,azurill,1745751337,a72f6c9eafd82957bad6dc1d889668b5ad76c758fc7c8568b9d548b799ecf9cd,224,224,RGB
data/raw/kaggle/extracted/train/azurill/1745752279.jpg,kaggle/extracted/train/azurill/1745752279.jpg,train,azurill,1745752279,51d8816d29119d824e44da64ff0773a73aebc7fa5b42d4262ace31bbe009858a,224,224,RGB
data/raw/kaggle/extracted/train/azurill/1745773395.jpg,kaggle/extracted/train/azurill/1745773395.jpg,train,azurill,1745773395,f034c40ad31b84f256d73413b3e16ef5a3ee908e2aa0b4b1c14a84031bbcf7c9,224,224,RGB
data/raw/kaggle/extracted/train/azurill/1745953987.jpg,kaggle/extracted/train/azurill/1745953987.jpg,train,azurill,1745953987,e977b89fc1cb122118b7479fce06b122aab405ec396f8e0a74ffa80aa6ddd09a,224,224,RGB
data/raw/kaggle/extracted/train/azurill/1745956637.jpg,kaggle/extracted/train/azurill/1745956637.jpg,train,azurill,1745956637,8f061b24bfff799965f4afdf6d305040196a4ac55309ae66d91025cbf7667ef8,224,224,RGB
data/raw/kaggle/extracted/train/azurill/1745995761.jpg,kaggle/extracted/train/azurill/1745995761.jpg,train,azurill,1745995761,ba0c0f848c904c13aced4bc3555d0d9d16491521fe72fb9e47202d213a10a654,224,224,RGB
data/raw/kaggle/extracted/train/azurill/1746000973.jpg,kaggle/extracted/train/azurill/1746000973.jpg,train,azurill,1746000973,831008bf49cea8e01fd13f1353fa7a7c0815e61c8665bedcce54cf1b201d822d,224,224,RGB
data/raw/kaggle/extracted/train/azurill/1746031902.jpg,kaggle/extracted/train/azurill/1746031902.jpg,train,azurill,1746031902,83abbfd72c4fed9f764712856fbfd79def27abb799041d266f82ade74d6eaa47,224,224,RGB
data/raw/kaggle/extracted/train/azurill/1746124312.jpg,kaggle/extracted/train/azurill/1746124312.jpg,train,azurill,1746124312,82a56332940ed5f4ac57c849bf7eabf29f6a0c098919fba859f8221b2c6210cb,224,224,RGB
data/raw/kaggle/extracted/train/azurill/1746130808.jpg,kaggle/extracted/train/azurill/1746130808.jpg,train,azurill,1746130808,b34d70672ee881c032fac39f2e0e33d8e38351338ad21ef0737e479134f91d5b,224,224,RGB
data/raw/kaggle/extracted/train/azurill/1746203363.jpg,kaggle/extracted/train/azurill/1746203363.jpg,train,azurill,1746203363,c37e59460ac65afc74b5ee9f54c127ff4cf01301e7144fa988302059cad6f138,224,224,RGB
data/raw/kaggle/extracted/train/azurill/1746268114.jpg,kaggle/extracted/train/azurill/1746268114.jpg,train,azurill,1746268114,2ee56fdaba3be30c7b250fc6d047ce1996308a61651d460b171c9a405d2f9bcd,224,224,RGB
data/raw/kaggle/extracted/train/azurill/1746344052.jpg,kaggle/extracted/train/azurill/1746344052.jpg,train,azurill,1746344052,f2e14f03cc1a78f7f0fd19383988edc550b1fb9a58218679ed7fdcc644087705,224,224,RGB
data/raw/kaggle/extracted/train/azurill/1746381174.jpg,kaggle/extracted/train/azurill/1746381174.jpg,train,azurill,1746381174,272ad101e0d3f8e0e90157b75a829c85bdf1f358b7eb022f4e1396a5e16b27e8,224,224,RGB
data/raw/kaggle/extracted/train/azurill/1746381572.jpg,kaggle/extracted/train/azurill/1746381572.jpg,train,azurill,1746381572,2898ef82c6669af7e8bfc378b8ff3cefd53054beb99e889ab812f8421f40b59b,224,224,RGB
data/raw/kaggle/extracted/train/azurill/1746387802.jpg,kaggle/extracted/train/azurill/1746387802.jpg,train,azurill,1746387802,89010e4e5585ac0e596692bf180b83ffbc4c771b2150d786aac70937b8264eea,224,224,RGB
data/raw/kaggle/extracted/train/azurill/1746388232.jpg,kaggle/extracted/train/azurill/1746388232.jpg,train,azurill,1746388232,ee596ea00c4d8071e1ff13f272b0b336f90351e02a40513aa947683cbc6d3fcb,224,224,RGB
data/raw/kaggle/extracted/train/azurill/1746431388.jpg,kaggle/extracted/train/azurill/1746431388.jpg,train,azurill,1746431388,b1c01e39c72f3771de2cedf2c94661f21dce84c3c4a25a7d93130c413b78363b,224,224,RGB
data/raw/kaggle/extracted/train/azurill/1746438542.jpg,kaggle/extracted/train/azurill/1746438542.jpg,train,azurill,1746438542,27bc8bc5afab10d36b6d688a5ab950c74ecacf5c0f797b0f989daf759f3fa758,224,224,RGB
data/raw/kaggle/extracted/train/azurill/1746442333.jpg,kaggle/extracted/train/azurill/1746442333.jpg,train,azurill,1746442333,3e8f1e5624c6541e5623a82bd63d267a74fd4dfed7ffff3983ba700b7c86cb7a,224,224,RGB
data/raw/kaggle/extracted/train/azurill/1746446448.jpg,kaggle/extracted/train/azurill/1746446448.jpg,train,azurill,1746446448,c8396eb91383477f787da82c722823907be9057a7aa7ee6e01fd336c43897481,224,224,RGB
data/raw/kaggle/extracted/train/azurill/1746484828.jpg,kaggle/extracted/train/azurill/1746484828.jpg,train,azurill,1746484828,7561cf5434a5cd707e5bd07029fdb56238c050fcefe71995796f42e8b4ebf652,224,224,RGB
data/raw/kaggle/extracted/train/azurill/1746527626.jpg,kaggle/extracted/train/azurill/1746527626.jpg,train,azurill,1746527626,bcf26bcb070453d84de7539cc0c41ce17b4ff80ae1477b082639d728c2586175,224,224,RGB
data/raw/kaggle/extracted/train/azurill/1746530280.jpg,kaggle/extracted/train/azurill/1746530280.jpg,train,azurill,1746530280,4457722bbe22f56bc2f65bf8d271056e6eac18fa2273d4c4f2eece6c4e22f91b,224,224,RGB
data/raw/kaggle/extracted/train/bagon/1745383918.jpg,kaggle/extracted/train/bagon/1745383918.jpg,train,bagon,1745383918,6d291eb546ce765d595247589832596c7b22aedb3a3be8503f65e36fbfe42139,224,224,RGB
data/raw/kaggle/extracted/train/bagon/1745386901.jpg,kaggle/extracted/train/bagon/1745386901.jpg,train,bagon,1745386901,ede07026ef15715404eedd8fa34342faf0a4f2fad8bedaecfaa25fc13a16c9fb,224,224,RGB
data/raw/kaggle/extracted/train/bagon/1745394373.jpg,kaggle/extracted/train/bagon/1745394373.jpg,train,bagon,1745394373,e9ee3c42a54b665f68293009c6b1acc97620254e2ed0b31b3874ff5eb713b7e0,224,224,RGB
data/raw/kaggle/extracted/train/bagon/1745408208.jpg,kaggle/extracted/train/bagon/1745408208.jpg,train,bagon,1745408208,ec27f6e92ec818fb75b2704b327c9328241d8019de3bdd0677464b5e8d89d75b,224,224,RGB
data/raw/kaggle/extracted/train/bagon/1745414375.jpg,kaggle/extracted/train/bagon/1745414375.jpg,train,bagon,1745414375,c11278ac9fba6664a468e49e097483b77abcfb0c923d8e928c767013ebbe113b,224,224,RGB
data/raw/kaggle/extracted/train/bagon/1745414998.jpg,kaggle/extracted/train/bagon/1745414998.jpg,train,bagon,1745414998,42b6eadab4f8e6ba4a715910bb258f278defd8f0d523505eaea298fde187379b,224,224,RGB
data/raw/kaggle/extracted/train/bagon/1745416148.jpg,kaggle/extracted/train/bagon/1745416148.jpg,train,bagon,1745416148,b0ea332b2c3d5a174b37aa81bb5788d4a2f6fa399ef839373fa763039f79f7c0,224,224,RGB
data/raw/kaggle/extracted/train/bagon/1745416212.jpg,kaggle/extracted/train/bagon/1745416212.jpg,train,bagon,1745416212,7ed2bc0a7e4287825a5690ecc0bdacf4eadf1ac75ee1809e687f287e2208d181,224,224,RGB
data/raw/kaggle/extracted/train/bagon/1745418169.jpg,kaggle/extracted/train/bagon/1745418169.jpg,train,bagon,1745418169,10f26f8ae1e3874d1b617d491f60dd3b87005eb096ee09e30069cf9cb834caa4,224,224,RGB
data/raw/kaggle/extracted/train/bagon/1745420026.jpg,kaggle/extracted/train/bagon/1745420026.jpg,train,bagon,1745420026,593906f9b719326e7b14de94aaf162b2e01286073630cc534784b63e59d8411d,224,224,RGB
data/raw/kaggle/extracted/train/bagon/1745420408.jpg,kaggle/extracted/train/bagon/1745420408.jpg,train,bagon,1745420408,a1885a42897d8074182a9a9f296cec3e44340a0a73b12033b47148f3ed17ac8d,224,224,RGB
data/raw/kaggle/extracted/train/bagon/1745422271.jpg,kaggle/extracted/train/bagon/1745422271.jpg,train,bagon,1745422271,b43c98252613b8fabe88f9408f3dad529f4fec75d43bc383b1bb5253bc4a2677,224,224,RGB
data/raw/kaggle/extracted/train/bagon/1745424040.jpg,kaggle/extracted/train/bagon/1745424040.jpg,train,bagon,1745424040,4a5cde0c32289dc15a712bf74d8ffb93cd4128ca814fe45b13fdff65ff764c27,224,224,RGB
data/raw/kaggle/extracted/train/bagon/1745424772.jpg,kaggle/extracted/train/bagon/1745424772.jpg,train,bagon,1745424772,d76a912f18b0cf0cfc5ee491e1f1d8b84772ab0f89475a444ac5a657375ad6b7,224,224,RGB
data/raw/kaggle/extracted/train/bagon/1745435358.jpg,kaggle/extracted/train/bagon/1745435358.jpg,train,bagon,1745435358,b73f20e7f2834f26efd4426b583bf7aabc96eea225705792afc6697b9a41c28c,224,224,RGB
data/raw/kaggle/extracted/train/bagon/1745437077.jpg,kaggle/extracted/train/bagon/1745437077.jpg,train,bagon,1745437077,a2ecad1cb15488d86e9e69e1bb6df94022b4392772a564d1c1f21309712692c6,224,224,RGB
data/raw/kaggle/extracted/train/bagon/1745437413.jpg,kaggle/extracted/train/bagon/1745437413.jpg,train,bagon,1745437413,314a16a2c6b03f5e3750b43778d4ba4fbfd7ef27b8c8014b84e75d14352bdb0c,224,224,RGB
data/raw/kaggle/extracted/train/bagon/1745496103.jpg,kaggle/extracted/train/bagon/1745496103.jpg,train,bagon,1745496103,b0b68af9c856ad33101cdc7f408bb31fab43f8eeb2ede4aaee008223d2299393,224,224,RGB
data/raw/kaggle/extracted/train/bagon/1745498154.jpg,kaggle/extracted/train/bagon/1745498154.jpg,train,bagon,1745498154,bc8cc18be1b4d3c88190eb3e34b2b95bed1bd64f1c5da62aee8fda2434361009,224,224,RGB
data/raw/kaggle/extracted/train/bagon/1745500915.jpg,kaggle/extracted/train/bagon/1745500915.jpg,train,bagon,1745500915,5ff20187ec9a974a78d82294573327cbbd6439ba861462dcd11246fccbf5bfeb,224,224,RGB
data/raw/kaggle/extracted/train/bagon/1745501594.jpg,kaggle/extracted/train/bagon/1745501594.jpg,train,bagon,1745501594,c30ca42fb000f51eb839ba993bc9722fa3b3faa7363d045b844ab42f2e7996a6,224,224,RGB
data/raw/kaggle/extracted/train/bagon/1745502022.jpg,kaggle/extracted/train/bagon/1745502022.jpg,train,bagon,1745502022,ad3d0e81282e908c2958874713430b9cc8fe374d2a8f813e236f6b41702e7815,224,224,RGB
data/raw/kaggle/extracted/train/bagon/1745523088.jpg,kaggle/extracted/train/bagon/1745523088.jpg,train,bagon,1745523088,1e6d9f5dcc178c857933f8370bdf31e617014b78591d903256bf9e5d83efc892,224,224,RGB
data/raw/kaggle/extracted/train/bagon/1745526629.jpg,kaggle/extracted/train/bagon/1745526629.jpg,train,bagon,1745526629,8ecf8d604c4f1cdb8bec1e0085a22f721d90e64875f2813340ea0a2c74faffe6,224,224,RGB
data/raw/kaggle/extracted/train/bagon/1745527671.jpg,kaggle/extracted/train/bagon/1745527671.jpg,train,bagon,1745527671,8221eab39e48568f75613d0477df43d5f6f4cbc5a5b196630585e0487744af91,224,224,RGB
data/raw/kaggle/extracted/train/bagon/1745530990.jpg,kaggle/extracted/train/bagon/1745530990.jpg,train,bagon,1745530990,00eda8745896c2571408322295a513b25914ca06523a119c3f39b388bf6d2f93,224,224,RGB
data/raw/kaggle/extracted/train/bagon/1745531219.jpg,kaggle/extracted/train/bagon/1745531219.jpg,train,bagon,1745531219,83a1e96d9ff8ce0b3e440032ad4cf09d267e970d378ddf694b7447a714e13bf8,224,224,RGB
data/raw/kaggle/extracted/train/bagon/1745532074.jpg,kaggle/extracted/train/bagon/1745532074.jpg,train,bagon,1745532074,57fecec31af8529c4397ad866587d8403b0ced40f54767210a24d9591a3af12d,224,224,RGB
data/raw/kaggle/extracted/train/bagon/1745532497.jpg,kaggle/extracted/train/bagon/1745532497.jpg,train,bagon,1745532497,a8fdc50c0f400eceb3a5028dafbf23d9967fb7b55f8e935fbe83ac07f93c9692,224,224,RGB
data/raw/kaggle/extracted/train/bagon/1745533990.jpg,kaggle/extracted/train/bagon/1745533990.jpg,train,bagon,1745533990,ada498f0ec3bb18a6bd5bce26477986d471cb8750b93bc407d4436b2b2f653e7,224,224,RGB
data/raw/kaggle/extracted/train/bagon/1745560978.jpg,kaggle/extracted/train/bagon/1745560978.jpg,train,bagon,1745560978,5a7654595399ae5e32633dbfbe1cde1563765d0d3b70b287ab2a1c1ef0d338d4,224,224,RGB
data/raw/kaggle/extracted/train/bagon/1745562036.jpg,kaggle/extracted/train/bagon/1745562036.jpg,train,bagon,1745562036,accb1ea8e3895ff14072ad4def906a1561dbcc36fa721233d737e766d9410d8e,224,224,RGB
data/raw/kaggle/extracted/train/bagon/1745562195.jpg,kaggle/extracted/train/bagon/1745562195.jpg,train,bagon,1745562195,c36e9324e2c4b085eb852ef0ebb1b736699b029a0f5dd97b7527ac2740354759,224,224,RGB
data/raw/kaggle/extracted/train/bagon/1745567359.jpg,kaggle/extracted/train/bagon/1745567359.jpg,train,bagon,1745567359,aab8e2d18b4316545785dd8561c6ae189e5ff824d3684e68463c15a6a5ca8eae,224,224,RGB
data/raw/kaggle/extracted/train/bagon/1745569130.jpg,kaggle/extracted/train/bagon/1745569130.jpg,train,bagon,1745569130,c6a9ce6bfbc36040d8c72065a2d3b53791a877222ebe6fc8c07bcc57347d97b2,224,224,RGB
data/raw/kaggle/extracted/train/bagon/1745573518.jpg,kaggle/extracted/train/bagon/1745573518.jpg,train,bagon,1745573518,9b708a6d02645c0e813bc5fb8a2e6833203b1a326b9de3e3dd34eb12b9d81788,224,224,RGB
data/raw/kaggle/extracted/train/bagon/1745588474.jpg,kaggle/extracted/train/bagon/1745588474.jpg,train,bagon,1745588474,b34988d71045434877f60f9c08a62bc0f3ea7bbf750d46286c57eb15433517f9,224,224,RGB
data/raw/kaggle/extracted/train/bagon/1745588748.jpg,kaggle/extracted/train/bagon/1745588748.jpg,train,bagon,1745588748,0af886a05f0cd6311fcccaf7700feb70565ecf9c94b50d4af3662ca7d670a29b,224,224,RGB
data/raw/kaggle/extracted/train/bagon/1745595231.jpg,kaggle/extracted/train/bagon/1745595231.jpg,train,bagon,1745595231,78743266f2c057c71302037918e243f7bd3452d6970a4da5a93fa520e8a14ca8,224,224,RGB
data/raw/kaggle/extracted/train/bagon/1745595357.jpg,kaggle/extracted/train/bagon/1745595357.jpg,train,bagon,1745595357,a580e5ef454cb5821e8274468657abece0d5845dd4bdb1b9ff112aec3a387cb7,224,224,RGB
data/raw/kaggle/extracted/train/bagon/1745595794.jpg,kaggle/extracted/train/bagon/1745595794.jpg,train,bagon,1745595794,4bfce44bd1d51d6d246f8db47822a0358d3c53e006a1da068a813d439f2bdcda,224,224,RGB
data/raw/kaggle/extracted/train/bagon/1745597036.jpg,kaggle/extracted/train/bagon/1745597036.jpg,train,bagon,1745597036,a85aadd57a6563de146e19d16b4413dabab024e17f774c854dc76fddc5f421bc,224,224,RGB
data/raw/kaggle/extracted/train/bagon/1745597948.jpg,kaggle/extracted/train/bagon/1745597948.jpg,train,bagon,1745597948,93182856825a75d7ba417bdd22493a50df41d2728b389329cc39c2d15617ad8d,224,224,RGB
data/raw/kaggle/extracted/train/bagon/1745598258.jpg,kaggle/extracted/train/bagon/1745598258.jpg,train,bagon,1745598258,017745d81a44d20134dfe640ec6ac447a9e0ec846df4b93d35889d5d45357e49,224,224,RGB
data/raw/kaggle/extracted/train/bagon/1745599377.jpg,kaggle/extracted/train/bagon/1745599377.jpg,train,bagon,1745599377,80491d7e9cc62882af09d70039cea77a29fd69a42c2b137803e95d02d0c7894a,224,224,RGB
data/raw/kaggle/extracted/train/bagon/1745605736.jpg,kaggle/extracted/train/bagon/1745605736.jpg,train,bagon,1745605736,d74b90490c384850b791bc4541e86c3d55ea0e291b3fc2ba59fed2bae235698d,224,224,RGB
data/raw/kaggle/extracted/train/bagon/1745606444.jpg,kaggle/extracted/train/bagon/1745606444.jpg,train,bagon,1745606444,08652145ce7b7661c8d83b19f2150eac2ad9003076bf98c1ee19fa8205a3ea37,224,224,RGB
data/raw/kaggle/extracted/train/bagon/1745653558.jpg,kaggle/extracted/train/bagon/1745653558.jpg,train,bagon,1745653558,d7e7e861bade093cccf3d3cf527af16ca8b345718eb518f3d7b08000a6120e14,224,224,RGB
data/raw/kaggle/extracted/train/bagon/1745655469.jpg,kaggle/extracted/train/bagon/1745655469.jpg,train,bagon,1745655469,8cbb5c7dff406d910ff04c75d72207c99543dab65454d575f6159acec80e0f17,224,224,RGB
data/raw/kaggle/extracted/train/bagon/1745657269.jpg,kaggle/extracted/train/bagon/1745657269.jpg,train,bagon,1745657269,5ae5cd0b1fb37280546da816a87d7310d120507345947fcf0a0ce9fe4ad3a7e2,224,224,RGB
data/raw/kaggle/extracted/train/bagon/1745657877.jpg,kaggle/extracted/train/bagon/1745657877.jpg,train,bagon,1745657877,5e8ebd48129802b8b27a1510fe14598d9a782ade010122e66f714468d4415b3e,224,224,RGB
data/raw/kaggle/extracted/train/bagon/1745660839.jpg,kaggle/extracted/train/bagon/1745660839.jpg,train,bagon,1745660839,015b7f9fe33d15734927f87a87385a1ec3ac809c2e64fc0bf16bdcd1226d5060,224,224,RGB
data/raw/kaggle/extracted/train/bagon/1745661662.jpg,kaggle/extracted/train/bagon/1745661662.jpg,train,bagon,1745661662,4f62263d48fb7f434f2450fce30021c66fd1f2080c09d76b7a602cf2fce10bc3,224,224,RGB
data/raw/kaggle/extracted/train/bagon/1745663101.jpg,kaggle/extracted/train/bagon/1745663101.jpg,train,bagon,1745663101,f3b25541407f158e2061f4a210567f070d2b00b5e659577024630fe2e1ee5df2,224,224,RGB
data/raw/kaggle/extracted/train/bagon/1745663941.jpg,kaggle/extracted/train/bagon/1745663941.jpg,train,bagon,1745663941,ff8158c5c271a1b0e913c8b5021c3c5336d8faf873fa75095d60893f8171614a,224,224,RGB
data/raw/kaggle/extracted/train/bagon/1745668841.jpg,kaggle/extracted/train/bagon/1745668841.jpg,train,bagon,1745668841,ebd6fbf4fb89e64a59f31caee78045f6c76e00cf3a0da79bd49d88a522a33ea2,224,224,RGB
data/raw/kaggle/extracted/train/bagon/1745670838.jpg,kaggle/extracted/train/bagon/1745670838.jpg,train,bagon,1745670838,fd09c17eb5147fc952e7428027a1f41015bb65d498a9ed4fd418b142ea287c48,224,224,RGB
data/raw/kaggle/extracted/train/bagon/1745671897.jpg,kaggle/extracted/train/bagon/1745671897.jpg,train,bagon,1745671897,52924efb756e126f5c28936753b849a5a772c218f9e4e7965c0821906c3a41d5,224,224,RGB
data/raw/kaggle/extracted/train/bagon/1745672296.jpg,kaggle/extracted/train/bagon/1745672296.jpg,train,bagon,1745672296,4d8b9a8c450d4f4bda3ab804af3687ac2ab11e1cd08e56a861d5d120a46359ee,224,224,RGB
data/raw/kaggle/extracted/train/bagon/1745749789.jpg,kaggle/extracted/train/bagon/1745749789.jpg,train,bagon,1745749789,c08209c69e1b51800450395cf43165b33e9f522aca06445d4374bd9acbf90ec7,224,224,RGB
data/raw/kaggle/extracted/train/bagon/1745750899.jpg,kaggle/extracted/train/bagon/1745750899.jpg,train,bagon,1745750899,a9214c332e2c5d6ad9b7d2374efb2c75085217a853f7fc7ebb8ef95b03f3dbba,224,224,RGB
data/raw/kaggle/extracted/train/bagon/1745752860.jpg,kaggle/extracted/train/bagon/1745752860.jpg,train,bagon,1745752860,8112ab14ad18d181b978e0a9865b922c22df4e84caee025d47791617802d327b,224,224,RGB
data/raw/kaggle/extracted/train/bagon/1745753197.jpg,kaggle/extracted/train/bagon/1745753197.jpg,train,bagon,1745753197,409f604ffc73ef341f37f7c459c9fb77148a88f4f9f6476da3b6c24abbe376c4,224,224,RGB
data/raw/kaggle/extracted/train/bagon/1745767987.jpg,kaggle/extracted/train/bagon/1745767987.jpg,train,bagon,1745767987,f1e57d1b7b5addf81fa567feea4adc029e1bd270a0943e175395606b6cb3e58c,224,224,RGB
data/raw/kaggle/extracted/train/bagon/1745767987_hflip.jpg,kaggle/extracted/train/bagon/1745767987_hflip.jpg,train,bagon,1745767987,f0b3e197ac12068a4eeff999d1ad2a9aa13e33b8b12be4da57e8f1fb4442f451,224,224,RGB
data/raw/kaggle/extracted/train/bagon/1745768436.jpg,kaggle/extracted/train/bagon/1745768436.jpg,train,bagon,1745768436,4ead3767e72f0889569ab6ad45b45eb77a736a504aa9d59b272b8e804067f3fd,224,224,RGB
data/raw/kaggle/extracted/train/bagon/1745772407.jpg,kaggle/extracted/train/bagon/1745772407.jpg,train,bagon,1745772407,29a07d6deb68fbf19cd480d6c8f1fe083b114e6f9be5f8fb6ff0845719c81d23,224,224,RGB
data/raw/kaggle/extracted/train/bagon/1745780969.jpg,kaggle/extracted/train/bagon/1745780969.jpg,train,bagon,1745780969,a9f5a758eb40ee50a3a95ae45cc1f8bb29b492c151dc3d8014c2bd99a6cb5818,224,224,RGB
data/raw/kaggle/extracted/train/bagon/1745781590.jpg,kaggle/extracted/train/bagon/1745781590.jpg,train,bagon,1745781590,5490d6fb7777acf5cbfea570ef2c3418a7fe57cbdf26e776c2ad193ed695b148,224,224,RGB
data/raw/kaggle/extracted/train/bagon/1745861754.jpg,kaggle/extracted/train/bagon/1745861754.jpg,train,bagon,1745861754,a856020d516a06c6431cd3f8332b286f137eeb34e2de4f753280215bb53b9acb,224,224,RGB
data/raw/kaggle/extracted/train/bagon/1745954187.jpg,kaggle/extracted/train/bagon/1745954187.jpg,train,bagon,1745954187,7fea9092a5b7ce02945098c1132b6b78c29d4a7bcbc2d30ba03c90589ebccda9,224,224,RGB
data/raw/kaggle/extracted/train/bagon/1745954232.jpg,kaggle/extracted/train/bagon/1745954232.jpg,train,bagon,1745954232,7cd2d1c2ad1564661d4142fa95817d657cd74d52a3704a61b803de493c331ab7,224,224,RGB
data/raw/kaggle/extracted/train/bagon/1745954321.jpg,kaggle/extracted/train/bagon/1745954321.jpg,train,bagon,1745954321,b037532529a5711b8950bd026c65a5f84cb3994d837123580f32677e9598c1a9,224,224,RGB
data/raw/kaggle/extracted/train/baltoy/1745394411.jpg,kaggle/extracted/train/baltoy/1745394411.jpg,train,baltoy,1745394411,78ef4c4a0f408253c1f5f0641b7411c1fbd60fb0f0d2e9157c16cbe9529f0b6e,224,224,RGB
data/raw/kaggle/extracted/train/baltoy/1745408260.jpg,kaggle/extracted/train/baltoy/1745408260.jpg,train,baltoy,1745408260,7f12e6f61bf0eb5e4fe843dad596a7ece4007dc0d8b012b9bfd1905bb1bc3fdc,224,224,RGB
data/raw/kaggle/extracted/train/baltoy/1745431557.jpg,kaggle/extracted/train/baltoy/1745431557.jpg,train,baltoy,1745431557,0fda83c6b7b2746cb2d4ba681725541d7f49bd6107c6b04a01dc40f43e1b8de1,224,224,RGB
data/raw/kaggle/extracted/train/baltoy/1745436578.jpg,kaggle/extracted/train/baltoy/1745436578.jpg,train,baltoy,1745436578,607ecec20477f5b815673a348aa8f49839332c284a4e7df36fb7b011894132a8,224,224,RGB
data/raw/kaggle/extracted/train/baltoy/1745437475.jpg,kaggle/extracted/train/baltoy/1745437475.jpg,train,baltoy,1745437475,5a4911ba6a05ba82262d10226c0ef7f1b0622f19eb737cee26aca93f9546164c,224,224,RGB
data/raw/kaggle/extracted/train/baltoy/1745495056.jpg,kaggle/extracted/train/baltoy/1745495056.jpg,train,baltoy,1745495056,fcd98fac9e0da87ae81e35712544e16a3d698aebd2454d5dcb801ab0a7f82971,224,224,RGB
data/raw/kaggle/extracted/train/baltoy/1745508099.jpg,kaggle/extracted/train/baltoy/1745508099.jpg,train,baltoy,1745508099,e6b51979d8aa4ca1ccd1df83856b7e49e46c05aef4947d2c0cce2eb2f9b85c5f,224,224,RGB
data/raw/kaggle/extracted/train/baltoy/1745560198.jpg,kaggle/extracted/train/baltoy/1745560198.jpg,train,baltoy,1745560198,58daee769ed8f3d89f3b8df2c5e96c0bc2c825ca841364c9cc738fe2323ed755,224,224,RGB
data/raw/kaggle/extracted/train/baltoy/1745566976.jpg,kaggle/extracted/train/baltoy/1745566976.jpg,train,baltoy,1745566976,f5b8474d2a54a6572f2c9f1a5105fa68df25ee59d1af87192d3202911df2e27b,224,224,RGB
data/raw/kaggle/extracted/train/baltoy/1745569357.jpg,kaggle/extracted/train/baltoy/1745569357.jpg,train,baltoy,1745569357,b526298460eae0a78f175d8391294c8a4a5a72ba99b1bfade5d9ff64460d6f6e,224,224,RGB
data/raw/kaggle/extracted/train/baltoy/1745651130.jpg,kaggle/extracted/train/baltoy/1745651130.jpg,train,baltoy,1745651130,ebfd0ba7264eba1e6e26e3487142a0a13bf3f65183e2e772cdf68ffaf734e513,224,224,RGB
data/raw/kaggle/extracted/train/baltoy/1745665356.jpg,kaggle/extracted/train/baltoy/1745665356.jpg,train,baltoy,1745665356,17a3d8c5fae6a18bd85f4dcec5f0b47828ba1eb1076ece4a3ea932aee5b4fc7e,224,224,RGB
data/raw/kaggle/extracted/train/baltoy/1745751669.jpg,kaggle/extracted/train/baltoy/1745751669.jpg,train,baltoy,1745751669,11d81feef095486c4fe0695eef674a42beeffcf47370f4373cba800c0d223310,224,224,RGB
data/raw/kaggle/extracted/train/baltoy/1745752997.jpg,kaggle/extracted/train/baltoy/1745752997.jpg,train,baltoy,1745752997,a75b09e9e6fefa4c2475e144cc06d5081ddb215deeca9602a6802b70769e2410,224,224,RGB
data/raw/kaggle/extracted/train/baltoy/1745755117.jpg,kaggle/extracted/train/baltoy/1745755117.jpg,train,baltoy,1745755117,54a07e73ee5010155068e94f7630c176409e260b4e4ee799d2bafa7e0deaf5b5,224,224,RGB
data/raw/kaggle/extracted/train/baltoy/1745760804.jpg,kaggle/extracted/train/baltoy/1745760804.jpg,train,baltoy,1745760804,3bde0b479440c4bce4eeee47f7eb118bac93438e7386d2a28d24cd3bbfb57002,224,224,RGB
data/raw/kaggle/extracted/train/baltoy/1745778229.jpg,kaggle/extracted/train/baltoy/1745778229.jpg,train,baltoy,1745778229,72c9e4c8894a8c04460f40f795f0d954e19896a893a49e613e87a1cb61f430b9,224,224,RGB
data/raw/kaggle/extracted/train/baltoy/1745862669.jpg,kaggle/extracted/train/baltoy/1745862669.jpg,train,baltoy,1745862669,8f83fd6a08b9ea1ff4db4e39ca479e4af5009aa55d9c2e17aca777f3343d353a,224,224,RGB
data/raw/kaggle/extracted/train/baltoy/1745954091.jpg,kaggle/extracted/train/baltoy/1745954091.jpg,train,baltoy,1745954091,8c0e4eba33d651ff472e11c565ef69ad8ec1c0bc42b26cc3195efdc9f705450e,224,224,RGB
data/raw/kaggle/extracted/train/baltoy/1745955387.jpg,kaggle/extracted/train/baltoy/1745955387.jpg,train,baltoy,1745955387,e4642925eba7720995e0ce0e2178640516a966b6c87ccdd6568a74e4d2913034,224,224,RGB
data/raw/kaggle/extracted/train/baltoy/1745956828.jpg,kaggle/extracted/train/baltoy/1745956828.jpg,train,baltoy,1745956828,7dd2a86c64d592f24a5540b6bdf1ea668afb1b62b7f3998160b74bcd10076bb0,224,224,RGB
data/raw/kaggle/extracted/train/baltoy/1745957828.jpg,kaggle/extracted/train/baltoy/1745957828.jpg,train,baltoy,1745957828,82873fecff7474212e56a744208da7fff9b22581d935b1d10e18ac5fc67fc5ac,224,224,RGB
data/raw/kaggle/extracted/train/baltoy/1745958820.jpg,kaggle/extracted/train/baltoy/1745958820.jpg,train,baltoy,1745958820,b5b9f1e92c133331c712c62158c424ca56bd9bfaaf3fba069a068d148b0590e0,224,224,RGB
data/raw/kaggle/extracted/train/baltoy/1745959830.jpg,kaggle/extracted/train/baltoy/1745959830.jpg,train,baltoy,1745959830,a7b6144f6022653a6c5f0bcc877db4c5bc00a8bf9b20f29b339598289be67842,224,224,RGB
data/raw/kaggle/extracted/train/baltoy/1745960667.jpg,kaggle/extracted/train/baltoy/1745960667.jpg,train,baltoy,1745960667,88dba6c8ca899944c19cf771ea4ce465c2ad63f08a90ae13313b513cb6d2f3cb,224,224,RGB
data/raw/kaggle/extracted/train/baltoy/1745963169.jpg,kaggle/extracted/train/baltoy/1745963169.jpg,train,baltoy,1745963169,7f5226d9ae8e991f0fd7d678d249391e32d98fb8497249559290b55a8b8d799f,224,224,RGB
data/raw/kaggle/extracted/train/baltoy/1745964486.jpg,kaggle/extracted/train/baltoy/1745964486.jpg,train,baltoy,1745964486,2c332fd527137e6bd4468b086a7bea34980e013d7bb25f2f8092378766450cee,224,224,RGB
data/raw/kaggle/extracted/train/baltoy/1745966509.jpg,kaggle/extracted/train/baltoy/1745966509.jpg,train,baltoy,1745966509,d0bd54921d9cfe57b0b2395ce8a267669fe68a34d3920b61cdf11ecf122aab93,224,224,RGB
data/raw/kaggle/extracted/train/baltoy/1745978105.jpg,kaggle/extracted/train/baltoy/1745978105.jpg,train,baltoy,1745978105,8cfc2d2b4a5b39d58aaf41d31b70a93acf4360fe73c5369b1347a20e260bb44c,224,224,RGB
data/raw/kaggle/extracted/train/baltoy/1745986469.jpg,kaggle/extracted/train/baltoy/1745986469.jpg,train,baltoy,1745986469,6a065c4cee32d1e2c38b112471343f8570dcc5065e12c6e7c068787cdf5c80ab,224,224,RGB
data/raw/kaggle/extracted/train/baltoy/1745989508.jpg,kaggle/extracted/train/baltoy/1745989508.jpg,train,baltoy,1745989508,32b491ab48fd92abdc52b0c7e2a8196eccc944b9350da6ed718b2f86d35d0c8b,224,224,RGB
data/raw/kaggle/extracted/train/baltoy/1745989657.jpg,kaggle/extracted/train/baltoy/1745989657.jpg,train,baltoy,1745989657,b5740505b51a7023dc3b91dbf66870c691a5d3b7c9a31ee16606d6510c475d31,224,224,RGB
data/raw/kaggle/extracted/train/baltoy/1745991004.jpg,kaggle/extracted/train/baltoy/1745991004.jpg,train,baltoy,1745991004,da4688433fdba7cf2913d558e584f26763627c86ffb222fa45a628cfae1b1bc6,224,224,RGB
data/raw/kaggle/extracted/train/baltoy/1745994155.jpg,kaggle/extracted/train/baltoy/1745994155.jpg,train,baltoy,1745994155,16a35d7e63096a8c00dcc35af3fdc41a4fdec1e9f99c6e73551bdd6bf6ab0797,224,224,RGB
data/raw/kaggle/extracted/train/baltoy/1745998557.jpg,kaggle/extracted/train/baltoy/1745998557.jpg,train,baltoy,1745998557,d339be526b617e4440b78543864ce80bebf71274fc46b85d599dbca06eaae389,224,224,RGB
data/raw/kaggle/extracted/train/baltoy/1745999823.jpg,kaggle/extracted/train/baltoy/1745999823.jpg,train,baltoy,1745999823,d3d18f6c80b1c43b992487f30216656b6d0279ceebe4f8bbc56c42678bc7f15f,224,224,RGB
data/raw/kaggle/extracted/train/baltoy/1746000148.jpg,kaggle/extracted/train/baltoy/1746000148.jpg,train,baltoy,1746000148,b02f4f29596f7249ef0065daaf33bf315fd342a8ecec5f429a34b5db942b1ec8,224,224,RGB
data/raw/kaggle/extracted/train/baltoy/1746004083.jpg,kaggle/extracted/train/baltoy/1746004083.jpg,train,baltoy,1746004083,52fe2f9b334fb186d071b95b431496db0b635e84712c46b50f3d227963c48284,224,224,RGB
data/raw/kaggle/extracted/train/baltoy/1746005222.jpg,kaggle/extracted/train/baltoy/1746005222.jpg,train,baltoy,1746005222,a285b304b288f302cee60ced41d7d2389962b12246940d59bd56bfef586f3287,224,224,RGB
data/raw/kaggle/extracted/train/baltoy/1746018763.jpg,kaggle/extracted/train/baltoy/1746018763.jpg,train,baltoy,1746018763,1357d9d9476637f2fa8d37238cf27c416030538100012ad745b7f88c27522dd8,224,224,RGB
data/raw/kaggle/extracted/train/baltoy/1746038758.jpg,kaggle/extracted/train/baltoy/1746038758.jpg,train,baltoy,1746038758,069813b66cb62c0809a5b4c7feb5e7a533e0afbcaf7b4d4025cf4a90ff55e4c7,224,224,RGB
data/raw/kaggle/extracted/train/baltoy/1746042508.jpg,kaggle/extracted/train/baltoy/1746042508.jpg,train,baltoy,1746042508,a06488e0009dcfe24deb5c9228bd20b02447a4ab17f30526f5d56b139b3c7656,224,224,RGB
data/raw/kaggle/extracted/train/baltoy/1746044677.jpg,kaggle/extracted/train/baltoy/1746044677.jpg,train,baltoy,1746044677,54bf78b909ddf59fb9d5cf6559f6e168c086de94bd75e64830ef09c6fbcdd614,224,224,RGB
data/raw/kaggle/extracted/train/baltoy/1746046743.jpg,kaggle/extracted/train/baltoy/1746046743.jpg,train,baltoy,1746046743,83ee90bc52da423865b57eaba21f4be0aefe59d12e2346b3f2cd5ea9b5527d87,224,224,RGB
data/raw/kaggle/extracted/train/baltoy/1746129936.jpg,kaggle/extracted/train/baltoy/1746129936.jpg,train,baltoy,1746129936,9efd78f852ba56489ed939524d846c551e6f4589f522ab4a03f7548e461b559b,224,224,RGB
data/raw/kaggle/extracted/train/baltoy/1746130260.jpg,kaggle/extracted/train/baltoy/1746130260.jpg,train,baltoy,1746130260,e75a70392ca2e3a6349626d70fd9ce13c1f16b518c59835883acd3970ce4c52d,224,224,RGB
data/raw/kaggle/extracted/train/baltoy/1746139027.jpg,kaggle/extracted/train/baltoy/1746139027.jpg,train,baltoy,1746139027,aa1b74212c835999487c427f5553ea4b02ddef8c94626166ed93190d3b240f03,224,224,RGB
data/raw/kaggle/extracted/train/baltoy/1746152977.jpg,kaggle/extracted/train/baltoy/1746152977.jpg,train,baltoy,1746152977,68bce881d83eda5845ba1341c8045d34f790326d702fb959a11002f6f39d0028,224,224,RGB
data/raw/kaggle/extracted/train/baltoy/1746199294.jpg,kaggle/extracted/train/baltoy/1746199294.jpg,train,baltoy,1746199294,54c3e59afdac8174e6dcb9e5ce642efa4344c36813351d6f7dd6fbe9dbd09fc0,224,224,RGB
data/raw/kaggle/extracted/train/baltoy/1746218287.jpg,kaggle/extracted/train/baltoy/1746218287.jpg,train,baltoy,1746218287,d20424c665a34e40b1756bec5751d37f51258a369b10ca4cd75e5d762a25fe79,224,224,RGB
data/raw/kaggle/extracted/train/baltoy/1746254675.jpg,kaggle/extracted/train/baltoy/1746254675.jpg,train,baltoy,1746254675,a809cc909ddf219452281b64ccb8a199fdfff6282235c4fc5abed283d3159aa4,224,224,RGB
data/raw/kaggle/extracted/train/baltoy/1746261157.jpg,kaggle/extracted/train/baltoy/1746261157.jpg,train,baltoy,1746261157,3aa355d7e053fc30379805057083383584b4fe2921ed38ce3107d6c7f8339651,224,224,RGB
data/raw/kaggle/extracted/train/baltoy/1746263894.jpg,kaggle/extracted/train/baltoy/1746263894.jpg,train,baltoy,1746263894,5b3d97b5afd39db28f6b1f61739f6bdb11523109ebc396e4830d6fc95d8ff14f,224,224,RGB
data/raw/kaggle/extracted/train/baltoy/1746344602.jpg,kaggle/extracted/train/baltoy/1746344602.jpg,train,baltoy,1746344602,a93acb141eaf4575e0fa1a163cd7ec8ea4afa047d422de43f2f714358fab860d,224,224,RGB
data/raw/kaggle/extracted/train/baltoy/1746349298.jpg,kaggle/extracted/train/baltoy/1746349298.jpg,train,baltoy,1746349298,3522da7f87fd2aa94eab56a56f6268a335de58422956123c87328012df3ec0c4,224,224,RGB
data/raw/kaggle/extracted/train/baltoy/1746350115.jpg,kaggle/extracted/train/baltoy/1746350115.jpg,train,baltoy,1746350115,1c97c98aa0aa7836a6c96cada0328b6a2019d769165be7e1ccbe7e951ad55b87,224,224,RGB
data/raw/kaggle/extracted/train/baltoy/1746352595.jpg,kaggle/extracted/train/baltoy/1746352595.jpg,train,baltoy,1746352595,0e3e424492d30177d8d20a3ab89ab87bf92e288b87d9afdc8048642fb7fb5a46,224,224,RGB
data/raw/kaggle/extracted/train/baltoy/1746353773.jpg,kaggle/extracted/train/baltoy/1746353773.jpg,train,baltoy,1746353773,95c2e3871ced26b0cbf590c7ce51180f74c3336a885c06bf88792fd1217e26ab,224,224,RGB
data/raw/kaggle/extracted/train/baltoy/1746357634.jpg,kaggle/extracted/train/baltoy/1746357634.jpg,train,baltoy,1746357634,bbe5577784b8f014ad04783d1651904edbaf90c18dab78cd815c0a9cf5a722ca,224,224,RGB
data/raw/kaggle/extracted/train/baltoy/1746379911.jpg,kaggle/extracted/train/baltoy/1746379911.jpg,train,baltoy,1746379911,8c83648bebb32f3175dfc4e84395909e22e929d766ebfdbb971c02d7d08014d8,224,224,RGB
data/raw/kaggle/extracted/train/baltoy/1746429201.jpg,kaggle/extracted/train/baltoy/1746429201.jpg,train,baltoy,1746429201,2e0182fc747349cbb5b9631cb779b35d4e5173185f82f69ad99df6fd6dc8f64c,224,224,RGB
data/raw/kaggle/extracted/train/baltoy/1746429282.jpg,kaggle/extracted/train/baltoy/1746429282.jpg,train,baltoy,1746429282,793d4664126ef8fbe9335b991a5d593de4a993fbe9934b0a0e02c9d7ac7f6b3a,224,224,RGB
data/raw/kaggle/extracted/train/baltoy/1746429342.jpg,kaggle/extracted/train/baltoy/1746429342.jpg,train,baltoy,1746429342,58e27840a83cdd52ba620d4f9fe458de4f31430880a88cb9b1a8d646a4370fba,224,224,RGB
data/raw/kaggle/extracted/train/baltoy/1746430994.jpg,kaggle/extracted/train/baltoy/1746430994.jpg,train,baltoy,1746430994,11997ce864edf84022a7f0430db762ff572166cd4cb7e7d95203ad832233f6cd,224,224,RGB
data/raw/kaggle/extracted/train/baltoy/1746431673.jpg,kaggle/extracted/train/baltoy/1746431673.jpg,train,baltoy,1746431673,99af6db02aa9cc8f54d63865070a82d5580b5b5fc8f036bc3e8e8da2921a8ab5,224,224,RGB
data/raw/kaggle/extracted/train/baltoy/1746434860.jpg,kaggle/extracted/train/baltoy/1746434860.jpg,train,baltoy,1746434860,a6c39ea671f73f7f2ee376858aa6c6782d840393414f8b3a1ec83b23c70a04ed,224,224,RGB
data/raw/kaggle/extracted/train/baltoy/1746440414.jpg,kaggle/extracted/train/baltoy/1746440414.jpg,train,baltoy,1746440414,deda5156d0f053dda5aed90952fb4bf01655ce52d7c133080d4cf015d20b6423,224,224,RGB
data/raw/kaggle/extracted/train/baltoy/1746441690.jpg,kaggle/extracted/train/baltoy/1746441690.jpg,train,baltoy,1746441690,dfa45732b33c1ea7d996eee201529e2036641dd61b92797f647339d077606d88,224,224,RGB
data/raw/kaggle/extracted/train/baltoy/1746442034.jpg,kaggle/extracted/train/baltoy/1746442034.jpg,train,baltoy,1746442034,8981ad03528a9630cd42943ce288278dd3ee1ffd16667dcb8fd14c74753c6820,224,224,RGB
data/raw/kaggle/extracted/train/baltoy/1746445622.jpg,kaggle/extracted/train/baltoy/1746445622.jpg,train,baltoy,1746445622,ae6c4cb99eb2fdb219aa61ae1d2b4d50c0f0d141e967774f762e3bc31c852e88,224,224,RGB
data/raw/kaggle/extracted/train/baltoy/1746446148.jpg,kaggle/extracted/train/baltoy/1746446148.jpg,train,baltoy,1746446148,671be7c4777c5fd1f020641dd91a070ff13fcb0925b45fc7126715e527118776,224,224,RGB
data/raw/kaggle/extracted/train/banette/1745401859.jpg,kaggle/extracted/train/banette/1745401859.jpg,train,banette,1745401859,5c5b9aff4ac7607dfcb6358b8d4d482fac281197cc2a79994632ef3a7e9b8fbd,224,224,RGB
data/raw/kaggle/extracted/train/banette/1745415424.jpg,kaggle/extracted/train/banette/1745415424.jpg,train,banette,1745415424,32620cbcf1c9389fe46482f4b6adc47896f36875002119bd3f480c7a8d84cc29,224,224,RGB
data/raw/kaggle/extracted/train/banette/1745497682.jpg,kaggle/extracted/train/banette/1745497682.jpg,train,banette,1745497682,210a27598baeddd8aa775a3e9f7353a21d1e7e2874f687bf1701e0941b282548,224,224,RGB
data/raw/kaggle/extracted/train/banette/1745597704.jpg,kaggle/extracted/train/banette/1745597704.jpg,train,banette,1745597704,807ca37422e81fd79d2f10eb5009366959baf681718e84aa496a36e99f071db8,224,224,RGB
data/raw/kaggle/extracted/train/banette/1745609648.jpg,kaggle/extracted/train/banette/1745609648.jpg,train,banette,1745609648,e0ffe191cbb1c0a13b24b74a8c8c9afe4d3af89ba6552c8f5a79445ecc7a64f3,224,224,RGB
data/raw/kaggle/extracted/train/banette/1745610717.jpg,kaggle/extracted/train/banette/1745610717.jpg,train,banette,1745610717,f3ccf2bf45ab0dfc57a41f80e3b816d980501c514a2d718ee9da06314fc79a9e,224,224,RGB
data/raw/kaggle/extracted/train/banette/1745658628.jpg,kaggle/extracted/train/banette/1745658628.jpg,train,banette,1745658628,13a21b4d280882744d22be2bc87a35c78ff266dc34d81154136afdf3e6924b31,224,224,RGB
data/raw/kaggle/extracted/train/banette/1745955397.jpg,kaggle/extracted/train/banette/1745955397.jpg,train,banette,1745955397,7bd5a06405bfe2a7d590d380a076b76e2e4770d10ca4472a5f9329e9e189509e,224,224,RGB
data/raw/kaggle/extracted/train/banette/1745958309.jpg,kaggle/extracted/train/banette/1745958309.jpg,train,banette,1745958309,8449c5c71d55d50dd13f6918c2bab77a58cdab8863a390ded57f931d83abf75f,224,224,RGB
data/raw/kaggle/extracted/train/banette/1745991710.jpg,kaggle/extracted/train/banette/1745991710.jpg,train,banette,1745991710,17e54b72f63465b41122989474649f558c16f1e0319691457853eccdef86116d,224,224,RGB
data/raw/kaggle/extracted/train/banette/1745992041.jpg,kaggle/extracted/train/banette/1745992041.jpg,train,banette,1745992041,ac9c100f97abca0cc4de020deb6a6b36cbdd7d76551134b8031d7749f9092021,224,224,RGB
data/raw/kaggle/extracted/train/banette/1746005643.jpg,kaggle/extracted/train/banette/1746005643.jpg,train,banette,1746005643,cb3d5969c4644b4180caebc8eccf703396d1377c9d951cf069034480638fe011,224,224,RGB
data/raw/kaggle/extracted/train/banette/1746006503.jpg,kaggle/extracted/train/banette/1746006503.jpg,train,banette,1746006503,347c06a2648e9884ed46449ef2a59d393a9cfcdf59554e43aba606350bd4b158,224,224,RGB
data/raw/kaggle/extracted/train/banette/1746007686.jpg,kaggle/extracted/train/banette/1746007686.jpg,train,banette,1746007686,66cebc260b3ca1bd29c0f2d0ca74184895fa0aeaea4320ec1979156bb958170c,224,224,RGB
data/raw/kaggle/extracted/train/banette/1746203502.jpg,kaggle/extracted/train/banette/1746203502.jpg,train,banette,1746203502,debd9cfa33a65195dc644c123cdb97cc124cfe6e7f4ca27a567c80cacee99ffb,224,224,RGB
data/raw/kaggle/extracted/train/banette/1746220138.jpg,kaggle/extracted/train/banette/1746220138.jpg,train,banette,1746220138,8434308ceaa59066667085df3187f3207153921b1a9778793c13378c60af09c0,224,224,RGB
data/raw/kaggle/extracted/train/banette/1746349290.jpg,kaggle/extracted/train/banette/1746349290.jpg,train,banette,1746349290,8d09bfcaa5c114b6adb27153216c41193dc203e5a3e3d13e05d0e6116bddfe33,224,224,RGB
data/raw/kaggle/extracted/train/banette/1746381702.jpg,kaggle/extracted/train/banette/1746381702.jpg,train,banette,1746381702,955b403c351be1580ad36fbef945cbcc501df06ea9fa52dacbb21ce143cf93f7,224,224,RGB
data/raw/kaggle/extracted/train/banette/1746386198.jpg,kaggle/extracted/train/banette/1746386198.jpg,train,banette,1746386198,87adb971e99bebc6d69c7e0f7179359d8e36e83b5173f85d8585433558c13014,224,224,RGB
data/raw/kaggle/extracted/train/banette/1746390693.jpg,kaggle/extracted/train/banette/1746390693.jpg,train,banette,1746390693,7160c88b0fbc3ccb9c2db75c4772dbf0c2fb1aeae4fe56f001e8b8e44457f9e3,224,224,RGB
data/raw/kaggle/extracted/train/banette/1746441114.jpg,kaggle/extracted/train/banette/1746441114.jpg,train,banette,1746441114,d44326aa29bda7ab2841c6bc6acc5555bf9589e719ff9d1c4a3e052bb9c86553,224,224,RGB
data/raw/kaggle/extracted/train/banette/1746445188.jpg,kaggle/extracted/train/banette/1746445188.jpg,train,banette,1746445188,9f400352070ddf7cb297bca1c43c99715ac95824c5f67f658fc213b04f07d9c2,224,224,RGB
data/raw/kaggle/extracted/train/banette/1746462475.jpg,kaggle/extracted/train/banette/1746462475.jpg,train,banette,1746462475,73fbd4ae5b1e3e1a4b532271444dff818aa6cf256d63ed7a8273518db4da0590,224,224,RGB
data/raw/kaggle/extracted/train/banette/1746471824.jpg,kaggle/extracted/train/banette/1746471824.jpg,train,banette,1746471824,6c58b121b8a9ea27120813073d9d172f9a914db471dd25090fc83a9b62dfaa4a,224,224,RGB
data/raw/kaggle/extracted/train/banette/1746482745.jpg,kaggle/extracted/train/banette/1746482745.jpg,train,banette,1746482745,0a9db09598bf44bbec51e79ab7e1dfc8e9fa63ab1b7f4b9dda5f6219975291e2,224,224,RGB
data/raw/kaggle/extracted/train/banette/1746522452.jpg,kaggle/extracted/train/banette/1746522452.jpg,train,banette,1746522452,c91631a93d9f64c25101d627decc0c627d4d2ab66b8b5aab4c1d0d6f9a50a009,224,224,RGB
data/raw/kaggle/extracted/train/banette/1746594982.jpg,kaggle/extracted/train/banette/1746594982.jpg,train,banette,1746594982,4b6ce2d3cb6d45ad1ed4d43d425722c9561ab48c534b39936e584534bb103793,224,224,RGB
data/raw/kaggle/extracted/train/banette/1746971668.jpg,kaggle/extracted/train/banette/1746971668.jpg,train,banette,1746971668,8e492337e3e679701f35f6d8e896203c7654348fbb2c2190afac8bd14cfbe923,224,224,RGB
data/raw/kaggle/extracted/train/barbaracle/1745429916.jpg,kaggle/extracted/train/barbaracle/1745429916.jpg,train,barbaracle,1745429916,bb1cc323405cbce3ecf0773b2cb4b4fd0f91bb177ccf9f80d155b79b8c4b78d6,224,224,RGB
data/raw/kaggle/extracted/train/barbaracle/1745565509.jpg,kaggle/extracted/train/barbaracle/1745565509.jpg,train,barbaracle,1745565509,3068a86d0b143d0a7472db6245578a557c5ecea7f9b9f6558c4ec4554b7deff9,224,224,RGB
data/raw/kaggle/extracted/train/barbaracle/1745662130.jpg,kaggle/extracted/train/barbaracle/1745662130.jpg,train,barbaracle,1745662130,0d9ab9a57ce852c7f0c3902a80d89d295e77863d09c2db9cdbe5d56ca33ea84e,224,224,RGB
data/raw/kaggle/extracted/train/barbaracle/1745771617.jpg,kaggle/extracted/train/barbaracle/1745771617.jpg,train,barbaracle,1745771617,f80f1b3e02a714df339a11130062a8ae322f973cbab123d940cf349ae1332c98,224,224,RGB
data/raw/kaggle/extracted/train/barbaracle/1745957727.jpg,kaggle/extracted/train/barbaracle/1745957727.jpg,train,barbaracle,1745957727,0929738d475da0222bcfe3122b6f1dfcf855365a337c05715c9783bfb6f79b64,224,224,RGB
data/raw/kaggle/extracted/train/barbaracle/1745993090.jpg,kaggle/extracted/train/barbaracle/1745993090.jpg,train,barbaracle,1745993090,0c5266fc0c64eb682df88b3caedb1162940b1446ecd6970eb9d6b00260d51fdd,224,224,RGB
data/raw/kaggle/extracted/train/barbaracle/1746005083.jpg,kaggle/extracted/train/barbaracle/1746005083.jpg,train,barbaracle,1746005083,afb370fec9f78dd74303bf62c1435664465b8d590b032b755704aeedf6675173,224,224,RGB
data/raw/kaggle/extracted/train/barbaracle/1746032000.jpg,kaggle/extracted/train/barbaracle/1746032000.jpg,train,barbaracle,1746032000,7efc1c435ffc77798810dba754715edd3190adc6de3744ca3184286f9006e947,224,224,RGB
data/raw/kaggle/extracted/train/barbaracle/1746053735.jpg,kaggle/extracted/train/barbaracle/1746053735.jpg,train,barbaracle,1746053735,33930324b7734b3226df03c3eb8cd9a0638e98fc82f6467d5b6c75bd5377c457,224,224,RGB
data/raw/kaggle/extracted/train/barbaracle/1746258517.jpg,kaggle/extracted/train/barbaracle/1746258517.jpg,train,barbaracle,1746258517,446fccf4a757f978ac8924ebea4491e7f5e89aa55ef4bac7c906b36376f0e13e,224,224,RGB
data/raw/kaggle/extracted/train/barbaracle/1746342018.jpg,kaggle/extracted/train/barbaracle/1746342018.jpg,train,barbaracle,1746342018,4dd0fa34b95c31de9ef494772315c4153902d8746e650b4db6e6d13a687ff161,224,224,RGB
data/raw/kaggle/extracted/train/barbaracle/1746358073.jpg,kaggle/extracted/train/barbaracle/1746358073.jpg,train,barbaracle,1746358073,d72b6a71e17bdd2bf18e6ae9509ec68625f30ab27f4ab85c9203ddf12766ca3d,224,224,RGB
data/raw/kaggle/extracted/train/barbaracle/1746383063.jpg,kaggle/extracted/train/barbaracle/1746383063.jpg,train,barbaracle,1746383063,c87e96a15f76794113572e67c9f09e638a7a5c19bf6e5e245e9585b03efeda28,224,224,RGB
data/raw/kaggle/extracted/train/barbaracle/1746431914.jpg,kaggle/extracted/train/barbaracle/1746431914.jpg,train,barbaracle,1746431914,78f0720ece5b08fa743f31bc9c8dc3f769c86eb290f6afb640cce816613fbb70,224,224,RGB
data/raw/kaggle/extracted/train/barbaracle/1746439265.jpg,kaggle/extracted/train/barbaracle/1746439265.jpg,train,barbaracle,1746439265,f97ed3ea2a35b9e0109707d5842c90393b0b12a8a14dcc65ad1dfb5303c8b191,224,224,RGB
data/raw/kaggle/extracted/train/barbaracle/1746446192.jpg,kaggle/extracted/train/barbaracle/1746446192.jpg,train,barbaracle,1746446192,3ca445243bc311fa840c1a2b84e74823073aee61386672d533b1632b8d7fc56b,224,224,RGB
data/raw/kaggle/extracted/train/barbaracle/1746482109.jpg,kaggle/extracted/train/barbaracle/1746482109.jpg,train,barbaracle,1746482109,844dd6133df9c80c560e18471112cf497b5ae88ebe221597b6992184b58fcb5b,224,224,RGB
data/raw/kaggle/extracted/train/barbaracle/1746485349.jpg,kaggle/extracted/train/barbaracle/1746485349.jpg,train,barbaracle,1746485349,09ed1751d441876cb85f1ead94dc6a53fc712d79571d296952a7b09f5d05e4b7,224,224,RGB
data/raw/kaggle/extracted/train/barbaracle/1746528732.jpg,kaggle/extracted/train/barbaracle/1746528732.jpg,train,barbaracle,1746528732,227c014b1a29d0f016a7d763bbaf02afd2fd3310f6d97150bd1b804794244296,224,224,RGB
data/raw/kaggle/extracted/train/barbaracle/1746543935.jpg,kaggle/extracted/train/barbaracle/1746543935.jpg,train,barbaracle,1746543935,2d97d7e7024f3e526ef594f4d5c47ff2e42fd2f75d189ddd73af2c4d4751681a,224,224,RGB
data/raw/kaggle/extracted/train/barbaracle/1746544213.jpg,kaggle/extracted/train/barbaracle/1746544213.jpg,train,barbaracle,1746544213,b3a3b522e6992dcf4708f9473d16a058c1e12a9829dcbd500849a4f24ec1730f,224,224,RGB
data/raw/kaggle/extracted/train/barbaracle/1746550816.jpg,kaggle/extracted/train/barbaracle/1746550816.jpg,train,barbaracle,1746550816,529d730aea13a253cfcc38241621c9bb9dd24ac7a727323f0bd44268dbccb17f,224,224,RGB
data/raw/kaggle/extracted/train/barboach/1745402611.jpg,kaggle/extracted/train/barboach/1745402611.jpg,train,barboach,1745402611,613023c5b72b70ba43ad2bf0ef315a65affa3e1272f8e9f1b6e208f70b125cf4,224,224,RGB
data/raw/kaggle/extracted/train/barboach/1745421487.jpg,kaggle/extracted/train/barboach/1745421487.jpg,train,barboach,1745421487,f22e23181271dd081adea219e869ba9aade230bc3bb4a6e4d1418c3f99b71873,224,224,RGB
data/raw/kaggle/extracted/train/barboach/1745438938.jpg,kaggle/extracted/train/barboach/1745438938.jpg,train,barboach,1745438938,122c8d5bb10f4d690926ce3024ea9234ffc13a02ad9be1431483aedb13cd28b4,224,224,RGB
data/raw/kaggle/extracted/train/barboach/1745495113.jpg,kaggle/extracted/train/barboach/1745495113.jpg,train,barboach,1745495113,27aad71084b6faf49217b6c51dc5ea4eff9ee0bc064ff7703d969428136965c2,224,224,RGB
data/raw/kaggle/extracted/train/barboach/1745499973.jpg,kaggle/extracted/train/barboach/1745499973.jpg,train,barboach,1745499973,a40ec0c08a091efebdd4d8b43b276fe376de95e4e2decf2eadbdff147d39b520,224,224,RGB
data/raw/kaggle/extracted/train/barboach/1745503175.jpg,kaggle/extracted/train/barboach/1745503175.jpg,train,barboach,1745503175,12344af12fd46e2ad017f1ca9d872c538c73153d66a8717c53ff230b611aa46f,224,224,RGB
data/raw/kaggle/extracted/train/barboach/1745509259.jpg,kaggle/extracted/train/barboach/1745509259.jpg,train,barboach,1745509259,eca9521fd8ec202e631b404286b995dac523e226cce9f6649dc9fd39dc94fe7b,224,224,RGB
data/raw/kaggle/extracted/train/barboach/1745527999.jpg,kaggle/extracted/train/barboach/1745527999.jpg,train,barboach,1745527999,8da86dc7fe995a69a85faefab24696dd896622ba0a6949b63b14a31b1fc9708d,224,224,RGB
data/raw/kaggle/extracted/train/barboach/1745538516.jpg,kaggle/extracted/train/barboach/1745538516.jpg,train,barboach,1745538516,6a750441dbf84415845f47b5e0a04d52b1aeb7be21e8477f985f79c7ced322f7,224,224,RGB
data/raw/kaggle/extracted/train/barboach/1745559737.jpg,kaggle/extracted/train/barboach/1745559737.jpg,train,barboach,1745559737,f68fefa4b5ad78f5822615ed45887b566d709ad7b9acdcd97bd93bde5016a497,224,224,RGB
data/raw/kaggle/extracted/train/barboach/1745569858.jpg,kaggle/extracted/train/barboach/1745569858.jpg,train,barboach,1745569858,3bff656e9c7a1ac132e74825786634152ff52926645a916f4afa73ef8ab3d2c1,224,224,RGB
data/raw/kaggle/extracted/train/barboach/1745570747.jpg,kaggle/extracted/train/barboach/1745570747.jpg,train,barboach,1745570747,918cd6fd0375b13e757a0e6b95599638eb8c151f7b9696dfff629adcf64457da,224,224,RGB
data/raw/kaggle/extracted/train/barboach/1745571487.jpg,kaggle/extracted/train/barboach/1745571487.jpg,train,barboach,1745571487,47fdc4c2538fb22d96b1b32036b44946e793eb4f802a14650ee01d8f83d8d9f6,224,224,RGB
data/raw/kaggle/extracted/train/barboach/1745591828.jpg,kaggle/extracted/train/barboach/1745591828.jpg,train,barboach,1745591828,827ed854cf2ac462e22658a8386cef3824dc316066134776a5b436cf1d3544da,224,224,RGB
data/raw/kaggle/extracted/train/barboach/1745611712.jpg,kaggle/extracted/train/barboach/1745611712.jpg,train,barboach,1745611712,e9efe12d591d63fd984e3ad824559f8c332538dc358168b1f764fe1987adeb36,224,224,RGB
data/raw/kaggle/extracted/train/barboach/1745611877.jpg,kaggle/extracted/train/barboach/1745611877.jpg,train,barboach,1745611877,1e2799f99ab9184f22988ab8ea284b958f03ae85e2fd917c869d1106fdd7fc8b,224,224,RGB
data/raw/kaggle/extracted/train/barboach/1745651319.jpg,kaggle/extracted/train/barboach/1745651319.jpg,train,barboach,1745651319,8749cf861e3ee65ea6aca9b89b0b819a529837d241f0ecade762c71a35c2e3b8,224,224,RGB
data/raw/kaggle/extracted/train/barboach/1745651467.jpg,kaggle/extracted/train/barboach/1745651467.jpg,train,barboach,1745651467,fe1a33f0c1b83714cd7f9df36059f05594b7365e7f1b82141d8e4d51cf99e253,224,224,RGB
data/raw/kaggle/extracted/train/barboach/1745651938.jpg,kaggle/extracted/train/barboach/1745651938.jpg,train,barboach,1745651938,83c945fe645d014ef6f5eafe5d4ee37f6f59311fc812c2ba28505d10c3923f01,224,224,RGB
data/raw/kaggle/extracted/train/barboach/1745657509.jpg,kaggle/extracted/train/barboach/1745657509.jpg,train,barboach,1745657509,2f5fd4db57812d1cf6496e04c343833966ab40023622aeff3a78366eac3fa230,224,224,RGB
data/raw/kaggle/extracted/train/barboach/1745661029.jpg,kaggle/extracted/train/barboach/1745661029.jpg,train,barboach,1745661029,5c2d3ca1cc24bfe41731c069b6544b80821d4d26d335506a7373b27a5f679048,224,224,RGB
data/raw/kaggle/extracted/train/barboach/1745661241.jpg,kaggle/extracted/train/barboach/1745661241.jpg,train,barboach,1745661241,fbd809647139fe913ff93f086d8b461916ba7711964527ec5f7b84952f5602cf,224,224,RGB
data/raw/kaggle/extracted/train/barboach/1745669016.jpg,kaggle/extracted/train/barboach/1745669016.jpg,train,barboach,1745669016,a94e6ed683f9217b261820da7c4eb16b2c56bd57988e85c148e7133c8bdb874b,224,224,RGB
data/raw/kaggle/extracted/train/barboach/1745754876.jpg,kaggle/extracted/train/barboach/1745754876.jpg,train,barboach,1745754876,0dc971ba6d001e7be21e72693966b8292b3073e64030225e695c5fb9557dec2a,224,224,RGB
data/raw/kaggle/extracted/train/barboach/1745765265.jpg,kaggle/extracted/train/barboach/1745765265.jpg,train,barboach,1745765265,d8955b1ca6ca7bacddf04f6e4ccf9fe2da89f9d17881bf1015e0ac9e1b4f222d,224,224,RGB
data/raw/kaggle/extracted/train/barboach/1745863410.jpg,kaggle/extracted/train/barboach/1745863410.jpg,train,barboach,1745863410,8e532cd02edde299fbf08b25c65cc7dd8ef702be8d1752dcd069cd0b125d2778,224,224,RGB
data/raw/kaggle/extracted/train/barboach/1745866552.jpg,kaggle/extracted/train/barboach/1745866552.jpg,train,barboach,1745866552,88dc069213904b244d991966db857189da52586c105b3befe80f67b605c1e43d,224,224,RGB
data/raw/kaggle/extracted/train/barboach/1745956445.jpg,kaggle/extracted/train/barboach/1745956445.jpg,train,barboach,1745956445,4bb1c678d4b5b62acf22edb19d791395e93e27d2fff384cbf0fccb65708740ca,224,224,RGB
data/raw/kaggle/extracted/train/barboach/1745957908.jpg,kaggle/extracted/train/barboach/1745957908.jpg,train,barboach,1745957908,a98cbeaa3304891a7ac6d4c36ce4d00701507d9c3240a5d5a1e3844e56f6e550,224,224,RGB
data/raw/kaggle/extracted/train/barboach/1745959135.jpg,kaggle/extracted/train/barboach/1745959135.jpg,train,barboach,1745959135,f824741991ba4f81263f25a66ad4d0636e8d683bab432bfdae0fcdeef28a3d2f,224,224,RGB
data/raw/kaggle/extracted/train/barboach/1745964869.jpg,kaggle/extracted/train/barboach/1745964869.jpg,train,barboach,1745964869,2b9ea4ae4197994e6da5be89a1d54d12dfddec975f4dc9db546c2d7e52fddf45,224,224,RGB
data/raw/kaggle/extracted/train/barboach/1745974025.jpg,kaggle/extracted/train/barboach/1745974025.jpg,train,barboach,1745974025,d16724c4699d14a32626a943bf0562f4b9521706f24801996cbaeb3cdbe5c41e,224,224,RGB
data/raw/kaggle/extracted/train/barboach/1745985910.jpg,kaggle/extracted/train/barboach/1745985910.jpg,train,barboach,1745985910,27ac2b757377c7cea90ae98b04c13b9553d7a9d738f827b7e490a6be3bb2a651,224,224,RGB
data/raw/kaggle/extracted/train/barboach/1745988479.jpg,kaggle/extracted/train/barboach/1745988479.jpg,train,barboach,1745988479,d6682763fe9c64906d4c85cea37e3b7cebb71ba636017bd6cac80265a1dbfbff,224,224,RGB
data/raw/kaggle/extracted/train/barboach/1745989594.jpg,kaggle/extracted/train/barboach/1745989594.jpg,train,barboach,1745989594,03734c2943dd5e0b0a24b0fd3be6c08bc6ff3c94a3d4810ac90a9908ec01890b,224,224,RGB
data/raw/kaggle/extracted/train/barboach/1745991698.jpg,kaggle/extracted/train/barboach/1745991698.jpg,train,barboach,1745991698,9621da57e0bd8e9eed0d7890425ec7061b3e5d2408e9543898e5ebe8ea28ee83,224,224,RGB
data/raw/kaggle/extracted/train/barboach/1745991828.jpg,kaggle/extracted/train/barboach/1745991828.jpg,train,barboach,1745991828,c9279df9340194734fc3c394e9bcbe770c637f8ba8b3dbbc78002cad2bad0cd2,224,224,RGB
data/raw/kaggle/extracted/train/barboach/1745993848.jpg,kaggle/extracted/train/barboach/1745993848.jpg,train,barboach,1745993848,eaadefe4348f92466db45d947c70651c3942dc19b2eea3c0fa2e41bced984ca1,224,224,RGB
data/raw/kaggle/extracted/train/barboach/1745994753.jpg,kaggle/extracted/train/barboach/1745994753.jpg,train,barboach,1745994753,9d9e53376d0eee59070608a3107c4179a2585b949969d220edb13fab37ea3226,224,224,RGB
data/raw/kaggle/extracted/train/barboach/1745995683.jpg,kaggle/extracted/train/barboach/1745995683.jpg,train,barboach,1745995683,9a6ac06b03f7619f8dca3317fa599d1f54a68a3b39eed84a12c4af788e940332,224,224,RGB
data/raw/kaggle/extracted/train/barboach/1745995935.jpg,kaggle/extracted/train/barboach/1745995935.jpg,train,barboach,1745995935,9eb93a8eb0cba2b29d2218fb66d26f8bc3a90a5c596f0371778561c1b43ea38c,224,224,RGB
data/raw/kaggle/extracted/train/barboach/1745997290.jpg,kaggle/extracted/train/barboach/1745997290.jpg,train,barboach,1745997290,24a2ff1248cf09ba8930ec5367dfa4cc191f8722ebda9f0686a561da3979587e,224,224,RGB
data/raw/kaggle/extracted/train/barboach/1745998587.jpg,kaggle/extracted/train/barboach/1745998587.jpg,train,barboach,1745998587,810acdaeb5b36163fbe297d3848bb75008a207c28c0143326505546b214fb311,224,224,RGB
data/raw/kaggle/extracted/train/barboach/1746001268.jpg,kaggle/extracted/train/barboach/1746001268.jpg,train,barboach,1746001268,3018149d732a65163ae5ea7cc4f3699e1ae9566b09c6d1a03f0398696e89c732,224,224,RGB
data/raw/kaggle/extracted/train/barboach/1746005090.jpg,kaggle/extracted/train/barboach/1746005090.jpg,train,barboach,1746005090,1849ae5863218fef675120631de9ce28b903e73e6e7330f5b09fce2e1d96830b,224,224,RGB
data/raw/kaggle/extracted/train/barboach/1746039543.jpg,kaggle/extracted/train/barboach/1746039543.jpg,train,barboach,1746039543,e48fa6a906ca41be0ad4cfe104f9c3fe0d2f82674d724bf6b2ddbce466df05ab,224,224,RGB
data/raw/kaggle/extracted/train/barboach/1746050723.jpg,kaggle/extracted/train/barboach/1746050723.jpg,train,barboach,1746050723,45f7f63564c1cada71cf6aec93ea3399f3267cfd26de589329c3bde2ab0ab238,224,224,RGB
data/raw/kaggle/extracted/train/barboach/1746059278.jpg,kaggle/extracted/train/barboach/1746059278.jpg,train,barboach,1746059278,24324933ad4f4e86f3658e0e781c446cd1bc84c189aa617a46c8ca8652ba2c98,224,224,RGB
data/raw/kaggle/extracted/train/barboach/1746116227.jpg,kaggle/extracted/train/barboach/1746116227.jpg,train,barboach,1746116227,684e9bea6c3c3d15cf4793135c3761b332ef0f611168115600e0e2875a147c10,224,224,RGB
data/raw/kaggle/extracted/train/barboach/1746120307.jpg,kaggle/extracted/train/barboach/1746120307.jpg,train,barboach,1746120307,920b85940e541a5e87886b7fee4d6544850fc93267f963ba02e37c666d1f3135,224,224,RGB
data/raw/kaggle/extracted/train/barboach/1746127432.jpg,kaggle/extracted/train/barboach/1746127432.jpg,train,barboach,1746127432,6177212869334d41cd6dd601d5c2211bd1590cd9c5d896cf34e37990276340ff,224,224,RGB
data/raw/kaggle/extracted/train/barboach/1746131003.jpg,kaggle/extracted/train/barboach/1746131003.jpg,train,barboach,1746131003,526426ff6d49a38cdf11f1ebdddc610df4c4023561b9ec837280579b2781ca22,224,224,RGB
data/raw/kaggle/extracted/train/barboach/1746131365.jpg,kaggle/extracted/train/barboach/1746131365.jpg,train,barboach,1746131365,fa67c3f0336dd64b2440b3e069fd89c81a8d0c914f46a2910b7b5e99d1dfa781,224,224,RGB
data/raw/kaggle/extracted/train/barboach/1746200854.jpg,kaggle/extracted/train/barboach/1746200854.jpg,train,barboach,1746200854,6d7ebe2c22150fd83dd97c47d1735abfa313608872376170e72d60704fa8ebee,224,224,RGB
data/raw/kaggle/extracted/train/barboach/1746226593.jpg,kaggle/extracted/train/barboach/1746226593.jpg,train,barboach,1746226593,19a5e6431b77b648f6e337129b87bba2d5489db0c8f5d78ef22af562943a2db1,224,224,RGB
data/raw/kaggle/extracted/train/barboach/1746253895.jpg,kaggle/extracted/train/barboach/1746253895.jpg,train,barboach,1746253895,1c6924c290936d2e540fa2d1be1873aa4dbf80d8274dcbbaadf83988279ff4b2,224,224,RGB
data/raw/kaggle/extracted/train/barboach/1746254557.jpg,kaggle/extracted/train/barboach/1746254557.jpg,train,barboach,1746254557,4da0e6526fddcc53c8550708749cc50d803ffe7c5e2db059293f58ceff6e5d1e,224,224,RGB
data/raw/kaggle/extracted/train/barboach/1746255554.jpg,kaggle/extracted/train/barboach/1746255554.jpg,train,barboach,1746255554,f3465a25dfb2ec60ea40be570a733984b70e2d532c4e44a24e88da3d5235f106,224,224,RGB
data/raw/kaggle/extracted/train/barboach/1746263287.jpg,kaggle/extracted/train/barboach/1746263287.jpg,train,barboach,1746263287,209dedcde7b7bbbd249c10a290b231614c64a9ab1d73d206cbd7c3fc07d547e1,224,224,RGB
data/raw/kaggle/extracted/train/barboach/1746270673.jpg,kaggle/extracted/train/barboach/1746270673.jpg,train,barboach,1746270673,8db14c3c761a7ca3c592f353d704a47db41f9b5610685152205ceca0c85531a8,224,224,RGB
data/raw/kaggle/extracted/train/barboach/1746340652.jpg,kaggle/extracted/train/barboach/1746340652.jpg,train,barboach,1746340652,9f11c58d221a8f88446eaab5ad93beafa3cb1185ed97e1988f74fc7dd584d21a,224,224,RGB
data/raw/kaggle/extracted/train/barboach/1746349193.jpg,kaggle/extracted/train/barboach/1746349193.jpg,train,barboach,1746349193,e2dcd2e6247c26f4580e829179395441404e1d4c3b2de72de7c557eb7895d2a7,224,224,RGB
data/raw/kaggle/extracted/train/barboach/1746358573.jpg,kaggle/extracted/train/barboach/1746358573.jpg,train,barboach,1746358573,ed903dbf6667b4a4fe59c8d140c52879b11924bc3a045cbe85db4261368b1eae,224,224,RGB
data/raw/kaggle/extracted/train/barboach/1746359734.jpg,kaggle/extracted/train/barboach/1746359734.jpg,train,barboach,1746359734,62c821cdf5dd275b0a4df530b64b2befbb1222bb9ed425f3dfb36ad56e79b981,224,224,RGB
data/raw/kaggle/extracted/train/barboach/1746380062.jpg,kaggle/extracted/train/barboach/1746380062.jpg,train,barboach,1746380062,75e0aef23c6bbcaa7071812112bb161811e936eb15c2461ca32da8985be1c3d2,224,224,RGB
data/raw/kaggle/extracted/train/barboach/1746383152.jpg,kaggle/extracted/train/barboach/1746383152.jpg,train,barboach,1746383152,48d6fa852adc68f1de09a9f4f70d4d8f472dda633d06457e0248b6eab4ef896d,224,224,RGB
data/raw/kaggle/extracted/train/barboach/1746386862.jpg,kaggle/extracted/train/barboach/1746386862.jpg,train,barboach,1746386862,7382ba54705d012b52272f0ff9788eccff0fe321f54417f6c0e94954fdf91009,224,224,RGB
data/raw/kaggle/extracted/train/barboach/1746388392.jpg,kaggle/extracted/train/barboach/1746388392.jpg,train,barboach,1746388392,a97caddeebb8a7f558ec47b562be880d84dcbcad6d41db593698a81c3bcffdf4,224,224,RGB
data/raw/kaggle/extracted/train/barboach/1746388608.jpg,kaggle/extracted/train/barboach/1746388608.jpg,train,barboach,1746388608,baa97c95a7ea7840599dfc105b886f9bde4b768ae6e897588a8e352cea3c6ffb,224,224,RGB
data/raw/kaggle/extracted/train/barboach/1746388858.jpg,kaggle/extracted/train/barboach/1746388858.jpg,train,barboach,1746388858,a0a48b4ca7e56b2692bcbeccce3e8cecf4c23fa9077eb79d58d5d653f40dea51,224,224,RGB
data/raw/kaggle/extracted/train/barboach/1746390153.jpg,kaggle/extracted/train/barboach/1746390153.jpg,train,barboach,1746390153,c83d99ce594a079f9cb5b5ebe438f1cf0bdc55c81a522bff347f2035e55b6034,224,224,RGB
data/raw/kaggle/extracted/train/barraskewda/1745388415.jpg,kaggle/extracted/train/barraskewda/1745388415.jpg,train,barraskewda,1745388415,3d6e077027fc1c286e00bc9f3e86b0af888f0ebfb48f719d361cc71f4a657e6d,224,224,RGB
data/raw/kaggle/extracted/train/barraskewda/1745500337.jpg,kaggle/extracted/train/barraskewda/1745500337.jpg,train,barraskewda,1745500337,29fadee3a5bca1715ea8c79f386dcff62148fe583eab102134a9f61e137e9699,224,224,RGB
data/raw/kaggle/extracted/train/barraskewda/1745594360.jpg,kaggle/extracted/train/barraskewda/1745594360.jpg,train,barraskewda,1745594360,7e99bf3552f2cbb3d172aaed25995d25f97f835c83dadcfa5553a5ff71e53c2d,224,224,RGB
data/raw/kaggle/extracted/train/barraskewda/1745594840.jpg,kaggle/extracted/train/barraskewda/1745594840.jpg,train,barraskewda,1745594840,3eba569a2507a838508ab9693789fcf96e1bd62e4f65ba2e2c7442cd7517beb4,224,224,RGB
data/raw/kaggle/extracted/train/barraskewda/1745599033.jpg,kaggle/extracted/train/barraskewda/1745599033.jpg,train,barraskewda,1745599033,5015190bece6746e4f469537d88b90843644104d3f9b38c00764e8394b4ad0a9,224,224,RGB
data/raw/kaggle/extracted/train/barraskewda/1745652428.jpg,kaggle/extracted/train/barraskewda/1745652428.jpg,train,barraskewda,1745652428,d12932b101bce681c1825a28c84867ef2de5a7e51796ecb7f02c2cf12caac6a0,224,224,RGB
data/raw/kaggle/extracted/train/barraskewda/1745758649.jpg,kaggle/extracted/train/barraskewda/1745758649.jpg,train,barraskewda,1745758649,c09c5c26828e99664f964f1d2c40c21b688d13e08f0bd31cc7f6da6b6ea92319,224,224,RGB
data/raw/kaggle/extracted/train/barraskewda/1745760309.jpg,kaggle/extracted/train/barraskewda/1745760309.jpg,train,barraskewda,1745760309,57b4709fac93ed5b633c3521f4219f3e4ca295a821fdbeb62ed8ec0a40386dfb,224,224,RGB
data/raw/kaggle/extracted/train/barraskewda/1745761328.jpg,kaggle/extracted/train/barraskewda/1745761328.jpg,train,barraskewda,1745761328,7266cb4f2c38ad9b4fe2f2d80332a2f34b11a498ba356df07b57a6380524bc1d,224,224,RGB
data/raw/kaggle/extracted/train/barraskewda/1745766946.jpg,kaggle/extracted/train/barraskewda/1745766946.jpg,train,barraskewda,1745766946,abb229821d0da2d0f8b5ad3abec4280c5412df62c0a36ba275c0d01b06608b72,224,224,RGB
data/raw/kaggle/extracted/train/barraskewda/1746142025.jpg,kaggle/extracted/train/barraskewda/1746142025.jpg,train,barraskewda,1746142025,34c4915ea012f915fab2e3e6f7fee6fbdbed57cc99812916faacc54ec3dc25e2,224,224,RGB
data/raw/kaggle/extracted/train/barraskewda/1746344562.jpg,kaggle/extracted/train/barraskewda/1746344562.jpg,train,barraskewda,1746344562,4586af9400ae2c89c0529181f6fcd099b1775f41cbeee907c67202e4a7a3a6f4,224,224,RGB
data/raw/kaggle/extracted/train/barraskewda/1746380382.jpg,kaggle/extracted/train/barraskewda/1746380382.jpg,train,barraskewda,1746380382,b94de98cdf97fa669f578306e6bf97675094d4a565d845f3ef040eabd8a370aa,224,224,RGB
data/raw/kaggle/extracted/train/barraskewda/1746383494.jpg,kaggle/extracted/train/barraskewda/1746383494.jpg,train,barraskewda,1746383494,66e9ab46d44a6864a7f68107d9f931631406ff48faa907b17d9b3d9eb9beea0b,224,224,RGB
data/raw/kaggle/extracted/train/barraskewda/1746442366.jpg,kaggle/extracted/train/barraskewda/1746442366.jpg,train,barraskewda,1746442366,a05013e53989530bf0129c8c3871d53e46722eea97759343f63f2cb15d4e2849,224,224,RGB
data/raw/kaggle/extracted/train/barraskewda/1746447352.jpg,kaggle/extracted/train/barraskewda/1746447352.jpg,train,barraskewda,1746447352,f6583197bdf20fc244d9581853de63c4a3235615f7640babf26bb07c6aa66ade,224,224,RGB
data/raw/kaggle/extracted/train/barraskewda/1746466705.jpg,kaggle/extracted/train/barraskewda/1746466705.jpg,train,barraskewda,1746466705,5d89ad5fc7f3ab2eaf12bcac0a0d68ad7a8f5f8030b8f5f4d04573e8fcfb73d1,224,224,RGB
data/raw/kaggle/extracted/train/barraskewda/1746474004.jpg,kaggle/extracted/train/barraskewda/1746474004.jpg,train,barraskewda,1746474004,32b2e148ce22ff6a4fefd25346c67dc562976a3b68986995bae3539a84556727,224,224,RGB
data/raw/kaggle/extracted/train/barraskewda/1746474365.jpg,kaggle/extracted/train/barraskewda/1746474365.jpg,train,barraskewda,1746474365,1411d1c1bd9997a7f49a74610fb556d8701a8988145e8e2c7006568f707cfe57,224,224,RGB
data/raw/kaggle/extracted/train/barraskewda/1746484952.jpg,kaggle/extracted/train/barraskewda/1746484952.jpg,train,barraskewda,1746484952,67882785cc9c304e26492ae756f83fabc51b637e3071a6954a9b3ebe6c767ae4,224,224,RGB
data/raw/kaggle/extracted/train/barraskewda/1746485571.jpg,kaggle/extracted/train/barraskewda/1746485571.jpg,train,barraskewda,1746485571,40fd1207d4a62f5847e6a840a3f9a3dc678b697ed327570daaaa73da19f7227a,224,224,RGB
data/raw/kaggle/extracted/train/barraskewda/1746524772.jpg,kaggle/extracted/train/barraskewda/1746524772.jpg,train,barraskewda,1746524772,71d46df76dd1c512b0beee35794277388190e1f9cc92f9bebf2ab9eec72f60e2,224,224,RGB
data/raw/kaggle/extracted/train/barraskewda/1746525861.jpg,kaggle/extracted/train/barraskewda/1746525861.jpg,train,barraskewda,1746525861,aea6d27d377c17caddc9fe9aa14ca17c55d9c0482a4e0afa9f07e4e7c12c08c7,224,224,RGB
data/raw/kaggle/extracted/train/barraskewda/1746595452.jpg,kaggle/extracted/train/barraskewda/1746595452.jpg,train,barraskewda,1746595452,3cec9e66ded5443ae5f04bd297c07e0416e1fd4e4b3a0d976f6e5fc992c5fb97,224,224,RGB
data/raw/kaggle/extracted/train/barraskewda/1746599783.jpg,kaggle/extracted/train/barraskewda/1746599783.jpg,train,barraskewda,1746599783,1b3a78457fc94d7adf2b87af771ff9b248038e2ba285cba17ac642375cd4ebc6,224,224,RGB
data/raw/kaggle/extracted/train/barraskewda/1746603325.jpg,kaggle/extracted/train/barraskewda/1746603325.jpg,train,barraskewda,1746603325,3bdfb5228fb993254fae0a3e66a79acbd01018090f79cc2d7189a53854a2ed61,224,224,RGB
data/raw/kaggle/extracted/train/barraskewda/1746964911.jpg,kaggle/extracted/train/barraskewda/1746964911.jpg,train,barraskewda,1746964911,75cf3d39c75b36c333a966d1203a4a57c130f49a57a1b967fe54c9b2fb6c1bb4,224,224,RGB
data/raw/kaggle/extracted/train/basculegion/1745977146.jpg,kaggle/extracted/train/basculegion/1745977146.jpg,train,basculegion,1745977146,1bd010e93ca1f9d24f665fb9b23cf52a8f643bf19a25fb6c6358c759fbe8c5a0,224,224,RGB
data/raw/kaggle/extracted/train/basculegion/1746224047.jpg,kaggle/extracted/train/basculegion/1746224047.jpg,train,basculegion,1746224047,3f7afa8fda6866d47b9820b4dcdf76b61cc63330afe810932ba6a418f50fcd8a,224,224,RGB
data/raw/kaggle/extracted/train/basculegion/1746384630.jpg,kaggle/extracted/train/basculegion/1746384630.jpg,train,basculegion,1746384630,80230f422707c567dbc78ca55ce071ab580a264e13b47ac7113cb93f0eef0ff8,224,224,RGB
data/raw/kaggle/extracted/train/basculegion/1746387641.jpg,kaggle/extracted/train/basculegion/1746387641.jpg,train,basculegion,1746387641,054bca078efbcb1a17ef7aa7afe649cf2fea6ab51f9f1d85d752e9a595fa6e3b,224,224,RGB
data/raw/kaggle/extracted/train/basculin/1745395412.jpg,kaggle/extracted/train/basculin/1745395412.jpg,train,basculin,1745395412,4dbbde2c38f0517a454a3e11845cd8edde32150a1740e84696bfbee76e3bc773,224,224,RGB
data/raw/kaggle/extracted/train/basculin/1745411099.jpg,kaggle/extracted/train/basculin/1745411099.jpg,train,basculin,1745411099,9a696466bdc1573a969f365c69fb5f2d89538f0a6df9e1549f33d77b89dccb5b,224,224,RGB
data/raw/kaggle/extracted/train/basculin/1745428109.jpg,kaggle/extracted/train/basculin/1745428109.jpg,train,basculin,1745428109,ef559fa4f9b9f46fb3e6bc30982bd42c54aff189f6ea12d10c5284c814af3d77,224,224,RGB
data/raw/kaggle/extracted/train/basculin/1745561315.jpg,kaggle/extracted/train/basculin/1745561315.jpg,train,basculin,1745561315,fdb368dcf205e6cc3cee777a923f33b607b3bded1a5e70c0d8c3a4aa7cc27dca,224,224,RGB
data/raw/kaggle/extracted/train/basculin/1745650988.jpg,kaggle/extracted/train/basculin/1745650988.jpg,train,basculin,1745650988,af654c8c9a03c182344e89a17231e93a4b2729eafd8000ad1798a9cad27609bc,224,224,RGB
data/raw/kaggle/extracted/train/basculin/1745750856.jpg,kaggle/extracted/train/basculin/1745750856.jpg,train,basculin,1745750856,0c5d50e47251af2a865603710f6f494c3a4d6e09ef4bdae1bb4e51ff4baca2fb,224,224,RGB
data/raw/kaggle/extracted/train/basculin/1745752929.jpg,kaggle/extracted/train/basculin/1745752929.jpg,train,basculin,1745752929,07e1ab2fabdf4852e7904235910e82dada764757a005858df71003e82cfe140e,224,224,RGB
data/raw/kaggle/extracted/train/basculin/1745756626.jpg,kaggle/extracted/train/basculin/1745756626.jpg,train,basculin,1745756626,9d9301a6eb6304a15e8c6e5eb09c7c3111913386126a4fd16ba44bbf6b0a2223,224,224,RGB
data/raw/kaggle/extracted/train/basculin/1745764464.jpg,kaggle/extracted/train/basculin/1745764464.jpg,train,basculin,1745764464,3f08480a6ae05b2f93140f08b85db84161c105d16a311bbd20ec04372584b79c,224,224,RGB
data/raw/kaggle/extracted/train/basculin/1746004925.jpg,kaggle/extracted/train/basculin/1746004925.jpg,train,basculin,1746004925,b094f22faf6d86dae34df3c1725efcbac0eb9035dee211e24cb114d1f126da0a,224,224,RGB
data/raw/kaggle/extracted/train/basculin/1746035872.jpg,kaggle/extracted/train/basculin/1746035872.jpg,train,basculin,1746035872,f39b902c555d57e3e71838bbbbf3af77b67bb56d8827e6dbc93f3e88013765f9,224,224,RGB
data/raw/kaggle/extracted/train/basculin/1746043834.jpg,kaggle/extracted/train/basculin/1746043834.jpg,train,basculin,1746043834,681990e323765c004817d9a05fe37f8f907b44007ac04e35955a36c2c5734779,224,224,RGB
data/raw/kaggle/extracted/train/basculin/1746121943.jpg,kaggle/extracted/train/basculin/1746121943.jpg,train,basculin,1746121943,95d792585a9288a00cdad8f30289fe580021c0c0d14bf88c3c9424d2931cb7d2,224,224,RGB
data/raw/kaggle/extracted/train/basculin/1746209912.jpg,kaggle/extracted/train/basculin/1746209912.jpg,train,basculin,1746209912,3a81735e0431d6a2b39e2f40eb2c93879c8c55e81741076f0149ef848d394ae3,224,224,RGB
data/raw/kaggle/extracted/train/basculin/1746216716.jpg,kaggle/extracted/train/basculin/1746216716.jpg,train,basculin,1746216716,681a3270364b70293e0b1049c71ce89e93b25d4ae5ed763933f4620e633b8ba6,224,224,RGB
data/raw/kaggle/extracted/train/basculin/1746432952.jpg,kaggle/extracted/train/basculin/1746432952.jpg,train,basculin,1746432952,ed0aaa5308a7596ae6a14c697f6b28c33feb6951ae74634e6dece30b964a7c2d,224,224,RGB
data/raw/kaggle/extracted/train/basculin/1746439482.jpg,kaggle/extracted/train/basculin/1746439482.jpg,train,basculin,1746439482,fa27c96f0e4908f5de5aded26aeeff98031339e2a9a489fb7020c1e69c0020e7,224,224,RGB
data/raw/kaggle/extracted/train/basculin/1746442729.jpg,kaggle/extracted/train/basculin/1746442729.jpg,train,basculin,1746442729,a1e4ec30b90369d113ff1a0f3539aeb8dd9d5a0a6426f5997a527b7b3d788da5,224,224,RGB
data/raw/kaggle/extracted/train/basculin/1746443050.jpg,kaggle/extracted/train/basculin/1746443050.jpg,train,basculin,1746443050,110c9c2f554d919e6b95e31725f4432161ee97f47f8e6e077018207da0676782,224,224,RGB
data/raw/kaggle/extracted/train/basculin/1746447781.jpg,kaggle/extracted/train/basculin/1746447781.jpg,train,basculin,1746447781,693126fa49140706016e85cc0e12c5f88732cf55d68edb160bda23a0bcafeeaa,224,224,RGB
data/raw/kaggle/extracted/train/basculin/1746463102.jpg,kaggle/extracted/train/basculin/1746463102.jpg,train,basculin,1746463102,3f936b8907e105021c4341361f092d53c73723e815d8c0a02d96267ba9ca4528,224,224,RGB
data/raw/kaggle/extracted/train/basculin/1746473325.jpg,kaggle/extracted/train/basculin/1746473325.jpg,train,basculin,1746473325,7fc76cd2fc74df4ee081e1860576baafeba8eb56735e08012d4a262443baed9e,224,224,RGB
data/raw/kaggle/extracted/train/basculin/1746483705.jpg,kaggle/extracted/train/basculin/1746483705.jpg,train,basculin,1746483705,52be8c44562cdb0a98ff3747c89f0d61223955083e812c328da4e33290a3837c,224,224,RGB
data/raw/kaggle/extracted/train/basculin/1746524972.jpg,kaggle/extracted/train/basculin/1746524972.jpg,train,basculin,1746524972,0154db52924e67e201a44b8209c2a93edbc39c8d33c463cdc6859b6dda76ff96,224,224,RGB
data/raw/kaggle/extracted/train/basculin/1746547278.jpg,kaggle/extracted/train/basculin/1746547278.jpg,train,basculin,1746547278,343035c7126cac1192d8e4d5ecad15651035e47844b67dbbdbc671584e683930,224,224,RGB
data/raw/kaggle/extracted/train/basculin/1746601872.jpg,kaggle/extracted/train/basculin/1746601872.jpg,train,basculin,1746601872,ed1ec4d770570d59bddbd89c6ef10711c9966a5dd2a349326ed016944743dcd3,224,224,RGB
data/raw/kaggle/extracted/train/basculin/1747176331.jpg,kaggle/extracted/train/basculin/1747176331.jpg,train,basculin,1747176331,5a56257535361c5f36b79bdc51d7afaf44a8713bce6f262fce9090648f63db41,224,224,RGB
data/raw/kaggle/extracted/train/basculin/1747179860.jpg,kaggle/extracted/train/basculin/1747179860.jpg,train,basculin,1747179860,06b93e425563882976d90253dbb2bc45c10de5f40936ef89e1cd150958a53cf8,224,224,RGB
data/raw/kaggle/extracted/train/bastiodon/1745397090.jpg,kaggle/extracted/train/bastiodon/1745397090.jpg,train,bastiodon,1745397090,ba8370438c7e77dda40b4a83a3223b1dc4bd006095eae9c2a0b61fbd03be4ec7,224,224,RGB
data/raw/kaggle/extracted/train/bastiodon/1745420631.jpg,kaggle/extracted/train/bastiodon/1745420631.jpg,train,bastiodon,1745420631,d6308534f4c3252a343f0b3f3b42d1736877a72dc26ab146731774e119c6c9d2,224,224,RGB
data/raw/kaggle/extracted/train/bastiodon/1745435279.jpg,kaggle/extracted/train/bastiodon/1745435279.jpg,train,bastiodon,1745435279,23ad16113d4f647a469a1d810a4b22867c32c5bc01f4ff16f2ea65d93e35dda2,224,224,RGB
data/raw/kaggle/extracted/train/bastiodon/1745662499.jpg,kaggle/extracted/train/bastiodon/1745662499.jpg,train,bastiodon,1745662499,119f9448f698b8ed899ab53374dd95f4f97151c9caa7211bd3c8579088630f72,224,224,RGB
data/raw/kaggle/extracted/train/bastiodon/1745870215.jpg,kaggle/extracted/train/bastiodon/1745870215.jpg,train,bastiodon,1745870215,3084b63eb226abfb39c4bae5a662c4954eb31340e75ff9f076133fe1b820c248,224,224,RGB
data/raw/kaggle/extracted/train/bastiodon/1745877836.jpg,kaggle/extracted/train/bastiodon/1745877836.jpg,train,bastiodon,1745877836,6bb0be799368d3ce3db765c7431daa996a0786adbedfdea5fadebc0d1f287e48,224,224,RGB
data/raw/kaggle/extracted/train/bastiodon/1745960870.jpg,kaggle/extracted/train/bastiodon/1745960870.jpg,train,bastiodon,1745960870,27731090e911b1bf06f60c87ec6a0e51910f9ef84a80935fda43e019a754d457,224,224,RGB
data/raw/kaggle/extracted/train/bastiodon/1746020646.jpg,kaggle/extracted/train/bastiodon/1746020646.jpg,train,bastiodon,1746020646,0d03307039053dcd3690c2901159d2328e9a834e17c656ba9fb44db9b0dbe2d6,224,224,RGB
data/raw/kaggle/extracted/train/bastiodon/1746020870.jpg,kaggle/extracted/train/bastiodon/1746020870.jpg,train,bastiodon,1746020870,c75d89e2103778f1f6890110203f22d4bb2de03effafdbbe5b1a69570df3053c,224,224,RGB
data/raw/kaggle/extracted/train/bastiodon/1746040055.jpg,kaggle/extracted/train/bastiodon/1746040055.jpg,train,bastiodon,1746040055,d6e035c584ba25ee362e39683dbd60ca4e2738036321e0dd9b03028faf535f11,224,224,RGB
data/raw/kaggle/extracted/train/bastiodon/1746054863.jpg,kaggle/extracted/train/bastiodon/1746054863.jpg,train,bastiodon,1746054863,654d3b681d2644163279119a3bdac049f853411db73fb371b2a9f2bf8a09a692,224,224,RGB
data/raw/kaggle/extracted/train/bastiodon/1746115745.jpg,kaggle/extracted/train/bastiodon/1746115745.jpg,train,bastiodon,1746115745,dbe8eda450ca7677c89d5bfc06fbdc42f373dd75978426ebe7d6ad5e5368ed0d,224,224,RGB
data/raw/kaggle/extracted/train/bastiodon/1746137858.jpg,kaggle/extracted/train/bastiodon/1746137858.jpg,train,bastiodon,1746137858,f9afbe2ff7ddf16ea8f92641ff6dd2c9cd2fd050d2a2beb6b495dd14f2b6b975,224,224,RGB
data/raw/kaggle/extracted/train/bastiodon/1746223078.jpg,kaggle/extracted/train/bastiodon/1746223078.jpg,train,bastiodon,1746223078,f0e0f54b513487dc2d18f30c7ee39e779d1b73d8f8a0879bda8c4620d1f56fd7,224,224,RGB
data/raw/kaggle/extracted/train/bastiodon/1746342698.jpg,kaggle/extracted/train/bastiodon/1746342698.jpg,train,bastiodon,1746342698,0d933c80605bb53bc815b88d85533d9cfbf0bce5ef23ea73bc3a97a494084f10,224,224,RGB
data/raw/kaggle/extracted/train/bastiodon/1746385943.jpg,kaggle/extracted/train/bastiodon/1746385943.jpg,train,bastiodon,1746385943,97a3219b0f0f868d3134fb92f10c48ef0ce1a70e306c9b53c3d678759e5656f6,224,224,RGB
data/raw/kaggle/extracted/train/bastiodon/1746386178.jpg,kaggle/extracted/train/bastiodon/1746386178.jpg,train,bastiodon,1746386178,cc845628de0e121eb17a6de8bb7bf6017ea60b655f777dc33caee21d6add0658,224,224,RGB
data/raw/kaggle/extracted/train/bastiodon/1746391294.jpg,kaggle/extracted/train/bastiodon/1746391294.jpg,train,bastiodon,1746391294,50d7ba37b7f4b9e2fe99e8eda2bf38d23c5318f7588de2ec2b300ca030e42f00,224,224,RGB
data/raw/kaggle/extracted/train/bastiodon/1746463897.jpg,kaggle/extracted/train/bastiodon/1746463897.jpg,train,bastiodon,1746463897,ddced8d9b96293861d83ed3a13eda83d27cb4eb117c273d91ab93b2304092268,224,224,RGB
data/raw/kaggle/extracted/train/bastiodon/1746467489.jpg,kaggle/extracted/train/bastiodon/1746467489.jpg,train,bastiodon,1746467489,20db555341e180bc99a0d7d9d9e4a719b0b3da7831379b68f1f1ceb5a6d59c19,224,224,RGB
data/raw/kaggle/extracted/train/bastiodon/1746485400.jpg,kaggle/extracted/train/bastiodon/1746485400.jpg,train,bastiodon,1746485400,70c476e90f5d625fb71c4871159b712bb4567fa12e8610435951be386e8515b7,224,224,RGB
data/raw/kaggle/extracted/train/bastiodon/1746525333.jpg,kaggle/extracted/train/bastiodon/1746525333.jpg,train,bastiodon,1746525333,69a39a1aa9b7734932aa06b6176663c91ddd346de4ff39e8fb539232a91a4c75,224,224,RGB
data/raw/kaggle/extracted/train/bastiodon/1746547652.jpg,kaggle/extracted/train/bastiodon/1746547652.jpg,train,bastiodon,1746547652,03bac88da51997f76b14fcbab8aa25346ede0dadf9cf501611d09411a0589493,224,224,RGB
data/raw/kaggle/extracted/train/bastiodon/1746598043.jpg,kaggle/extracted/train/bastiodon/1746598043.jpg,train,bastiodon,1746598043,4f1d0fe8297492d17b77cbae4196113bb8eeca011a827e1928a5c82be108f9c4,224,224,RGB
data/raw/kaggle/extracted/train/bastiodon/1746599592.jpg,kaggle/extracted/train/bastiodon/1746599592.jpg,train,bastiodon,1746599592,678fbc46595a2252e2eede6ec3726f0b30b8212ccf5029e09c780ca16eb6d137,224,224,RGB
data/raw/kaggle/extracted/train/baxcalibur/1745424298.jpg,kaggle/extracted/train/baxcalibur/1745424298.jpg,train,baxcalibur,1745424298,99ea873040bc602e387e9e469ffc47971c1b5b986bde3fd8d98c94e212a149be,224,224,RGB
data/raw/kaggle/extracted/train/baxcalibur/1745432216.jpg,kaggle/extracted/train/baxcalibur/1745432216.jpg,train,baxcalibur,1745432216,7e51b1e1739a13011e72a656f7bbaa978ab41d6bc179afc8121c726e9843e091,224,224,RGB
data/raw/kaggle/extracted/train/baxcalibur/1745437113.jpg,kaggle/extracted/train/baxcalibur/1745437113.jpg,train,baxcalibur,1745437113,a4e6447bed5a13403a18c812e12f4add38451625e91992897c388aadbf3710dd,224,224,RGB
data/raw/kaggle/extracted/train/baxcalibur/1745500013.jpg,kaggle/extracted/train/baxcalibur/1745500013.jpg,train,baxcalibur,1745500013,4cbd1c1d9f9f5186f491545570ac2ac0aa9c858ef7e90e2c99880668675db844,224,224,RGB
data/raw/kaggle/extracted/train/baxcalibur/1745561174.jpg,kaggle/extracted/train/baxcalibur/1745561174.jpg,train,baxcalibur,1745561174,6b328cd3dcb7c3a83349b2ce33a6d1e180c7c9e87ad239c2de1c7b2c1387e9a6,224,224,RGB
data/raw/kaggle/extracted/train/baxcalibur/1745611909.jpg,kaggle/extracted/train/baxcalibur/1745611909.jpg,train,baxcalibur,1745611909,8b12cc013ff784ba75faac650f43408883b8ae2735f2dd63c8691a4f14c31a45,224,224,RGB
data/raw/kaggle/extracted/train/baxcalibur/1745656969.jpg,kaggle/extracted/train/baxcalibur/1745656969.jpg,train,baxcalibur,1745656969,755d54cb7f00d6e7cecde0f04442233e8b21829fc64129baf45875f5aab74d60,224,224,RGB
data/raw/kaggle/extracted/train/baxcalibur/1745962210.jpg,kaggle/extracted/train/baxcalibur/1745962210.jpg,train,baxcalibur,1745962210,6fe60ad6e0e7f938ce0eacede8e083d9408039f1fd52bd0db602b78f47210ae6,224,224,RGB
data/raw/kaggle/extracted/train/baxcalibur/1745994995.jpg,kaggle/extracted/train/baxcalibur/1745994995.jpg,train,baxcalibur,1745994995,0138b120d0f3c722a2b9ec016c38e195df902c7fe7438cfc73121ab88c8a02f0,224,224,RGB
data/raw/kaggle/extracted/train/baxcalibur/1745999273.jpg,kaggle/extracted/train/baxcalibur/1745999273.jpg,train,baxcalibur,1745999273,5a18f902503bc5e1b7736629bf7900f6f7e9245b0bd4fb3ee5c8c066372999c8,224,224,RGB
data/raw/kaggle/extracted/train/baxcalibur/1746000155.jpg,kaggle/extracted/train/baxcalibur/1746000155.jpg,train,baxcalibur,1746000155,5bcbd0c7947a2e8614a21545571576bd5361ef135e89ebaf595fb81426ba7fe8,224,224,RGB
data/raw/kaggle/extracted/train/baxcalibur/1746006385.jpg,kaggle/extracted/train/baxcalibur/1746006385.jpg,train,baxcalibur,1746006385,d746ad8698f574789e5926a68c2f5b4594a65aa0142fb86232d92165bd222fca,224,224,RGB
data/raw/kaggle/extracted/train/baxcalibur/1746021652.jpg,kaggle/extracted/train/baxcalibur/1746021652.jpg,train,baxcalibur,1746021652,c830aafce6610dd8c9e2cb37f80f0170e3b8fe98c0a7a92de58b9a457f528db9,224,224,RGB
data/raw/kaggle/extracted/train/baxcalibur/1746042328.jpg,kaggle/extracted/train/baxcalibur/1746042328.jpg,train,baxcalibur,1746042328,2549a7089f07e248f28590d60ff350df5dd5b8e255359e87607d4686256fcbe8,224,224,RGB
data/raw/kaggle/extracted/train/baxcalibur/1746212488.jpg,kaggle/extracted/train/baxcalibur/1746212488.jpg,train,baxcalibur,1746212488,c1170dcacb5d6dc885d88f53f88878d009ae410e53945b603c6a0be32b956bf5,224,224,RGB
data/raw/kaggle/extracted/train/baxcalibur/1746228954.jpg,kaggle/extracted/train/baxcalibur/1746228954.jpg,train,baxcalibur,1746228954,708ee5518592021dc2437fc78193ce5648d19ce322cc0155f5cc5aab35f850f3,224,224,RGB
data/raw/kaggle/extracted/train/baxcalibur/1746380812.jpg,kaggle/extracted/train/baxcalibur/1746380812.jpg,train,baxcalibur,1746380812,79d866e012d1d2758cc4bdd2b66e2152d5fc96e7da138bab94732989f2439832,224,224,RGB
data/raw/kaggle/extracted/train/baxcalibur/1746383221.jpg,kaggle/extracted/train/baxcalibur/1746383221.jpg,train,baxcalibur,1746383221,0707ab845be6a0af0a8f08a62281370a9f4d9eb6ae9583f7a1ca3cdb9d4eb565,224,224,RGB
data/raw/kaggle/extracted/train/baxcalibur/1746430782.jpg,kaggle/extracted/train/baxcalibur/1746430782.jpg,train,baxcalibur,1746430782,c3c4cc9a121e5107352f1e7b719edc140e4c5aaa6726c5c0ba2c28d5ccd740ac,224,224,RGB
data/raw/kaggle/extracted/train/baxcalibur/1746439629.jpg,kaggle/extracted/train/baxcalibur/1746439629.jpg,train,baxcalibur,1746439629,51a55fc5fd2465e6cd63d4d3f8976be5b006deeb08fe429a76c7829f63657a15,224,224,RGB
data/raw/kaggle/extracted/train/baxcalibur/1746472868.jpg,kaggle/extracted/train/baxcalibur/1746472868.jpg,train,baxcalibur,1746472868,615b32c190b1a67bc27186dfc7b041dea055ff3416921e5295618534731ec7d9,224,224,RGB
data/raw/kaggle/extracted/train/baxcalibur/1746546962.jpg,kaggle/extracted/train/baxcalibur/1746546962.jpg,train,baxcalibur,1746546962,6d5f5fe3f8968d50316b151373e2e1782804758d85d596a92c28be604a17b8c5,224,224,RGB
data/raw/kaggle/extracted/train/baxcalibur/1746597301.jpg,kaggle/extracted/train/baxcalibur/1746597301.jpg,train,baxcalibur,1746597301,2e5d32b9be1f787e361542fd3f992698d881e451e86f8193813e93be1ffe40ab,224,224,RGB
data/raw/kaggle/extracted/train/baxcalibur/1746967567.jpg,kaggle/extracted/train/baxcalibur/1746967567.jpg,train,baxcalibur,1746967567,0fa544b9f47b604e7e4f90e4a1ee2e4a3d55a80a9c5bec6a74ace1c8fe5a7e9a,224,224,RGB
data/raw/kaggle/extracted/train/baxcalibur/1747175899.jpg,kaggle/extracted/train/baxcalibur/1747175899.jpg,train,baxcalibur,1747175899,396038795dcdbc998a2106a6f275dfe3e05b2a3bc1d025adb802b8684a83b8ab,224,224,RGB
data/raw/kaggle/extracted/train/bayleef/1745386198.jpg,kaggle/extracted/train/bayleef/1745386198.jpg,train,bayleef,1745386198,750d0d4a4faeba280e81a7509d41cdcd67abfb1ad13e06e110de83722e8839cf,224,224,RGB
data/raw/kaggle/extracted/train/bayleef/1745410531.jpg,kaggle/extracted/train/bayleef/1745410531.jpg,train,bayleef,1745410531,3ea48e8fc5544b838009feba70321af61058f915feed7ede4fb3b7520f4f583e,224,224,RGB
data/raw/kaggle/extracted/train/bayleef/1745421716.jpg,kaggle/extracted/train/bayleef/1745421716.jpg,train,bayleef,1745421716,d6930617e24857bd7a16dd41776c4a528b3aefc8a8af3818944a836a05beb604,224,224,RGB
data/raw/kaggle/extracted/train/bayleef/1745425220.jpg,kaggle/extracted/train/bayleef/1745425220.jpg,train,bayleef,1745425220,f144dbb6f9e768de6256ba744dd798f219d6cb7d9de769a59a5c9f651ec97a13,224,224,RGB
data/raw/kaggle/extracted/train/bayleef/1745428411.jpg,kaggle/extracted/train/bayleef/1745428411.jpg,train,bayleef,1745428411,af4e1b91a5737a84f71e8b62ae23ce0cb1417d9c3d506098eb08bceae9cf89e6,224,224,RGB
data/raw/kaggle/extracted/train/bayleef/1745498316.jpg,kaggle/extracted/train/bayleef/1745498316.jpg,train,bayleef,1745498316,385df61c5d12dd70199e9d4ea658ae6736b4f423166c3fdae9936e09434b28c6,224,224,RGB
data/raw/kaggle/extracted/train/bayleef/1745502454.jpg,kaggle/extracted/train/bayleef/1745502454.jpg,train,bayleef,1745502454,dfc2755f267480915d420b77e3cf273ce45082625d2c27b03fc0f9b80df0141d,224,224,RGB
data/raw/kaggle/extracted/train/bayleef/1745505817.jpg,kaggle/extracted/train/bayleef/1745505817.jpg,train,bayleef,1745505817,57e44748eb995859b97db1420884e3546b4a0a1fca8c241be24fa170b81b8042,224,224,RGB
data/raw/kaggle/extracted/train/bayleef/1745522191.jpg,kaggle/extracted/train/bayleef/1745522191.jpg,train,bayleef,1745522191,55387c1680974b41fee657f5ba5c2f65575d874b2f15a58c79f78a7f3f6d1e56,224,224,RGB
data/raw/kaggle/extracted/train/bayleef/1745590295.jpg,kaggle/extracted/train/bayleef/1745590295.jpg,train,bayleef,1745590295,5056c670aaa1b800700d0043a5168a0b7f6ba6af50270140e09fd1c075b87f40,224,224,RGB
data/raw/kaggle/extracted/train/bayleef/1745590369.jpg,kaggle/extracted/train/bayleef/1745590369.jpg,train,bayleef,1745590369,7eb6e44dbc42f7d3bfc46d9b9c86179ea3173881f258a417c23839f3e117b549,224,224,RGB
data/raw/kaggle/extracted/train/bayleef/1745590498.jpg,kaggle/extracted/train/bayleef/1745590498.jpg,train,bayleef,1745590498,10f45cbce7fbdf58c166be9d02339c863a68c6e394df8997836ec8e2a50f8f83,224,224,RGB
data/raw/kaggle/extracted/train/bayleef/1745594340.jpg,kaggle/extracted/train/bayleef/1745594340.jpg,train,bayleef,1745594340,acf94d86a2058b2e89c14c9ba63a53435d65f03e9a6ac3dde7e4a620dbc52d10,224,224,RGB
data/raw/kaggle/extracted/train/bayleef/1745609328.jpg,kaggle/extracted/train/bayleef/1745609328.jpg,train,bayleef,1745609328,0e0ea7b03181aab95480d173bc4c2c31e1f8001ffaf03e096366725842272ad1,224,224,RGB
data/raw/kaggle/extracted/train/bayleef/1745610479.jpg,kaggle/extracted/train/bayleef/1745610479.jpg,train,bayleef,1745610479,78b24a88a308fa4bd866511166135aaf4263e4432e90c8e50bdeaaf97f5c4cc2,224,224,RGB
data/raw/kaggle/extracted/train/bayleef/1745610488.jpg,kaggle/extracted/train/bayleef/1745610488.jpg,train,bayleef,1745610488,d9432ee8cc6210bd993d8392025cc5bbcee3dd384565839136836f6aa85abe75,224,224,RGB
data/raw/kaggle/extracted/train/bayleef/1745650507.jpg,kaggle/extracted/train/bayleef/1745650507.jpg,train,bayleef,1745650507,89eede1f59df207e3252db8e3f9221fb37e008fa5500e163e21b7f8f09d53994,224,224,RGB
data/raw/kaggle/extracted/train/bayleef/1745651902.jpg,kaggle/extracted/train/bayleef/1745651902.jpg,train,bayleef,1745651902,5d65f161aed0dc48714f3857df1ca280ea32e163f174cf3e467525064a0062f5,224,224,RGB
data/raw/kaggle/extracted/train/bayleef/1745654288.jpg,kaggle/extracted/train/bayleef/1745654288.jpg,train,bayleef,1745654288,8ac664bd4fd35b2d608c42ed4ae8d87f3a53368713317881345a27732d90f055,224,224,RGB
data/raw/kaggle/extracted/train/bayleef/1745654377.jpg,kaggle/extracted/train/bayleef/1745654377.jpg,train,bayleef,1745654377,3c73ae04cf11eb31b421c8571da0cc85da4222f7c9ef795de31396ac39b5dac5,224,224,RGB
data/raw/kaggle/extracted/train/bayleef/1745654826.jpg,kaggle/extracted/train/bayleef/1745654826.jpg,train,bayleef,1745654826,5b3e9b0644cdb6eb92e2010d6b0ef6bb822c0c44c0149b7d125484a873a1857c,224,224,RGB
data/raw/kaggle/extracted/train/bayleef/1745661438.jpg,kaggle/extracted/train/bayleef/1745661438.jpg,train,bayleef,1745661438,e82d3d59fbe191efc1d5db75d122be26d186294248ee9e1c42084768f444082e,224,224,RGB
data/raw/kaggle/extracted/train/bayleef/1745661756.jpg,kaggle/extracted/train/bayleef/1745661756.jpg,train,bayleef,1745661756,d15b5a71d53bb65b196cf784fe8eaba17d9128bf7bdd7fd2e493afa63e4ef0e3,224,224,RGB
data/raw/kaggle/extracted/train/bayleef/1745665578.jpg,kaggle/extracted/train/bayleef/1745665578.jpg,train,bayleef,1745665578,842d17e8f57f394c8ccd27883ee6457ce5bdafe781c8fc7ad97e8881ad32d1db,224,224,RGB
data/raw/kaggle/extracted/train/bayleef/1745752788.jpg,kaggle/extracted/train/bayleef/1745752788.jpg,train,bayleef,1745752788,495800950fa5b2e76188b002fb7a201beb63dc79e3eb4caf0c5a1986d202f70a,224,224,RGB
data/raw/kaggle/extracted/train/bayleef/1745754216.jpg,kaggle/extracted/train/bayleef/1745754216.jpg,train,bayleef,1745754216,d1dc5a9a4ff2c37f11427f9f58966e192f8c97aa4752981fd89a160d9077528b,224,224,RGB
data/raw/kaggle/extracted/train/bayleef/1745757714.jpg,kaggle/extracted/train/bayleef/1745757714.jpg,train,bayleef,1745757714,1ba98ca73445de8104a51365eae34b2ac8b8e07ad4f35b504e08a0c2ab1dd534,224,224,RGB
data/raw/kaggle/extracted/train/bayleef/1745759009.jpg,kaggle/extracted/train/bayleef/1745759009.jpg,train,bayleef,1745759009,73e50ec867701aed4f0d4f55f1c14bb5c398e3c4cea27784f8a61ab76ffa8a32,224,224,RGB
data/raw/kaggle/extracted/train/bayleef/1745764725.jpg,kaggle/extracted/train/bayleef/1745764725.jpg,train,bayleef,1745764725,e5ac1ddeed7e3da493ab11874758fcf61acb26c66538cf5faded2c501cbc6853,224,224,RGB
data/raw/kaggle/extracted/train/bayleef/1745781997.jpg,kaggle/extracted/train/bayleef/1745781997.jpg,train,bayleef,1745781997,e7e10a526b749e014df574da63417b85edfa3a9a2b5d7bc12244b39a71572280,224,224,RGB
data/raw/kaggle/extracted/train/bayleef/1745955567.jpg,kaggle/extracted/train/bayleef/1745955567.jpg,train,bayleef,1745955567,267d4e28f474d9980594d40a956637696c04eef5661c67c1fdf782be0d87db83,224,224,RGB
data/raw/kaggle/extracted/train/bayleef/1745959917.jpg,kaggle/extracted/train/bayleef/1745959917.jpg,train,bayleef,1745959917,e89fc4a333a68d50c034e681df9411989a13fec2cdc478b40ff596bbd8770200,224,224,RGB
data/raw/kaggle/extracted/train/bayleef/1745962187.jpg,kaggle/extracted/train/bayleef/1745962187.jpg,train,bayleef,1745962187,1007d2dd40aa33987ee70c1816bd12daf16ef911c162d9dbd490cc83b5e78f77,224,224,RGB
data/raw/kaggle/extracted/train/bayleef/1745970096.jpg,kaggle/extracted/train/bayleef/1745970096.jpg,train,bayleef,1745970096,1c816741665f6b499310a499ccbfe5a224c9a5073ee4a5d6fd06a5ba51663c10,224,224,RGB
data/raw/kaggle/extracted/train/bayleef/1745988088.jpg,kaggle/extracted/train/bayleef/1745988088.jpg,train,bayleef,1745988088,060db5995cc23da6a8263bdc71b29f915bc2678d784420a0854a58525f7caebf,224,224,RGB
data/raw/kaggle/extracted/train/bayleef/1745990001.jpg,kaggle/extracted/train/bayleef/1745990001.jpg,train,bayleef,1745990001,2053013d9269c42bf297cfb89ec0fe02605e6e6cd144cbe4cc3a70293f82527e,224,224,RGB
data/raw/kaggle/extracted/train/bayleef/1745992538.jpg,kaggle/extracted/train/bayleef/1745992538.jpg,train,bayleef,1745992538,54413a3bc503193674a6e1105b07ac4fb137f940925b15a8a29c265652bd2f64,224,224,RGB
data/raw/kaggle/extracted/train/bayleef/1745994734.jpg,kaggle/extracted/train/bayleef/1745994734.jpg,train,bayleef,1745994734,29f86710c9c43c2531383612df641050a2b7ff530440c281c88cca2dee61314a,224,224,RGB
data/raw/kaggle/extracted/train/bayleef/1745996474.jpg,kaggle/extracted/train/bayleef/1745996474.jpg,train,bayleef,1745996474,8e52d1a136942532441a0fc85875f6ecbe018e483c0b0b72453367701db18c36,224,224,RGB
data/raw/kaggle/extracted/train/bayleef/1745997148.jpg,kaggle/extracted/train/bayleef/1745997148.jpg,train,bayleef,1745997148,5cf2a46e3e7eca5542aacfa43c876f0a48a4d9585e6e684a71152de5e4bd41cd,224,224,RGB
data/raw/kaggle/extracted/train/bayleef/1745998469.jpg,kaggle/extracted/train/bayleef/1745998469.jpg,train,bayleef,1745998469,53dd16394beeee9ee0200bc8885f7fa1a153c7a3d8ea4744f40f480e9b76f59e,224,224,RGB
data/raw/kaggle/extracted/train/bayleef/1746004912.jpg,kaggle/extracted/train/bayleef/1746004912.jpg,train,bayleef,1746004912,a439d88646db6ccb657eb7a728ed3925ea3f28cad6f9a1531d9f5a596f4eaeb1,224,224,RGB
data/raw/kaggle/extracted/train/bayleef/1746005960.jpg,kaggle/extracted/train/bayleef/1746005960.jpg,train,bayleef,1746005960,f86b4e7b44107ad2ccc5dc8e49270430485f05136af8af487ac7278855b10a29,224,224,RGB
data/raw/kaggle/extracted/train/bayleef/1746016103.jpg,kaggle/extracted/train/bayleef/1746016103.jpg,train,bayleef,1746016103,aaded746a521768072ae5674b580948d94ba9c83cdae8dcfd1220c6a4c8c0b69,224,224,RGB
data/raw/kaggle/extracted/train/bayleef/1746031584.jpg,kaggle/extracted/train/bayleef/1746031584.jpg,train,bayleef,1746031584,071ccb5bc7dd646614e3e661d025327ec1a801373ac39a7dd2802aa2a9d2d13b,224,224,RGB
data/raw/kaggle/extracted/train/bayleef/1746040349.jpg,kaggle/extracted/train/bayleef/1746040349.jpg,train,bayleef,1746040349,7f0cc6ce6c0b1f3e177569bf24a9254a113de4eafdc7794d9811cd306ae9483a,224,224,RGB
data/raw/kaggle/extracted/train/bayleef/1746046378.jpg,kaggle/extracted/train/bayleef/1746046378.jpg,train,bayleef,1746046378,d51f1634e93dad911e60b3555c9dbec856c392772e7478d7814ffcd9907ac2e3,224,224,RGB
data/raw/kaggle/extracted/train/bayleef/1746061355.jpg,kaggle/extracted/train/bayleef/1746061355.jpg,train,bayleef,1746061355,f5ef85d2414ca3f8b0103b9ff7e61d8ce37f997d13afa04355559bcdf7259765,224,224,RGB
data/raw/kaggle/extracted/train/bayleef/1746118809.jpg,kaggle/extracted/train/bayleef/1746118809.jpg,train,bayleef,1746118809,28727e6022d46c9145a471f5d2568621408a0736de050c99b2148616b6667551,224,224,RGB
data/raw/kaggle/extracted/train/bayleef/1746123592.jpg,kaggle/extracted/train/bayleef/1746123592.jpg,train,bayleef,1746123592,5b013f913af26ce0ec0b6f31456f5d1708b283ace1fafc8a99327143ade59ad7,224,224,RGB
data/raw/kaggle/extracted/train/bayleef/1746134318.jpg,kaggle/extracted/train/bayleef/1746134318.jpg,train,bayleef,1746134318,63cc26db551c799acaa89e4e0ff018af61b9185407321fcb2fbc2382c89779a5,224,224,RGB
data/raw/kaggle/extracted/train/bayleef/1746205837.jpg,kaggle/extracted/train/bayleef/1746205837.jpg,train,bayleef,1746205837,ed0a4e6abed5ed05be4ee5125035087a91dbc98a124ec3d22407dd31936e72aa,224,224,RGB
data/raw/kaggle/extracted/train/bayleef/1746216603.jpg,kaggle/extracted/train/bayleef/1746216603.jpg,train,bayleef,1746216603,a9bb81a72e66f51c7777719823f6dc213d863375ace7b767997e569c6859a462,224,224,RGB
data/raw/kaggle/extracted/train/bayleef/1746218848.jpg,kaggle/extracted/train/bayleef/1746218848.jpg,train,bayleef,1746218848,b7811f28694bf010b30c312f0d7aaf9c1d8ac1b817896d57b2aadc1dc0c4d18f,224,224,RGB
data/raw/kaggle/extracted/train/bayleef/1746225058.jpg,kaggle/extracted/train/bayleef/1746225058.jpg,train,bayleef,1746225058,1d5ba0106785f04cb8ddedea31d7320f17641541e1ea5b6799f8461c7cbcb72d,224,224,RGB
data/raw/kaggle/extracted/train/bayleef/1746231234.jpg,kaggle/extracted/train/bayleef/1746231234.jpg,train,bayleef,1746231234,7f99286a096ef3c226f749d42f4a7bc0bb5fb8385bd183dfdf598dc486f8c07d,224,224,RGB
data/raw/kaggle/extracted/train/bayleef/1746343848.jpg,kaggle/extracted/train/bayleef/1746343848.jpg,train,bayleef,1746343848,acafd1059191d3f1b87888241a9c431e03a65e681d378338ceb1110bed003e4b,224,224,RGB
data/raw/kaggle/extracted/train/bayleef/1746345228.jpg,kaggle/extracted/train/bayleef/1746345228.jpg,train,bayleef,1746345228,10f68be048a67a2f8242a6646e0aa9dfb90ded2f7512e07df5566383187e8cfb,224,224,RGB
data/raw/kaggle/extracted/train/bayleef/1746345601.jpg,kaggle/extracted/train/bayleef/1746345601.jpg,train,bayleef,1746345601,3a250d9503325045b676be7fe57be0ba0f5a6f052eb0ea8baffbdba79fe0f708,224,224,RGB
data/raw/kaggle/extracted/train/bayleef/1746346854.jpg,kaggle/extracted/train/bayleef/1746346854.jpg,train,bayleef,1746346854,45513e12304db7b006a79ef359e5114743093d0cc7d07077b04a636bb1674525,224,224,RGB
data/raw/kaggle/extracted/train/bayleef/1746349651.jpg,kaggle/extracted/train/bayleef/1746349651.jpg,train,bayleef,1746349651,5754419de2828e6c30b2fba3c023afb202f070f54379a435979fee306b67fa8f,224,224,RGB
data/raw/kaggle/extracted/train/bayleef/1746360613.jpg,kaggle/extracted/train/bayleef/1746360613.jpg,train,bayleef,1746360613,64b2862fb11bee32d40ea99a58ee5a3693589be8a33b47dc94599d480782c1da,224,224,RGB
data/raw/kaggle/extracted/train/bayleef/1746360854.jpg,kaggle/extracted/train/bayleef/1746360854.jpg,train,bayleef,1746360854,ab0e77a6b49c07cbe39497e6667e1d4bdbe83f9fabd3a3c480c13f7aa17ab715,224,224,RGB
data/raw/kaggle/extracted/train/bayleef/1746380254.jpg,kaggle/extracted/train/bayleef/1746380254.jpg,train,bayleef,1746380254,ef61fdc271fb4a899683ac744836941673fb729442b544f381588abee43246fc,224,224,RGB
data/raw/kaggle/extracted/train/bayleef/1746380363.jpg,kaggle/extracted/train/bayleef/1746380363.jpg,train,bayleef,1746380363,caf9e2762ab5b034df2af293322df60cba4f4bc7815fe392cd9860f04089de34,224,224,RGB
data/raw/kaggle/extracted/train/bayleef/1746382558.jpg,kaggle/extracted/train/bayleef/1746382558.jpg,train,bayleef,1746382558,efee5da01171da388edfc613b08624ef55ee493c2c65b4d5d8bdd5e2a5de8e7d,224,224,RGB
data/raw/kaggle/extracted/train/bayleef/1746385521.jpg,kaggle/extracted/train/bayleef/1746385521.jpg,train,bayleef,1746385521,0d85d17dc855f52cb8de8f5547c2c7d1dd4dfa2ddf28ce3c5034af23e2e89a53,224,224,RGB
data/raw/kaggle/extracted/train/bayleef/1746387831.jpg,kaggle/extracted/train/bayleef/1746387831.jpg,train,bayleef,1746387831,da4c97f672d68828e455972498c022fda04a5c6f01f0306518e47fe3edfcf9c4,224,224,RGB
data/raw/kaggle/extracted/train/bayleef/1746390422.jpg,kaggle/extracted/train/bayleef/1746390422.jpg,train,bayleef,1746390422,e8ff5ca847416e0846735d6c8263bea2fbe785d7108441b67cc6a2b7039be42a,224,224,RGB
data/raw/kaggle/extracted/train/bayleef/1746397074.jpg,kaggle/extracted/train/bayleef/1746397074.jpg,train,bayleef,1746397074,451a25327dc358119653b1c1b50158e2e937566db384673dce187c07bda66661,224,224,RGB
data/raw/kaggle/extracted/train/bayleef/1746426975.jpg,kaggle/extracted/train/bayleef/1746426975.jpg,train,bayleef,1746426975,f5c52279f049f2eccf7664d21c4e5027612e501b76379e54bfb689e1b22cb3a8,224,224,RGB
data/raw/kaggle/extracted/train/bayleef/1746427138.jpg,kaggle/extracted/train/bayleef/1746427138.jpg,train,bayleef,1746427138,07ee65c80d19e4511697cde431cf0e1255601d8c24ffc61106c6b63854b9f1fe,224,224,RGB
data/raw/kaggle/extracted/train/beartic/1745409073.jpg,kaggle/extracted/train/beartic/1745409073.jpg,train,beartic,1745409073,68b3939e1b53a6b1533c9830fcef47ee182dc9d17760191dac0573be97400ecf,224,224,RGB
data/raw/kaggle/extracted/train/beartic/1745411970.jpg,kaggle/extracted/train/beartic/1745411970.jpg,train,beartic,1745411970,5b93a759cfee6f41e33e532a29672038ce1b3a867ced5c4dfa762e7f8e25b693,224,224,RGB
data/raw/kaggle/extracted/train/beartic/1745415432.jpg,kaggle/extracted/train/beartic/1745415432.jpg,train,beartic,1745415432,b8e2eda42ca40fc231cdd7f97dd3d31757200f6b146b32da7348e74accb20d02,224,224,RGB
data/raw/kaggle/extracted/train/beartic/1745430379.jpg,kaggle/extracted/train/beartic/1745430379.jpg,train,beartic,1745430379,043ae3ffc8aea2dce2ff257a6f833b92dc517ba6dd8cbc2f7791bbb0f7900794,224,224,RGB
data/raw/kaggle/extracted/train/beartic/1745431156.jpg,kaggle/extracted/train/beartic/1745431156.jpg,train,beartic,1745431156,122fbf2e734a44daea9342c9b63f8bab6e8455e2250ebd12cba8a970907ebeda,224,224,RGB
data/raw/kaggle/extracted/train/beartic/1745524671.jpg,kaggle/extracted/train/beartic/1745524671.jpg,train,beartic,1745524671,8725f9321c5640b83b3aae7ce05a2df4dff490f927662ad34681ff4693b6c949,224,224,RGB
data/raw/kaggle/extracted/train/beartic/1745658049.jpg,kaggle/extracted/train/beartic/1745658049.jpg,train,beartic,1745658049,e8231d5fa1cddb038c90fe58acb13584b8650543b0ce7f6b57d652c65e74677e,224,224,RGB
data/raw/kaggle/extracted/train/beartic/1745958476.jpg,kaggle/extracted/train/beartic/1745958476.jpg,train,beartic,1745958476,b7f58f2fa94d6577af5b35575f252ed46ff725cf3fc7706461c9020f712e207a,224,224,RGB
data/raw/kaggle/extracted/train/beartic/1745962353.jpg,kaggle/extracted/train/beartic/1745962353.jpg,train,beartic,1745962353,dfd0410361d96a85d16445c404a56d8c1e084c6b263e420f54756c4ca73ba9c7,224,224,RGB
data/raw/kaggle/extracted/train/beartic/1745996398.jpg,kaggle/extracted/train/beartic/1745996398.jpg,train,beartic,1745996398,4e42b0684628234d5d8d5e5d6e4f5e319acbc27614ee3fb6ac481a0f276c8616,224,224,RGB
data/raw/kaggle/extracted/train/beartic/1746003419.jpg,kaggle/extracted/train/beartic/1746003419.jpg,train,beartic,1746003419,bf1df8ade83f6f77b9c7fcba7ee30590a10dba3e5f640a75bee9227c6cb4de57,224,224,RGB
data/raw/kaggle/extracted/train/beartic/1746134308.jpg,kaggle/extracted/train/beartic/1746134308.jpg,train,beartic,1746134308,b051b3be8370ea5525b5838f7172d51da58e599c1f8aa6a5b53ba0a2fae68073,224,224,RGB
data/raw/kaggle/extracted/train/beartic/1746135251.jpg,kaggle/extracted/train/beartic/1746135251.jpg,train,beartic,1746135251,b8a1faa05d953de24b6de4bd6c93c1d69349414752090d6a68f07f5db7f9e0ac,224,224,RGB
data/raw/kaggle/extracted/train/beartic/1746141938.jpg,kaggle/extracted/train/beartic/1746141938.jpg,train,beartic,1746141938,b2c95fc25f17066ff7d3a41c7ac7568d5751be7f407ecfbeefeff32978cf1915,224,224,RGB
data/raw/kaggle/extracted/train/beartic/1746208899.jpg,kaggle/extracted/train/beartic/1746208899.jpg,train,beartic,1746208899,c88b97c542ab98370869c8c4826e76c7e5bc02d4ca91cf01218aa3f01d37a263,224,224,RGB
data/raw/kaggle/extracted/train/beartic/1746271653.jpg,kaggle/extracted/train/beartic/1746271653.jpg,train,beartic,1746271653,b70c7c9a24df5d3e64ba4875e56d6236b5e8952dd004914480b32317a03edebd,224,224,RGB
data/raw/kaggle/extracted/train/beartic/1746341128.jpg,kaggle/extracted/train/beartic/1746341128.jpg,train,beartic,1746341128,45f46f1dae5e2c17194f71d0594eb2596cd886cbf40488a19b778c6edfffe566,224,224,RGB
data/raw/kaggle/extracted/train/beartic/1746427801.jpg,kaggle/extracted/train/beartic/1746427801.jpg,train,beartic,1746427801,e9a5b3a76044251cc245469184f249a083a143548f8348ca8fb0ca34d28b41a2,224,224,RGB
data/raw/kaggle/extracted/train/beartic/1746462278.jpg,kaggle/extracted/train/beartic/1746462278.jpg,train,beartic,1746462278,ba7f753531121ec60052440d5d1de27021a63aee411effc8ce6f43b94a16ccde,224,224,RGB
data/raw/kaggle/extracted/train/beartic/1746467238.jpg,kaggle/extracted/train/beartic/1746467238.jpg,train,beartic,1746467238,7c5ff678b4fa07fddc4d604f77a3ebc6059936d8dc22fc731e5b586a2ef0e178,224,224,RGB
data/raw/kaggle/extracted/train/beartic/1746550942.jpg,kaggle/extracted/train/beartic/1746550942.jpg,train,beartic,1746550942,25d06753706e6cbd021837e3110b009ea7cde0f0df1996011818a33096868385,224,224,RGB
data/raw/kaggle/extracted/train/beartic/1746601597.jpg,kaggle/extracted/train/beartic/1746601597.jpg,train,beartic,1746601597,0fca59a336999287cf1f0fa772cf082ec0a063d57fa95a4b483740e58c29a1f3,224,224,RGB
data/raw/kaggle/extracted/train/beartic/1746968839.jpg,kaggle/extracted/train/beartic/1746968839.jpg,train,beartic,1746968839,a6da1a15619881af0b2bdae6b6853e9195f31c693687f970a4991591e18310ff,224,224,RGB
data/raw/kaggle/extracted/train/beautifly/1745418431.jpg,kaggle/extracted/train/beautifly/1745418431.jpg,train,beautifly,1745418431,94ec1c75be025c6fb7813cd652bbacf73f91851b31d6540c365a66f2998e1c1a,224,224,RGB
data/raw/kaggle/extracted/train/beautifly/1745495876.jpg,kaggle/extracted/train/beautifly/1745495876.jpg,train,beautifly,1745495876,d7444cc66e5799358334a24fcaec9c7e847a6f5ee8c08f05961ba0c5730d4e78,224,224,RGB
data/raw/kaggle/extracted/train/beautifly/1745503635.jpg,kaggle/extracted/train/beautifly/1745503635.jpg,train,beautifly,1745503635,a6939acf5515a74d86744c887a6dff68d1f689969eda9612964d0a2926bc9bcf,224,224,RGB
data/raw/kaggle/extracted/train/beautifly/1745508137.jpg,kaggle/extracted/train/beautifly/1745508137.jpg,train,beautifly,1745508137,0ce9e99b53f435a881d665d8bb8c8b8199f3943714776cf19a6eefd238e69f40,224,224,RGB
data/raw/kaggle/extracted/train/beautifly/1745569127.jpg,kaggle/extracted/train/beautifly/1745569127.jpg,train,beautifly,1745569127,80ffb9b4bd99b71e3ffaf00b79f1d36402e23a54fe086c940dd5b2b488bb8870,224,224,RGB
data/raw/kaggle/extracted/train/beautifly/1745668442.jpg,kaggle/extracted/train/beautifly/1745668442.jpg,train,beautifly,1745668442,e3e259d33632e913d5012d6fa6c13bd4afe62e56ccb952430ce1e2a9292e8024,224,224,RGB
data/raw/kaggle/extracted/train/beautifly/1745865773.jpg,kaggle/extracted/train/beautifly/1745865773.jpg,train,beautifly,1745865773,62fccfe308f7bdcb8a87abed686e8bea56ba39d04dc037b4f6793c531a107130,224,224,RGB
data/raw/kaggle/extracted/train/beautifly/1745876375.jpg,kaggle/extracted/train/beautifly/1745876375.jpg,train,beautifly,1745876375,2fa17c22c86f4f34bca0a4edb0b017bef170100eb39f912afec055ecfb88ac83,224,224,RGB
data/raw/kaggle/extracted/train/beautifly/1745955341.jpg,kaggle/extracted/train/beautifly/1745955341.jpg,train,beautifly,1745955341,9a87a845633d7511325587c9721849751d47d2b3e2d28ffd0a569d7251d5beb2,224,224,RGB
data/raw/kaggle/extracted/train/beautifly/1745991170.jpg,kaggle/extracted/train/beautifly/1745991170.jpg,train,beautifly,1745991170,263c03fd6ca17a93a9d95965cdfb229f518194d9c7bb3625606ed63ae2e29c41,224,224,RGB
data/raw/kaggle/extracted/train/beautifly/1745994644.jpg,kaggle/extracted/train/beautifly/1745994644.jpg,train,beautifly,1745994644,b37f167c085477f3f2db107313766efa199322a579c0311ea1a2a22e8d01ae74,224,224,RGB
data/raw/kaggle/extracted/train/beautifly/1746004564.jpg,kaggle/extracted/train/beautifly/1746004564.jpg,train,beautifly,1746004564,61d4dab6684a80ae6021e0b9e82a8351fdb7ed156d052f037dd8a898f5ef825a,224,224,RGB
data/raw/kaggle/extracted/train/beautifly/1746209827.jpg,kaggle/extracted/train/beautifly/1746209827.jpg,train,beautifly,1746209827,fc368479c0f58a929afe6946c4278bad360439abdb6d8784ca1f1eade28e3b4f,224,224,RGB
data/raw/kaggle/extracted/train/beautifly/1746382489.jpg,kaggle/extracted/train/beautifly/1746382489.jpg,train,beautifly,1746382489,b787e9869ac20e9ea6951b908382b1a15d7f5d6f284075c830be19a148e3471d,224,224,RGB
data/raw/kaggle/extracted/train/beautifly/1746388728.jpg,kaggle/extracted/train/beautifly/1746388728.jpg,train,beautifly,1746388728,181a3925b150e703ea5086509d516e05e4328469fd9e55ac780c79512822051f,224,224,RGB
data/raw/kaggle/extracted/train/beautifly/1746390566.jpg,kaggle/extracted/train/beautifly/1746390566.jpg,train,beautifly,1746390566,159efd38858c5ed84a68479d0bc8d68106238da926189d17452138dbf922aedf,224,224,RGB
data/raw/kaggle/extracted/train/beautifly/1746394793.jpg,kaggle/extracted/train/beautifly/1746394793.jpg,train,beautifly,1746394793,a790c178a892a7da3c4266d310359e1eb7ef0a3d2c08c2160fa5cfb19dadc5c0,224,224,RGB
data/raw/kaggle/extracted/train/beautifly/1746446551.jpg,kaggle/extracted/train/beautifly/1746446551.jpg,train,beautifly,1746446551,a4118d45d1f08b936d72cd5ee1eff04c68413c52a74f269917ffa84c03fea307,224,224,RGB
data/raw/kaggle/extracted/train/beautifly/1746475752.jpg,kaggle/extracted/train/beautifly/1746475752.jpg,train,beautifly,1746475752,50a18277620a135e9ca8e6d755e2244ac2d2989aeffd65bd753a9ea7b3f6954d,224,224,RGB
data/raw/kaggle/extracted/train/beautifly/1746476093.jpg,kaggle/extracted/train/beautifly/1746476093.jpg,train,beautifly,1746476093,75759dcb3cd5480c749032cccf593b0e7ced158b95620aeaa672726aa51924cd,224,224,RGB
data/raw/kaggle/extracted/train/beautifly/1746478213.jpg,kaggle/extracted/train/beautifly/1746478213.jpg,train,beautifly,1746478213,32fb8765473502154a086527ee95f5f5b13d6a322b2eb7a6f1e3b98f24696ada,224,224,RGB
data/raw/kaggle/extracted/train/beautifly/1746522058.jpg,kaggle/extracted/train/beautifly/1746522058.jpg,train,beautifly,1746522058,18dfc9b86ee76becfbe154234a39054b45795f30fe0cbaab6085c4be8138e290,224,224,RGB
data/raw/kaggle/extracted/train/beautifly/1746549762.jpg,kaggle/extracted/train/beautifly/1746549762.jpg,train,beautifly,1746549762,aedb284c26c736a8b7bfc7244b7ff3c59fe8425836624e62fb87e7cf2011a6e6,224,224,RGB
data/raw/kaggle/extracted/train/beautifly/1746973158.jpg,kaggle/extracted/train/beautifly/1746973158.jpg,train,beautifly,1746973158,658ae4db148e1a89e93fcd9561c66599452098c4d44861db046b96d41c790350,224,224,RGB
data/raw/kaggle/extracted/train/beautifly/1747180020.jpg,kaggle/extracted/train/beautifly/1747180020.jpg,train,beautifly,1747180020,d815276b501482bad99af1811f6eca0b195ac305ba654776027d956d14c938f4,224,224,RGB
data/raw/kaggle/extracted/train/beautifly/1747180111.jpg,kaggle/extracted/train/beautifly/1747180111.jpg,train,beautifly,1747180111,136ed7ad53b5dd7781defc6dd46cc7952ff7dcd39df030a68bb229b21e31be11,224,224,RGB
data/raw/kaggle/extracted/train/beautifly/1747230388.jpg,kaggle/extracted/train/beautifly/1747230388.jpg,train,beautifly,1747230388,4933327b79120745721251d11e57a168a414b20378a4e7b361cdf2f52a44f163,224,224,RGB
data/raw/kaggle/extracted/train/beedrill/1745536775.jpg,kaggle/extracted/train/beedrill/1745536775.jpg,train,beedrill,1745536775,dd0314badae0eaf3efa887885b6407c14f965729263258724d384740218b227c,224,224,RGB
data/raw/kaggle/extracted/train/beedrill/1745568994.jpg,kaggle/extracted/train/beedrill/1745568994.jpg,train,beedrill,1745568994,b0dbb4b6ae6bf0daf9ea332894282e5d396c7aac739b3aa797850623d842a236,224,224,RGB
data/raw/kaggle/extracted/train/beedrill/1745569517.jpg,kaggle/extracted/train/beedrill/1745569517.jpg,train,beedrill,1745569517,3c4626ae8b99844b8fb8f9b6f2039331d1dad558dd00dd8335eecf246129890a,224,224,RGB
data/raw/kaggle/extracted/train/beedrill/1745572999.jpg,kaggle/extracted/train/beedrill/1745572999.jpg,train,beedrill,1745572999,6a1bd2d09af93d411f45d23ff3613339554144f2a798dae122a7e7df301f0d8a,224,224,RGB
data/raw/kaggle/extracted/train/beedrill/1745597987.jpg,kaggle/extracted/train/beedrill/1745597987.jpg,train,beedrill,1745597987,1dbcdcdbfeb9023b09b072c01ca89b8214678bb1e16552c7f64293ef3ab543b0,224,224,RGB
data/raw/kaggle/extracted/train/beedrill/1745660821.jpg,kaggle/extracted/train/beedrill/1745660821.jpg,train,beedrill,1745660821,2aa0ae7aae38b70679f80de960fdf9b87cb332dd94f0eb68635074825d55dc44,224,224,RGB
data/raw/kaggle/extracted/train/beedrill/1745784217.jpg,kaggle/extracted/train/beedrill/1745784217.jpg,train,beedrill,1745784217,17082dfcb9b5fb50b182b6427684c32d29516ad4c80fdb289196dbff57b62666,224,224,RGB
data/raw/kaggle/extracted/train/beedrill/1745955372.jpg,kaggle/extracted/train/beedrill/1745955372.jpg,train,beedrill,1745955372,8b8257938ab01ee4cbbd392e3519a48c27fd99fa339a9689e226cd8fe5be4581,224,224,RGB
data/raw/kaggle/extracted/train/beedrill/1745958094.jpg,kaggle/extracted/train/beedrill/1745958094.jpg,train,beedrill,1745958094,aacda4664dfae0764d28094f12b95d39392c786ac15e2d65b0c82419d1c3b5d8,224,224,RGB
data/raw/kaggle/extracted/train/beedrill/1745977836.jpg,kaggle/extracted/train/beedrill/1745977836.jpg,train,beedrill,1745977836,63a651bd4b5b4178f9736fcc07ea93bb8d9c04e0a7a745ef35628db6bd7caf78,224,224,RGB
data/raw/kaggle/extracted/train/beedrill/1745991304.jpg,kaggle/extracted/train/beedrill/1745991304.jpg,train,beedrill,1745991304,40da72caf4ea5495813b27d425534b51c8a428ba83a541a3b269abf05a9bf70e,224,224,RGB
data/raw/kaggle/extracted/train/beedrill/1745996136.jpg,kaggle/extracted/train/beedrill/1745996136.jpg,train,beedrill,1745996136,9d39d98f48f52b90a9bdae2d44ba3bf9d1b9e88135fdbff75b877728e81c81bf,224,224,RGB
data/raw/kaggle/extracted/train/beedrill/1745996945.jpg,kaggle/extracted/train/beedrill/1745996945.jpg,train,beedrill,1745996945,068b4db5b5433ebb214240fcdbe112122fa349ec73dde8ae791e0e69db16a699,224,224,RGB
data/raw/kaggle/extracted/train/beedrill/1746116383.jpg,kaggle/extracted/train/beedrill/1746116383.jpg,train,beedrill,1746116383,b678e30211d4d3b6c85da26a957789a8bd13b01f19de5a29d942667dab929ea4,224,224,RGB
data/raw/kaggle/extracted/train/beedrill/1746214883.jpg,kaggle/extracted/train/beedrill/1746214883.jpg,train,beedrill,1746214883,33f0c01bb74b6efe016fd5db65c921344b6dd96ef74a0c032e205b4039cd4c87,224,224,RGB
data/raw/kaggle/extracted/train/beedrill/1746268353.jpg,kaggle/extracted/train/beedrill/1746268353.jpg,train,beedrill,1746268353,3d829f6456fbf167151a026e9493932969b786c5303177c73722e151eec8d273,224,224,RGB
data/raw/kaggle/extracted/train/beedrill/1746340518.jpg,kaggle/extracted/train/beedrill/1746340518.jpg,train,beedrill,1746340518,80ae7de25cb930bebc6b07e22adf3da62854e411501e3f85a87b26b8c97c81ed,224,224,RGB
data/raw/kaggle/extracted/train/beedrill/1746348621.jpg,kaggle/extracted/train/beedrill/1746348621.jpg,train,beedrill,1746348621,d0485c5b3ca3082e1c32f01542ef6cbbbb76a7f7cf45bc6870276db22ddad1a1,224,224,RGB
data/raw/kaggle/extracted/train/beedrill/1746349142.jpg,kaggle/extracted/train/beedrill/1746349142.jpg,train,beedrill,1746349142,344bbdf9bc581045d0d7b48dd1cdabbf379434e67a0ebac349d8a76be112a975,224,224,RGB
data/raw/kaggle/extracted/train/beedrill/1746427373.jpg,kaggle/extracted/train/beedrill/1746427373.jpg,train,beedrill,1746427373,5d4550ead55b66aa10f34c2180def8f0b6d9cec63676c9115f8a0173a23ee8b6,224,224,RGB
data/raw/kaggle/extracted/train/beedrill/1746447928.jpg,kaggle/extracted/train/beedrill/1746447928.jpg,train,beedrill,1746447928,404aa782d97e4d92f18a5115c4f451230660f95591e96c7c00f608cb75ef8a46,224,224,RGB
data/raw/kaggle/extracted/train/beedrill/1746481139.jpg,kaggle/extracted/train/beedrill/1746481139.jpg,train,beedrill,1746481139,fd06ab814ecadbe59202ac902a420152e602a36e3ebe5445869e5aeb371066d0,224,224,RGB
data/raw/kaggle/extracted/train/beedrill/1746525959.jpg,kaggle/extracted/train/beedrill/1746525959.jpg,train,beedrill,1746525959,9cde9f3f559b48820b396cf851fd4ca62045668137614c3dd05ae93da6d73507,224,224,RGB
data/raw/kaggle/extracted/train/beedrill/1746530563.jpg,kaggle/extracted/train/beedrill/1746530563.jpg,train,beedrill,1746530563,79dc204dce043a52f916700e56231e1a2bf058938539956225d9ad2f247e4a15,224,224,RGB
data/raw/kaggle/extracted/train/beedrill/1746530596.jpg,kaggle/extracted/train/beedrill/1746530596.jpg,train,beedrill,1746530596,113a8a1e75dd80aec4c3b47a1db566010fc9a1fc685726d409a486ed5ec2a95a,224,224,RGB
data/raw/kaggle/extracted/train/beedrill/1746546612.jpg,kaggle/extracted/train/beedrill/1746546612.jpg,train,beedrill,1746546612,b6a30a4758953c4a6c16e595344b8beb41511f46e8c1ab0550de8da8400a997d,224,224,RGB
data/raw/kaggle/extracted/train/beedrill/1746595842.jpg,kaggle/extracted/train/beedrill/1746595842.jpg,train,beedrill,1746595842,3a0f9e6df5435c3645a1c37eceda028b1f57eeb021ea210e9c9ec4e349acdf9a,224,224,RGB
data/raw/kaggle/extracted/train/beedrill/1746598885.jpg,kaggle/extracted/train/beedrill/1746598885.jpg,train,beedrill,1746598885,5c4124f0b659c98b4999dc4c7d4eed84fe3df712664e41831ec0e1a52ea7a231,224,224,RGB
data/raw/kaggle/extracted/train/beedrill/1746600099.jpg,kaggle/extracted/train/beedrill/1746600099.jpg,train,beedrill,1746600099,1b3011512114fb51693552d35251db16fb6d1b953cd921f0d9bd2bec586a9137,224,224,RGB
data/raw/kaggle/extracted/train/beheeyem/1745403338.jpg,kaggle/extracted/train/beheeyem/1745403338.jpg,train,beheeyem,1745403338,dd530dcc877e535f927647168e8884d33f2a320c9b2e75d74b7b6f4088bb2f2c,224,224,RGB
data/raw/kaggle/extracted/train/beheeyem/1745417724.jpg,kaggle/extracted/train/beheeyem/1745417724.jpg,train,beheeyem,1745417724,1fd1d1f7eb2fda6b08a34005031ff5afc54bbc4012945a1f721450b7ef344204,224,224,RGB
data/raw/kaggle/extracted/train/beheeyem/1745509760.jpg,kaggle/extracted/train/beheeyem/1745509760.jpg,train,beheeyem,1745509760,64c23cc41599fb6d4064687b5363b8db5b3b7d16f15ba8ee8cc15a5125212902,224,224,RGB
data/raw/kaggle/extracted/train/beheeyem/1745659936.jpg,kaggle/extracted/train/beheeyem/1745659936.jpg,train,beheeyem,1745659936,2096cc011e3877a5d297fef6bbd7598e112fd7fb5c1a2206ec55b7573a4b1d33,224,224,RGB
data/raw/kaggle/extracted/train/beheeyem/1745662121.jpg,kaggle/extracted/train/beheeyem/1745662121.jpg,train,beheeyem,1745662121,cc6f98f18a00f1240193f5029319b978ece2bfb8ac1787180bcfefc4f2080671,224,224,RGB
data/raw/kaggle/extracted/train/beheeyem/1745751219.jpg,kaggle/extracted/train/beheeyem/1745751219.jpg,train,beheeyem,1745751219,71eb90487c34047dc2e3cd38b8ea3897f663f395fb56bf5faca7e15f6dd54504,224,224,RGB
data/raw/kaggle/extracted/train/beheeyem/1745773289.jpg,kaggle/extracted/train/beheeyem/1745773289.jpg,train,beheeyem,1745773289,4cff28ae1d1e9f36b870dbe3872e58f19cf81cb1aaa95e2cd9cfb49b2b1c599c,224,224,RGB
data/raw/kaggle/extracted/train/beheeyem/1745865654.jpg,kaggle/extracted/train/beheeyem/1745865654.jpg,train,beheeyem,1745865654,b17f4425c4f6ee03d36a900c008532a691714ab2a446dcb82b6f1d2a604a8f7a,224,224,RGB
data/raw/kaggle/extracted/train/beheeyem/1746008661.jpg,kaggle/extracted/train/beheeyem/1746008661.jpg,train,beheeyem,1746008661,2e1989e1e9946c7bf097c8939769bebf2d2ae4e839244d45a277a9038a3f91d4,224,224,RGB
data/raw/kaggle/extracted/train/beheeyem/1746031703.jpg,kaggle/extracted/train/beheeyem/1746031703.jpg,train,beheeyem,1746031703,84b92a8c1c76a3c9a4c36661be676b3268efc60d48046471a4540cfdd2bae6f8,224,224,RGB
data/raw/kaggle/extracted/train/beheeyem/1746040266.jpg,kaggle/extracted/train/beheeyem/1746040266.jpg,train,beheeyem,1746040266,2480d67e3c74240abac6a5fc60f437d9e96ae9b216a1ba899209b6a95c7cd795,224,224,RGB
data/raw/kaggle/extracted/train/beheeyem/1746050998.jpg,kaggle/extracted/train/beheeyem/1746050998.jpg,train,beheeyem,1746050998,95aa11c3b98ab4bb0421606f71f4fe1546304ed5a523501b71de214d02688525,224,224,RGB
data/raw/kaggle/extracted/train/beheeyem/1746346452.jpg,kaggle/extracted/train/beheeyem/1746346452.jpg,train,beheeyem,1746346452,480d56df525e3d84b1d6600e11b8814fe6ea436403b606637d1fdc4cae4f30e1,224,224,RGB
data/raw/kaggle/extracted/train/beheeyem/1746382612.jpg,kaggle/extracted/train/beheeyem/1746382612.jpg,train,beheeyem,1746382612,2ea0e989fd6ed70c9d612735357a9fb4ad0729b8fed988b3876c23e239966448,224,224,RGB
data/raw/kaggle/extracted/train/beheeyem/1746389419.jpg,kaggle/extracted/train/beheeyem/1746389419.jpg,train,beheeyem,1746389419,1634470865a16d45053cf649e13c06a595e99276c7885935761eb0a84f287b2c,224,224,RGB
data/raw/kaggle/extracted/train/beheeyem/1746432099.jpg,kaggle/extracted/train/beheeyem/1746432099.jpg,train,beheeyem,1746432099,db622a83c5d619eafbc69f691346eccb968ab7cea195bd61eb628b0b91e47f01,224,224,RGB
data/raw/kaggle/extracted/train/beheeyem/1746471811.jpg,kaggle/extracted/train/beheeyem/1746471811.jpg,train,beheeyem,1746471811,54e4d9265ef280a525406c2b287a547ecfe37bd5ae63a3f35bf3db888bcc77e9,224,224,RGB
data/raw/kaggle/extracted/train/beheeyem/1746472307.jpg,kaggle/extracted/train/beheeyem/1746472307.jpg,train,beheeyem,1746472307,d303915ce11e3312ee2d73de40d20919963df52970a0eea9162d27bb9a85f36c,224,224,RGB
data/raw/kaggle/extracted/train/beheeyem/1746482815.jpg,kaggle/extracted/train/beheeyem/1746482815.jpg,train,beheeyem,1746482815,adcaa4eae5d0e0eb5c2269f3e5fac1cb36a6ad86a3f4a70b7994d06043f45c12,224,224,RGB
data/raw/kaggle/extracted/train/beheeyem/1746524493.jpg,kaggle/extracted/train/beheeyem/1746524493.jpg,train,beheeyem,1746524493,b06a95ce0a718b9a646e0d79bc66f588ad8f2f35215be659310619e1722e10c8,224,224,RGB
data/raw/kaggle/extracted/train/beheeyem/1746966327.jpg,kaggle/extracted/train/beheeyem/1746966327.jpg,train,beheeyem,1746966327,2834d9aa74bb8a8727eed858cfbd5c2cb67962b9bfe7373a7363baba250aa996,224,224,RGB
data/raw/kaggle/extracted/train/beldum/1745387172.jpg,kaggle/extracted/train/beldum/1745387172.jpg,train,beldum,1745387172,d45922acf5bb3c06b3cb75db9d83df87415c41de31281d63986b36d6ee752a87,224,224,RGB
data/raw/kaggle/extracted/train/beldum/1745387579.jpg,kaggle/extracted/train/beldum/1745387579.jpg,train,beldum,1745387579,ac3f43863602ade0b8f6ff24c6f17552cf712c5626ed0014e6027d7809c2e019,224,224,RGB
data/raw/kaggle/extracted/train/beldum/1745390858.jpg,kaggle/extracted/train/beldum/1745390858.jpg,train,beldum,1745390858,c4b4cc8291c533932e346de98c72d2298d88d1f27fa8517242bcb6d41ee5a2df,224,224,RGB
data/raw/kaggle/extracted/train/beldum/1745394071.jpg,kaggle/extracted/train/beldum/1745394071.jpg,train,beldum,1745394071,9f0536508187f13f078b545ffc3dfe1340caef663935abdf1ab293137e64cf36,224,224,RGB
data/raw/kaggle/extracted/train/beldum/1745402678.jpg,kaggle/extracted/train/beldum/1745402678.jpg,train,beldum,1745402678,54084d651922f596dfb4de0dcfd33003d9c711d23aba1bab3938ce9bcedff350,224,224,RGB
data/raw/kaggle/extracted/train/beldum/1745405231.jpg,kaggle/extracted/train/beldum/1745405231.jpg,train,beldum,1745405231,0573b8e5f9cd3405940c3b0c53f1dd855c8cf2776ff40d26f2b0b77d0dff5dca,224,224,RGB
data/raw/kaggle/extracted/train/beldum/1745406131.jpg,kaggle/extracted/train/beldum/1745406131.jpg,train,beldum,1745406131,b72d0610f2d97a2b2cd3285cd5cdc4c53e59ee08aed095353f236d494982916f,224,224,RGB
data/raw/kaggle/extracted/train/beldum/1745415705.jpg,kaggle/extracted/train/beldum/1745415705.jpg,train,beldum,1745415705,05cee560153e14d6860abf36fe2af38d7815b07c7823e8a796fab6839e4a6181,224,224,RGB
data/raw/kaggle/extracted/train/beldum/1745416919.jpg,kaggle/extracted/train/beldum/1745416919.jpg,train,beldum,1745416919,decbd53d6671346dfba7587f289d7ac19f4d6e4b007a931d56326f2d30430d77,224,224,RGB
data/raw/kaggle/extracted/train/beldum/1745419064.jpg,kaggle/extracted/train/beldum/1745419064.jpg,train,beldum,1745419064,b816f8f34a8b0b7c7863d7513edecd37dbbddf63efd8d9611ac8eb5f2f38b260,224,224,RGB
data/raw/kaggle/extracted/train/beldum/1745428009.jpg,kaggle/extracted/train/beldum/1745428009.jpg,train,beldum,1745428009,b9bafd649dea1dcf34dfebd997d9eb4d6e0a41c10a17760a4cafd946dbc3204d,224,224,RGB
data/raw/kaggle/extracted/train/beldum/1745429978.jpg,kaggle/extracted/train/beldum/1745429978.jpg,train,beldum,1745429978,38f15b954e40bb5e865b979402d0d1b6be4d13960a9cd507df895b7df951bb46,224,224,RGB
data/raw/kaggle/extracted/train/beldum/1745496393.jpg,kaggle/extracted/train/beldum/1745496393.jpg,train,beldum,1745496393,fd72cd42d7e03ef3c7ef4a9c280b74ca286b1f44fc442615abd6ba2728111167,224,224,RGB
data/raw/kaggle/extracted/train/beldum/1745498542.jpg,kaggle/extracted/train/beldum/1745498542.jpg,train,beldum,1745498542,82a3aceb2895fac3294342cbff8679b828ebcadd7fbd1d56fd3e49f650063533,224,224,RGB
data/raw/kaggle/extracted/train/beldum/1745499633.jpg,kaggle/extracted/train/beldum/1745499633.jpg,train,beldum,1745499633,40815194ef7f522123fc26421a33350fca53307f370f905d5b23dca5eb90adfe,224,224,RGB
data/raw/kaggle/extracted/train/beldum/1745500656.jpg,kaggle/extracted/train/beldum/1745500656.jpg,train,beldum,1745500656,b79002e3f8ce5ca8ed9292b8d1e52be1733b3fc02207896cf0095d0058c63960,224,224,RGB
data/raw/kaggle/extracted/train/beldum/1745502233.jpg,kaggle/extracted/train/beldum/1745502233.jpg,train,beldum,1745502233,2ece011e3c93f8d3ae09981de6f8b4bf9b444cec6e062f2c58dedb1299e9e882,224,224,RGB
data/raw/kaggle/extracted/train/beldum/1745503813.jpg,kaggle/extracted/train/beldum/1745503813.jpg,train,beldum,1745503813,ffaf0340e01e586b72cdb0be16fd3d878c9210d2ea4d3a05cdfc89604aee32cf,224,224,RGB
data/raw/kaggle/extracted/train/beldum/1745504554.jpg,kaggle/extracted/train/beldum/1745504554.jpg,train,beldum,1745504554,28236d6efb0be8525194ab4cdc469889ffc7fabbc0ad39f8b0b4e6336b0f9182,224,224,RGB
data/raw/kaggle/extracted/train/beldum/1745506017.jpg,kaggle/extracted/train/beldum/1745506017.jpg,train,beldum,1745506017,600bb427a4694a73d7a8e46e4177f291eaf40e446eee9e4cf0844790173575c8,224,224,RGB
data/raw/kaggle/extracted/train/beldum/1745523028.jpg,kaggle/extracted/train/beldum/1745523028.jpg,train,beldum,1745523028,189ccd9ef318a9dbdbe540aa3ffc1bc71f072fbd534051818ad4f20b24e474de,224,224,RGB
data/raw/kaggle/extracted/train/beldum/1745523193.jpg,kaggle/extracted/train/beldum/1745523193.jpg,train,beldum,1745523193,62013ef7915675860382c9a0b69a768fb083ac88e1e72ea60dc3afd37b12b51c,224,224,RGB
data/raw/kaggle/extracted/train/beldum/1745532508.jpg,kaggle/extracted/train/beldum/1745532508.jpg,train,beldum,1745532508,8798a5e879741772263eb12f4ead97c683a2fca07a856bab315357993ccf06df,224,224,RGB
data/raw/kaggle/extracted/train/beldum/1745532938.jpg,kaggle/extracted/train/beldum/1745532938.jpg,train,beldum,1745532938,6ab13f77b435713e3446416a739efe9f8b8a41c9c91bc2d589febaf3d0dd2658,224,224,RGB
data/raw/kaggle/extracted/train/beldum/1745535809.jpg,kaggle/extracted/train/beldum/1745535809.jpg,train,beldum,1745535809,0911c2e288dba449b0134065ba381e14c42f8135e1b4dafb84d09ad574378cf1,224,224,RGB
data/raw/kaggle/extracted/train/beldum/1745537698.jpg,kaggle/extracted/train/beldum/1745537698.jpg,train,beldum,1745537698,1262a410de3c661a17c922573f32591a2a889f5fd18e8971b4c37703f70e2a80,224,224,RGB
data/raw/kaggle/extracted/train/beldum/1745538489.jpg,kaggle/extracted/train/beldum/1745538489.jpg,train,beldum,1745538489,df30b31f5c9aaa15472a10ac886b9e5e2f961d0c31bcac2032c65a95a74e3176,224,224,RGB
data/raw/kaggle/extracted/train/beldum/1745560417.jpg,kaggle/extracted/train/beldum/1745560417.jpg,train,beldum,1745560417,1862e1209c513f421ebb8cd8fad3715253b3372956ce17779cdd0d9eb32c877d,224,224,RGB
data/raw/kaggle/extracted/train/beldum/1745563135.jpg,kaggle/extracted/train/beldum/1745563135.jpg,train,beldum,1745563135,d332fdc8802faeac20140171b9978df165e200bed93bfe2f391a2e9d0bc1a777,224,224,RGB
data/raw/kaggle/extracted/train/beldum/1745567669.jpg,kaggle/extracted/train/beldum/1745567669.jpg,train,beldum,1745567669,d589942b65fd255e3507a6efb027a846bca039185840493e0231c2be682f325e,224,224,RGB
data/raw/kaggle/extracted/train/beldum/1745568356.jpg,kaggle/extracted/train/beldum/1745568356.jpg,train,beldum,1745568356,c04c37928b2236f468f28f333c4eb284ea3261d75edf2d2b0b595af2d6eb6ce0,224,224,RGB
data/raw/kaggle/extracted/train/beldum/1745568551.jpg,kaggle/extracted/train/beldum/1745568551.jpg,train,beldum,1745568551,c563ae0820644e84c266f9efa28f03bd0f35e581b462a98bd228ac9d782dda1e,224,224,RGB
data/raw/kaggle/extracted/train/beldum/1745570168.jpg,kaggle/extracted/train/beldum/1745570168.jpg,train,beldum,1745570168,5611ac061ed444ad3ba08cb8d680c2ea5607c6a59059bd91a1dc6aeae3af56bc,224,224,RGB
data/raw/kaggle/extracted/train/beldum/1745570759.jpg,kaggle/extracted/train/beldum/1745570759.jpg,train,beldum,1745570759,2a93244fc5d8fd1b57e75e4ab6c32c4d45de083b9d1298a608713bc83ce8a820,224,224,RGB
data/raw/kaggle/extracted/train/beldum/1745573058.jpg,kaggle/extracted/train/beldum/1745573058.jpg,train,beldum,1745573058,fb852e9934cb6192e7c068e9a538cb9c6ac7596c29758cdafaa4013c7686b2a5,224,224,RGB
data/raw/kaggle/extracted/train/beldum/1745573508.jpg,kaggle/extracted/train/beldum/1745573508.jpg,train,beldum,1745573508,1e4b5eca6e6f16db0a685858a71894f61da9261a1fcbb258d5517c08d54aa2b0,224,224,RGB
data/raw/kaggle/extracted/train/beldum/1745589287.jpg,kaggle/extracted/train/beldum/1745589287.jpg,train,beldum,1745589287,c52a06e995844bedefa6daeb3310ffdd47f39b9b6851b4a2c2f3e3750f749aeb,224,224,RGB
data/raw/kaggle/extracted/train/beldum/1745594297.jpg,kaggle/extracted/train/beldum/1745594297.jpg,train,beldum,1745594297,b1b7e7c9eadc7e714faaf20c3602a1a282fe2b04f5aa67465f5997b829e61e67,224,224,RGB
data/raw/kaggle/extracted/train/beldum/1745595985.jpg,kaggle/extracted/train/beldum/1745595985.jpg,train,beldum,1745595985,528b2591c24fd987d0dd95e8c5456c4064638b529870140d76a3dc5cd0e1ad11,224,224,RGB
data/raw/kaggle/extracted/train/beldum/1745599598.jpg,kaggle/extracted/train/beldum/1745599598.jpg,train,beldum,1745599598,b620433184bad6888194512da148baf5cab8572ffd673e35d41645103d1f56e5,224,224,RGB
data/raw/kaggle/extracted/train/beldum/1745605983.jpg,kaggle/extracted/train/beldum/1745605983.jpg,train,beldum,1745605983,02ac7e8e2b6a81dea163bb807ae979710f6382af9a31b9580d5778001404d6fd,224,224,RGB
data/raw/kaggle/extracted/train/beldum/1745611721.jpg,kaggle/extracted/train/beldum/1745611721.jpg,train,beldum,1745611721,189be681c316cc773588b2cb9e2c8702a58a030c36291c6bec549fdd3afb720c,224,224,RGB
data/raw/kaggle/extracted/train/beldum/1745651290.jpg,kaggle/extracted/train/beldum/1745651290.jpg,train,beldum,1745651290,ff5771df567712e036834e21e3073fa24c84fc4cce2bc7977791de9ac0efa7e3,224,224,RGB
data/raw/kaggle/extracted/train/beldum/1745654058.jpg,kaggle/extracted/train/beldum/1745654058.jpg,train,beldum,1745654058,cd86c3a2ad381a49d58f93aaaf87f643d73a3ccde5070faaa1975b8ba71ec6c7,224,224,RGB
data/raw/kaggle/extracted/train/beldum/1745655429.jpg,kaggle/extracted/train/beldum/1745655429.jpg,train,beldum,1745655429,eb7e08d3fc62e59585df80a43c6ee9f2a7ed7fc760cb6a5fc9a06d3855984fed,224,224,RGB
data/raw/kaggle/extracted/train/beldum/1745656458.jpg,kaggle/extracted/train/beldum/1745656458.jpg,train,beldum,1745656458,650f78b2bf24e58ced6f52fa72c82eaa880bfd4b9c829151eab925b7b985cd2d,224,224,RGB
data/raw/kaggle/extracted/train/beldum/1745657159.jpg,kaggle/extracted/train/beldum/1745657159.jpg,train,beldum,1745657159,39e0121322b553858dfcfbdd5b7501193b071c4a19d9e6a4d843ea8ad926519c,224,224,RGB
data/raw/kaggle/extracted/train/beldum/1745657242.jpg,kaggle/extracted/train/beldum/1745657242.jpg,train,beldum,1745657242,ccb0b0977d94eaa6f436006810dc2d26c9f32c31d1ad6017d69c251861447e0d,224,224,RGB
data/raw/kaggle/extracted/train/beldum/1745657536.jpg,kaggle/extracted/train/beldum/1745657536.jpg,train,beldum,1745657536,7a7ee3c1d52a620ac4eee72678b335e8c570e59f75d3b5b8c9995d6bb5550427,224,224,RGB
data/raw/kaggle/extracted/train/beldum/1745658541.jpg,kaggle/extracted/train/beldum/1745658541.jpg,train,beldum,1745658541,2e3145c91de27077a9396df41dfcdd3eb6920fb40d51ff8c7c51576d959f78e7,224,224,RGB
data/raw/kaggle/extracted/train/beldum/1745660018.jpg,kaggle/extracted/train/beldum/1745660018.jpg,train,beldum,1745660018,662d95e9d5f1170d6d89b106c21fb03ea6b6260b56877ef3bd288dea757203ab,224,224,RGB
data/raw/kaggle/extracted/train/beldum/1745661119.jpg,kaggle/extracted/train/beldum/1745661119.jpg,train,beldum,1745661119,a2f3c3f12b1cd5809fae15b853e95ef52c1cec76deb0ae24f56c69fea057534f,224,224,RGB
data/raw/kaggle/extracted/train/beldum/1745664281.jpg,kaggle/extracted/train/beldum/1745664281.jpg,train,beldum,1745664281,24ad97654bc10cefa34cd93a7c5f84107ed9038a7d59ad3c1f489fcd38c9bdf3,224,224,RGB
data/raw/kaggle/extracted/train/beldum/1745664860.jpg,kaggle/extracted/train/beldum/1745664860.jpg,train,beldum,1745664860,eb4086f7fe463610ca8a17a2808e6c4a5081314b90884eb6a791f315fd58dadf,224,224,RGB
data/raw/kaggle/extracted/train/beldum/1745670856.jpg,kaggle/extracted/train/beldum/1745670856.jpg,train,beldum,1745670856,fc80b45ac59131a448cca8cacdc997d8be4a7b301814f027cdd065558d7d1e7a,224,224,RGB
data/raw/kaggle/extracted/train/beldum/1745749861.jpg,kaggle/extracted/train/beldum/1745749861.jpg,train,beldum,1745749861,85528b9147b0d013d1eb3afeff2f325801ffe7a0e5e40acab0f95b6a72c1ab18,224,224,RGB
data/raw/kaggle/extracted/train/beldum/1745750820.jpg,kaggle/extracted/train/beldum/1745750820.jpg,train,beldum,1745750820,17f12d136cc6f13f3e2d705ec935f25962e46d2894cfaac98002d05967deb3c0,224,224,RGB
data/raw/kaggle/extracted/train/beldum/1745751128.jpg,kaggle/extracted/train/beldum/1745751128.jpg,train,beldum,1745751128,cfa7394735003786c7a23f3c3c9055a584b3c606778590a773147442f1b04880,224,224,RGB
data/raw/kaggle/extracted/train/beldum/1745754138.jpg,kaggle/extracted/train/beldum/1745754138.jpg,train,beldum,1745754138,76437637c733df67c2651e6568ddfe0d2e7f1168b2ac379a9aef4a9c93fd2880,224,224,RGB
data/raw/kaggle/extracted/train/beldum/1745755356.jpg,kaggle/extracted/train/beldum/1745755356.jpg,train,beldum,1745755356,582153c79b703c5735a0bd3360d0479970e31d3936dbc01256779d41475156b5,224,224,RGB
data/raw/kaggle/extracted/train/beldum/1745756087.jpg,kaggle/extracted/train/beldum/1745756087.jpg,train,beldum,1745756087,f55eedcc2e06f9d374ddda597e931af480725bb3358ec84faf07b45837142444,224,224,RGB
data/raw/kaggle/extracted/train/beldum/1745756344.jpg,kaggle/extracted/train/beldum/1745756344.jpg,train,beldum,1745756344,91fc6bcd924614f92ce7e94a5e3e0ff41749472444635316be6aee28a5ba73f6,224,224,RGB
data/raw/kaggle/extracted/train/beldum/1745757347.jpg,kaggle/extracted/train/beldum/1745757347.jpg,train,beldum,1745757347,694f692ab7272fde71abfd17b346c89c3468429ead1cd149a4f859db94cc8fe9,224,224,RGB
data/raw/kaggle/extracted/train/beldum/1745757844.jpg,kaggle/extracted/train/beldum/1745757844.jpg,train,beldum,1745757844,4e9fdc00b70e61e64a4294b9421af33dba77c030b4b89dfbb94d7e5d0ed19551,224,224,RGB
data/raw/kaggle/extracted/train/beldum/1745758256.jpg,kaggle/extracted/train/beldum/1745758256.jpg,train,beldum,1745758256,3f5672f11c0c09f1ce7f5c80127e06a7a85405208fcaff6cec2aeb4bc049d54f,224,224,RGB
data/raw/kaggle/extracted/train/beldum/1745758664.jpg,kaggle/extracted/train/beldum/1745758664.jpg,train,beldum,1745758664,f805844edaf987fec210edb2818190e648450ce773be6a96ab8203ab5403de42,224,224,RGB
data/raw/kaggle/extracted/train/beldum/1745758936.jpg,kaggle/extracted/train/beldum/1745758936.jpg,train,beldum,1745758936,963ca6c861fb77017ddd266758dd5d7181fb3f74d7e5494c66a1329c457bd935,224,224,RGB
data/raw/kaggle/extracted/train/beldum/1745759086.jpg,kaggle/extracted/train/beldum/1745759086.jpg,train,beldum,1745759086,b7941cb879d646772c2b6d06e806a6b488008b43c7d5b3b7bdfcd4440f1d8399,224,224,RGB
data/raw/kaggle/extracted/train/beldum/1745759260.jpg,kaggle/extracted/train/beldum/1745759260.jpg,train,beldum,1745759260,c8dced2f904b32b3e44794f584b038435f356da2d8c7d10859856f271fe819db,224,224,RGB
data/raw/kaggle/extracted/train/beldum/1745759683.jpg,kaggle/extracted/train/beldum/1745759683.jpg,train,beldum,1745759683,e678c55f691f8816d9fde8c818118d88d94f4f009e474134772ad13938889156,224,224,RGB
data/raw/kaggle/extracted/train/beldum/1745766044.jpg,kaggle/extracted/train/beldum/1745766044.jpg,train,beldum,1745766044,13a176965d1ca3eb6d63a7c392639387a70044b3060177c69492b98ffdfc9d87,224,224,RGB
data/raw/kaggle/extracted/train/beldum/1745773714.jpg,kaggle/extracted/train/beldum/1745773714.jpg,train,beldum,1745773714,be14a293f69352f9c8000b91b9c1c5605340f1e9ff76641208916fdc1c4d5317,224,224,RGB
data/raw/kaggle/extracted/train/bellibolt/1745405337.jpg,kaggle/extracted/train/bellibolt/1745405337.jpg,train,bellibolt,1745405337,e864b6b5475c9b00caadb0ab1d03930c5f4b26f59e54d1b9dd3430220f1df420,224,224,RGB
data/raw/kaggle/extracted/train/bellibolt/1745413499.jpg,kaggle/extracted/train/bellibolt/1745413499.jpg,train,bellibolt,1745413499,a02478656e336d9957791fd87c2d54177c3b86d2be3372f87809a748d10d7501,224,224,RGB
data/raw/kaggle/extracted/train/bellibolt/1745429570.jpg,kaggle/extracted/train/bellibolt/1745429570.jpg,train,bellibolt,1745429570,ed33f1dd657ae551352fc28c75e17854acc1b620ff3b082bdea094e5d85d0ea9,224,224,RGB
data/raw/kaggle/extracted/train/bellibolt/1745432556.jpg,kaggle/extracted/train/bellibolt/1745432556.jpg,train,bellibolt,1745432556,214b2f0069419b99749244ac4fcbf1e599e01100b6d641f00ff986c75be4c0c6,224,224,RGB
data/raw/kaggle/extracted/train/bellibolt/1745432837.jpg,kaggle/extracted/train/bellibolt/1745432837.jpg,train,bellibolt,1745432837,050336110f52f2874c8191210d4fa2af0e3bf20bf03ead9e6e9630c42d00bab1,224,224,RGB
data/raw/kaggle/extracted/train/bellibolt/1745434117.jpg,kaggle/extracted/train/bellibolt/1745434117.jpg,train,bellibolt,1745434117,ecf39f452b518819fbc58efda4c70bbb237b07d51a18bdc5bcaa77ac8c01b0d4,224,224,RGB
data/raw/kaggle/extracted/train/bellibolt/1745494154.jpg,kaggle/extracted/train/bellibolt/1745494154.jpg,train,bellibolt,1745494154,ce82483ff11d655f1b1f5a2aed2f4bbe3d60c0e3114c325290d2011b80618d6e,224,224,RGB
data/raw/kaggle/extracted/train/bellibolt/1745495999.jpg,kaggle/extracted/train/bellibolt/1745495999.jpg,train,bellibolt,1745495999,588d319c8a553ae2d36cf5ca1267fb11c96d6739f28473330f5842c03720ca00,224,224,RGB
data/raw/kaggle/extracted/train/bellibolt/1745497134.jpg,kaggle/extracted/train/bellibolt/1745497134.jpg,train,bellibolt,1745497134,0c52da6c2a23fefc1bcec27db80f8f9cd72f8da8bd64304bf30cf105686ed182,224,224,RGB
data/raw/kaggle/extracted/train/bellibolt/1745524850.jpg,kaggle/extracted/train/bellibolt/1745524850.jpg,train,bellibolt,1745524850,1d59d4eed6b3a94bf4406dab6831125bf758d6b276ba19567f540abd960eee4e,224,224,RGB
data/raw/kaggle/extracted/train/bellibolt/1745525055.jpg,kaggle/extracted/train/bellibolt/1745525055.jpg,train,bellibolt,1745525055,6c52224092e0f362bc7a9a91a56df462c33924b016b20d258e344fcfba967c58,224,224,RGB
data/raw/kaggle/extracted/train/bellibolt/1745537535.jpg,kaggle/extracted/train/bellibolt/1745537535.jpg,train,bellibolt,1745537535,c8d63b2279bd9e83cf2ffaf12e31b4ed3d60897feb7c4a3fa10a0731589a9c27,224,224,RGB
data/raw/kaggle/extracted/train/bellibolt/1745562914.jpg,kaggle/extracted/train/bellibolt/1745562914.jpg,train,bellibolt,1745562914,1d9ac6dd6e6c983e924c2203487fa3144c5e7483faeeaea0c99456675cceaa0b,224,224,RGB
data/raw/kaggle/extracted/train/bellibolt/1745592057.jpg,kaggle/extracted/train/bellibolt/1745592057.jpg,train,bellibolt,1745592057,f86627c3eb6cd1e739dd8fd85f45e577d23c1985c9f99745516d02a7ecc87238,224,224,RGB
data/raw/kaggle/extracted/train/bellibolt/1745597174.jpg,kaggle/extracted/train/bellibolt/1745597174.jpg,train,bellibolt,1745597174,f35bae3e4ff71637f1c8db73e6cb68de8bc1b513e496fffe63d3a0569a390cef,224,224,RGB
data/raw/kaggle/extracted/train/bellibolt/1745610287.jpg,kaggle/extracted/train/bellibolt/1745610287.jpg,train,bellibolt,1745610287,74232359cf6512fc684cdac45f342cf7d67a204f8b51be47e4c612ed870f9ae7,224,224,RGB
data/raw/kaggle/extracted/train/bellibolt/1745611321.jpg,kaggle/extracted/train/bellibolt/1745611321.jpg,train,bellibolt,1745611321,65f1aaa63b05079a361cd0f54dc1ecd457ef106be2e3bdeadc441e61fbb81db7,224,224,RGB
data/raw/kaggle/extracted/train/bellibolt/1745612910.jpg,kaggle/extracted/train/bellibolt/1745612910.jpg,train,bellibolt,1745612910,64b206f4a087f4e450b2294f48d538b8f6e39700ee27ab7942f6f81c297739ad,224,224,RGB
data/raw/kaggle/extracted/train/bellibolt/1745656840.jpg,kaggle/extracted/train/bellibolt/1745656840.jpg,train,bellibolt,1745656840,ba0b3670da4996d4296bd02687eb16749728b10d1b280b430d00154559cfaab9,224,224,RGB
data/raw/kaggle/extracted/train/bellibolt/1745658462.jpg,kaggle/extracted/train/bellibolt/1745658462.jpg,train,bellibolt,1745658462,b6a0f784cc88d4a24380c16497885d55da1513d1e2cfff8eb00a0b7b83c82605,224,224,RGB
data/raw/kaggle/extracted/train/bellibolt/1745661469.jpg,kaggle/extracted/train/bellibolt/1745661469.jpg,train,bellibolt,1745661469,feb307271cbdd26d9e31bcd83230719e6c6503def94de86dc51ace87e017e350,224,224,RGB
data/raw/kaggle/extracted/train/bellibolt/1745661857.jpg,kaggle/extracted/train/bellibolt/1745661857.jpg,train,bellibolt,1745661857,9d84c6d97d2ea5b199cc227dd092e34b95cad59d7d828f48e7f069517451b313,224,224,RGB
data/raw/kaggle/extracted/train/bellibolt/1745662457.jpg,kaggle/extracted/train/bellibolt/1745662457.jpg,train,bellibolt,1745662457,642def5ec1461980c993f6e6bc0b2dae2a4014133fa2c09fc641a11782947674,224,224,RGB
data/raw/kaggle/extracted/train/bellibolt/1745753836.jpg,kaggle/extracted/train/bellibolt/1745753836.jpg,train,bellibolt,1745753836,5777c432cac85a7a0d69d922cd0c94a94060314a67c0d81631b992efb011812e,224,224,RGB
data/raw/kaggle/extracted/train/bellibolt/1745756934.jpg,kaggle/extracted/train/bellibolt/1745756934.jpg,train,bellibolt,1745756934,82b3d436f537c87ccac97ae610a0f47f6f6ed7b39f6450f39c0dd683050d1e0b,224,224,RGB
data/raw/kaggle/extracted/train/bellibolt/1745767229.jpg,kaggle/extracted/train/bellibolt/1745767229.jpg,train,bellibolt,1745767229,1fabeafb2b8f134f0105c7e868516f151bd52acd440276110a6bfc45e54c38ac,224,224,RGB
data/raw/kaggle/extracted/train/bellibolt/1745778977.jpg,kaggle/extracted/train/bellibolt/1745778977.jpg,train,bellibolt,1745778977,a9fbb665b14112789d096b317a91a20ae5c0cfee42d08523a7ab1450725bfa95,224,224,RGB
data/raw/kaggle/extracted/train/bellibolt/1745865030.jpg,kaggle/extracted/train/bellibolt/1745865030.jpg,train,bellibolt,1745865030,c2dce43e209023d53066a4c005c54a3463ef7c112e48ef2a563521ae439b5dba,224,224,RGB
data/raw/kaggle/extracted/train/bellibolt/1745865974.jpg,kaggle/extracted/train/bellibolt/1745865974.jpg,train,bellibolt,1745865974,642c68d052a902682dfc89133db409d264da733de846c28cc3884314a144b36c,224,224,RGB
data/raw/kaggle/extracted/train/bellibolt/1745867070.jpg,kaggle/extracted/train/bellibolt/1745867070.jpg,train,bellibolt,1745867070,3fc21feeb98cb0cab32f4b8c5cca37789230ef8749c2b70846359f47c5d57bd9,224,224,RGB
data/raw/kaggle/extracted/train/bellibolt/1745876873.jpg,kaggle/extracted/train/bellibolt/1745876873.jpg,train,bellibolt,1745876873,90efca86453fc0f187d4dfbcd971a04f51de868a86975241eecd52764c135c80,224,224,RGB
data/raw/kaggle/extracted/train/bellibolt/1745958977.jpg,kaggle/extracted/train/bellibolt/1745958977.jpg,train,bellibolt,1745958977,7450c056d606fd591c4ef18b4eeadead255469de72b1aba73c4f81cb6df17e2e,224,224,RGB
data/raw/kaggle/extracted/train/bellibolt/1745960225.jpg,kaggle/extracted/train/bellibolt/1745960225.jpg,train,bellibolt,1745960225,4be4938b01a078c58243b7f88ca67cdf6caa5e86c1a7faf9befee1ae89a5f164,224,224,RGB
data/raw/kaggle/extracted/train/bellibolt/1745961095.jpg,kaggle/extracted/train/bellibolt/1745961095.jpg,train,bellibolt,1745961095,a5db48eb711b28cc8560ff25028ddafae57593c523d5d339476ca5187fe5c356,224,224,RGB
data/raw/kaggle/extracted/train/bellibolt/1745963508.jpg,kaggle/extracted/train/bellibolt/1745963508.jpg,train,bellibolt,1745963508,04b34638de724ef736159f5135d1d8f0b087833f9f9c5dcf069308cf362ec563,224,224,RGB
data/raw/kaggle/extracted/train/bellibolt/1745976065.jpg,kaggle/extracted/train/bellibolt/1745976065.jpg,train,bellibolt,1745976065,1be0b341775c94848236d520178d6a31b251358bd20fcfbc4e47e8af6b84b993,224,224,RGB
data/raw/kaggle/extracted/train/bellibolt/1745990428.jpg,kaggle/extracted/train/bellibolt/1745990428.jpg,train,bellibolt,1745990428,1bfbd78d7e58942a5face6ea35020893cb89bb457d6d592655a640cef0c3f4c8,224,224,RGB
data/raw/kaggle/extracted/train/bellibolt/1745992170.jpg,kaggle/extracted/train/bellibolt/1745992170.jpg,train,bellibolt,1745992170,ded22ca333c04a3e14ee9cce351759d8a97b3cc0bfe7cb6fb7cd3806553a7823,224,224,RGB
data/raw/kaggle/extracted/train/bellibolt/1745992618.jpg,kaggle/extracted/train/bellibolt/1745992618.jpg,train,bellibolt,1745992618,cc40a2dabe37127d1d21ad7abb92951a198e7e884d562c1c9b3b95b42cc693d6,224,224,RGB
data/raw/kaggle/extracted/train/bellibolt/1745995010.jpg,kaggle/extracted/train/bellibolt/1745995010.jpg,train,bellibolt,1745995010,ef1b804f40eee842d49aed112dd82511c01f77bdbcc3dd34479ea8fdd97afada,224,224,RGB
data/raw/kaggle/extracted/train/bellibolt/1745997903.jpg,kaggle/extracted/train/bellibolt/1745997903.jpg,train,bellibolt,1745997903,6fdb43fc317f68bc75931fc2dcad365cb298724f0960df8bc93b6975744579f7,224,224,RGB
data/raw/kaggle/extracted/train/bellibolt/1745997903_hflip_vflip.jpg,kaggle/extracted/train/bellibolt/1745997903_hflip_vflip.jpg,train,bellibolt,1745997903,61724e8cc1e6c62c545bf2e6e4bd84d4fc269202012703f7622502ebbca5f609,224,224,RGB
data/raw/kaggle/extracted/train/bellibolt/1745998893.jpg,kaggle/extracted/train/bellibolt/1745998893.jpg,train,bellibolt,1745998893,2b93b2e64ce4461380a78bf06b5fa4334874f3f7ac58a349e1c05d6aeaab541e,224,224,RGB
data/raw/kaggle/extracted/train/bellibolt/1746000634.jpg,kaggle/extracted/train/bellibolt/1746000634.jpg,train,bellibolt,1746000634,851a487d2c1c8872d68250857b6150f35f10c52c947c49019ff447b5abafd8fa,224,224,RGB
data/raw/kaggle/extracted/train/bellibolt/1746004362.jpg,kaggle/extracted/train/bellibolt/1746004362.jpg,train,bellibolt,1746004362,f732d9a3a03b7e1fc82c77da692fbc01582f96f8325b7497e16afbe3b2700ba1,224,224,RGB
data/raw/kaggle/extracted/train/bellibolt/1746016702.jpg,kaggle/extracted/train/bellibolt/1746016702.jpg,train,bellibolt,1746016702,bf44ce34a5cf27189baa38e839ad5cb7bcd6b702e64b048f5d142a3288b1de5a,224,224,RGB
data/raw/kaggle/extracted/train/bellibolt/1746025115.jpg,kaggle/extracted/train/bellibolt/1746025115.jpg,train,bellibolt,1746025115,d254127578194c9fa17b9458025f16c9eae117ff51a87446a891d64a99dde712,224,224,RGB
data/raw/kaggle/extracted/train/bellibolt/1746029181.jpg,kaggle/extracted/train/bellibolt/1746029181.jpg,train,bellibolt,1746029181,8b0df0ec55bd736adfc2b46c930605466c2e92302713ced6e823a9e51531d9f6,224,224,RGB
data/raw/kaggle/extracted/train/bellibolt/1746030303.jpg,kaggle/extracted/train/bellibolt/1746030303.jpg,train,bellibolt,1746030303,982ad148e2fabd0adde92af711b79943e98c57fc9c1fb2402c8a44ccc419e375,224,224,RGB
data/raw/kaggle/extracted/train/bellibolt/1746042808.jpg,kaggle/extracted/train/bellibolt/1746042808.jpg,train,bellibolt,1746042808,290b9e601a8a9d958dd81ec5b42a301d77596df3fa5073261b1f3bd063824848,224,224,RGB
data/raw/kaggle/extracted/train/bellibolt/1746054634.jpg,kaggle/extracted/train/bellibolt/1746054634.jpg,train,bellibolt,1746054634,aa4abc0bc4fd9e66a45b9a2da62eff97b2adb397c64e5136540d3c42036ec271,224,224,RGB
data/raw/kaggle/extracted/train/bellibolt/1746123238.jpg,kaggle/extracted/train/bellibolt/1746123238.jpg,train,bellibolt,1746123238,eef0743843af6611d9bc4f016bcfed2076e8f19c0d25a1dcf6c35664e9cd55ba,224,224,RGB
data/raw/kaggle/extracted/train/bellibolt/1746125750.jpg,kaggle/extracted/train/bellibolt/1746125750.jpg,train,bellibolt,1746125750,e4029b7f5212355ec1f0a038fc196763555adc02de666a0cb3963d161d5cb482,224,224,RGB
data/raw/kaggle/extracted/train/bellibolt/1746132062.jpg,kaggle/extracted/train/bellibolt/1746132062.jpg,train,bellibolt,1746132062,23657e9b2d2e845786698f70bbbf622df670262869b9cb6fb18d81c9c00a305f,224,224,RGB
data/raw/kaggle/extracted/train/bellibolt/1746150247.jpg,kaggle/extracted/train/bellibolt/1746150247.jpg,train,bellibolt,1746150247,7ca86a7e652be43527777730de12157f0c7dd7beeae3b0ffa736de454c4133e9,224,224,RGB
data/raw/kaggle/extracted/train/bellibolt/1746199718.jpg,kaggle/extracted/train/bellibolt/1746199718.jpg,train,bellibolt,1746199718,95ab577141bd6ed22057cb7851963a2ab79e29b7a55f951a03039bb5454629f7,224,224,RGB
data/raw/kaggle/extracted/train/bellibolt/1746215465.jpg,kaggle/extracted/train/bellibolt/1746215465.jpg,train,bellibolt,1746215465,f5e580846ec4fcda5085bd16613c3d5bb1825ef6fd7cfdf301f18b5e258c110b,224,224,RGB
data/raw/kaggle/extracted/train/bellibolt/1746222787.jpg,kaggle/extracted/train/bellibolt/1746222787.jpg,train,bellibolt,1746222787,7eff20b5929ca7a88e0c84e1e4561596d30892867f691a0a73b4dae7f9da3ddd,224,224,RGB
data/raw/kaggle/extracted/train/bellibolt/1746341058.jpg,kaggle/extracted/train/bellibolt/1746341058.jpg,train,bellibolt,1746341058,b1a621b020e3c99ef25c1db8b743d76d3845698d7cd195452cde594cff79f00c,224,224,RGB
data/raw/kaggle/extracted/train/bellibolt/1746342661.jpg,kaggle/extracted/train/bellibolt/1746342661.jpg,train,bellibolt,1746342661,d48762b8bcb43d22d42e8e80967e6eb6e98791393842fc9274ac066e90e07e58,224,224,RGB
data/raw/kaggle/extracted/train/bellibolt/1746343501.jpg,kaggle/extracted/train/bellibolt/1746343501.jpg,train,bellibolt,1746343501,da467363e603b9b8295e50166e7488eb2bcd56a01ae7613b0bb5b75157ce4900,224,224,RGB
data/raw/kaggle/extracted/train/bellibolt/1746361373.jpg,kaggle/extracted/train/bellibolt/1746361373.jpg,train,bellibolt,1746361373,763f74bfa30ee6eda0f6193feac1b75306a45e1d6deaa4825f7c55397dee238c,224,224,RGB
data/raw/kaggle/extracted/train/bellibolt/1746389913.jpg,kaggle/extracted/train/bellibolt/1746389913.jpg,train,bellibolt,1746389913,e8e7b0f43b28704c2dd5c04551fd0efeb3bf5caa04d157467be81ffcc3861b93,224,224,RGB
data/raw/kaggle/extracted/train/bellibolt/1746433272.jpg,kaggle/extracted/train/bellibolt/1746433272.jpg,train,bellibolt,1746433272,a8e2f4edb72234dcae56d7ba96a82e9c4354698797fb163c74c08bf51c941392,224,224,RGB
data/raw/kaggle/extracted/train/bellibolt/1746440841.jpg,kaggle/extracted/train/bellibolt/1746440841.jpg,train,bellibolt,1746440841,a6222ff033f6244173c2b4413809c5df1ac69d1d0d192ef9857aed2fcf14752e,224,224,RGB
data/raw/kaggle/extracted/train/bellibolt/1746441821.jpg,kaggle/extracted/train/bellibolt/1746441821.jpg,train,bellibolt,1746441821,d2512dc12f2b0162de1b158e27ba6c3b8592d4a3441f638cbe7ae960b2a86c14,224,224,RGB
data/raw/kaggle/extracted/train/bellibolt/1746447034.jpg,kaggle/extracted/train/bellibolt/1746447034.jpg,train,bellibolt,1746447034,cc9f7a1bafe48009fc435baf39bc7256881c4cba1d94804163bf9d58fa88b0d2,224,224,RGB
data/raw/kaggle/extracted/train/bellibolt/1746464305.jpg,kaggle/extracted/train/bellibolt/1746464305.jpg,train,bellibolt,1746464305,22937bb668ed9f5b3c9b14f56d493a16a8768ff4b9d519063d3de107ae113f53,224,224,RGB
data/raw/kaggle/extracted/train/bellibolt/1746465140.jpg,kaggle/extracted/train/bellibolt/1746465140.jpg,train,bellibolt,1746465140,6bdebc3edb3d10bfe46b4cec6160d3f360a57051765ae776dad32801aa4c5dfe,224,224,RGB
data/raw/kaggle/extracted/train/bellibolt/1746467172.jpg,kaggle/extracted/train/bellibolt/1746467172.jpg,train,bellibolt,1746467172,b00440c8b383478bc08d0743b4e47b828f5e08d336bf2fc1d863367ff800548a,224,224,RGB
data/raw/kaggle/extracted/train/bellibolt/1746467433.jpg,kaggle/extracted/train/bellibolt/1746467433.jpg,train,bellibolt,1746467433,c2d81b8537c9406e3c13709a19a577bfba7ee9241968cd3231a2ba42a68815b3,224,224,RGB
data/raw/kaggle/extracted/train/bellibolt/1746468115.jpg,kaggle/extracted/train/bellibolt/1746468115.jpg,train,bellibolt,1746468115,c61979beff3869c4929fac02a394763ac4b297c6dab84fe9e355cf9f403e6891,224,224,RGB
data/raw/kaggle/extracted/train/bellossom/1745396639.jpg,kaggle/extracted/train/bellossom/1745396639.jpg,train,bellossom,1745396639,8d6895c328d96e5b8ba6f6bbf26a2f48cc39e4d65a4bda8ee68407cd14199f75,224,224,RGB
data/raw/kaggle/extracted/train/bellossom/1745406964.jpg,kaggle/extracted/train/bellossom/1745406964.jpg,train,bellossom,1745406964,2eee73b915130af78962a93add6428ffb10296dcea9de62c927fc4719e95b01e,224,224,RGB
data/raw/kaggle/extracted/train/bellossom/1745420348.jpg,kaggle/extracted/train/bellossom/1745420348.jpg,train,bellossom,1745420348,e3e726242b53495474d2420503b7d72bbad97a64a19354f9c33ad23b2498c382,224,224,RGB
data/raw/kaggle/extracted/train/bellossom/1745530561.jpg,kaggle/extracted/train/bellossom/1745530561.jpg,train,bellossom,1745530561,fa60e528d3680c0b07a1e7e6b3666d25f132a8c9196f67dede99af2e1caf23d9,224,224,RGB
data/raw/kaggle/extracted/train/bellossom/1745595488.jpg,kaggle/extracted/train/bellossom/1745595488.jpg,train,bellossom,1745595488,b7faf76dfc4bce2cf80514783e8341013930bab4019285dc2190e322aeffef50,224,224,RGB
data/raw/kaggle/extracted/train/bellossom/1745595736.jpg,kaggle/extracted/train/bellossom/1745595736.jpg,train,bellossom,1745595736,8c3e4f05a902c62a5d145bc4e50989f8454ef2870d89bbd53729637f30c53584,224,224,RGB
data/raw/kaggle/extracted/train/bellossom/1745651470.jpg,kaggle/extracted/train/bellossom/1745651470.jpg,train,bellossom,1745651470,abe2fb9d46ae250d01339839eb45bd39ae494a5f240dea0e2d21b509cf22dcd8,224,224,RGB
data/raw/kaggle/extracted/train/bellossom/1745658329.jpg,kaggle/extracted/train/bellossom/1745658329.jpg,train,bellossom,1745658329,fac91fcf72d794e88e90734389d17defdca4b530abf9fad8473d77e4174ef36d,224,224,RGB
data/raw/kaggle/extracted/train/bellossom/1745669317.jpg,kaggle/extracted/train/bellossom/1745669317.jpg,train,bellossom,1745669317,5dc033742c4cc5c11d5b3bc615dcc5ee848905c42025b1b53f2426c10366ff87,224,224,RGB
data/raw/kaggle/extracted/train/bellossom/1745756975.jpg,kaggle/extracted/train/bellossom/1745756975.jpg,train,bellossom,1745756975,7741c091d481a8be183ae60678a32e980d7cfbb9a53e848a3ee3a9e6d76a0362,224,224,RGB
data/raw/kaggle/extracted/train/bellossom/1745758101.jpg,kaggle/extracted/train/bellossom/1745758101.jpg,train,bellossom,1745758101,5ca90582001c518ad36c70d8f3fbd77f54a173446f1116e21d6afd25f41fa659,224,224,RGB
data/raw/kaggle/extracted/train/bellossom/1745759240.jpg,kaggle/extracted/train/bellossom/1745759240.jpg,train,bellossom,1745759240,610260e7f82f5bdbeb4dcdeec2f6188acc94dfa9e72ce6191d4caa39b24582a9,224,224,RGB
data/raw/kaggle/extracted/train/bellossom/1745955557.jpg,kaggle/extracted/train/bellossom/1745955557.jpg,train,bellossom,1745955557,eeb7c603fae7ad01eecc009acadf2c65585ea7a3948b7306517750825b71317e,224,224,RGB
data/raw/kaggle/extracted/train/bellossom/1745961749.jpg,kaggle/extracted/train/bellossom/1745961749.jpg,train,bellossom,1745961749,a134457f7db9138facd0116d7306e4e2f525366e79c0f498b78a7dddcba1dcaf,224,224,RGB
data/raw/kaggle/extracted/train/bellossom/1745989251.jpg,kaggle/extracted/train/bellossom/1745989251.jpg,train,bellossom,1745989251,16ccf4542dc93ecb7a68d88b3b6796a1f2ede31c058426a61378b4c8c0b8f7ae,224,224,RGB
data/raw/kaggle/extracted/train/bellossom/1746021530.jpg,kaggle/extracted/train/bellossom/1746021530.jpg,train,bellossom,1746021530,4d0c268f07b26f683750b19a7e6d952ffdb220dee199da4edfb40e6e3c557d2d,224,224,RGB
data/raw/kaggle/extracted/train/bellossom/1746356374.jpg,kaggle/extracted/train/bellossom/1746356374.jpg,train,bellossom,1746356374,555f492ada49feb4a2fb6412fd8f04d10472d9a1b7ea78cf420ef856366eb0dc,224,224,RGB
data/raw/kaggle/extracted/train/bellossom/1746386618.jpg,kaggle/extracted/train/bellossom/1746386618.jpg,train,bellossom,1746386618,ef5a1a5087f3bd0d24819c7ee7ad86eb258e5e74055c1fa84671467efa0fd21e,224,224,RGB
data/raw/kaggle/extracted/train/bellossom/1746436765.jpg,kaggle/extracted/train/bellossom/1746436765.jpg,train,bellossom,1746436765,96f48762dac19cadd55a4f1d1eafae6bac06051b583b9fdae3fd74a1573122fb,224,224,RGB
data/raw/kaggle/extracted/train/bellossom/1746445388.jpg,kaggle/extracted/train/bellossom/1746445388.jpg,train,bellossom,1746445388,d05646eed25be09bbd5ee4f95fe6c535ab9c26ce8f7cdceeb15408e641440fc6,224,224,RGB
data/raw/kaggle/extracted/train/bellossom/1746465302.jpg,kaggle/extracted/train/bellossom/1746465302.jpg,train,bellossom,1746465302,7e8666f5155e70c0dad8368f1ecbe490773d054b6bac924e808885e0178ee1ca,224,224,RGB
data/raw/kaggle/extracted/train/bellossom/1746471822.jpg,kaggle/extracted/train/bellossom/1746471822.jpg,train,bellossom,1746471822,9228a46bc9ec0ff8b625216009f6bca3536bae6ddc0858c43bdc74295ab10d12,224,224,RGB
data/raw/kaggle/extracted/train/bellossom/1746482423.jpg,kaggle/extracted/train/bellossom/1746482423.jpg,train,bellossom,1746482423,0ba02ce8ec97eae0c463df9d2f1fc788f268603271bdd613054e470a6bd7cf45,224,224,RGB
data/raw/kaggle/extracted/train/bellossom/1746526893.jpg,kaggle/extracted/train/bellossom/1746526893.jpg,train,bellossom,1746526893,ce971f8aff0e65222cd810328da8be3a977777f01028507c23487c90a537efab,224,224,RGB
data/raw/kaggle/extracted/train/bellossom/1746597373.jpg,kaggle/extracted/train/bellossom/1746597373.jpg,train,bellossom,1746597373,16f1fdb2e622891e38f19b1bda86e4980e116705be6fba73efff267bcdd7831e,224,224,RGB
data/raw/kaggle/extracted/train/bellossom/1746968257.jpg,kaggle/extracted/train/bellossom/1746968257.jpg,train,bellossom,1746968257,17b9d04cb8c3976a349be0133db326e39b228e3f6ad48316889ac8b32d664298,224,224,RGB
data/raw/kaggle/extracted/train/bellossom/1747175658.jpg,kaggle/extracted/train/bellossom/1747175658.jpg,train,bellossom,1747175658,a1c116e86dd13120ac6c427c322dddfd04bb846f5f7af960bd7c901f5532933b,224,224,RGB
data/raw/kaggle/extracted/train/bellsprout/1745395324.jpg,kaggle/extracted/train/bellsprout/1745395324.jpg,train,bellsprout,1745395324,49a113bf3a0f3af25de8af6a54d42f8a937512f4b07d3548c4ff5b7d38bb1e7b,224,224,RGB
data/raw/kaggle/extracted/train/bellsprout/1745396858.jpg,kaggle/extracted/train/bellsprout/1745396858.jpg,train,bellsprout,1745396858,9cd8164ac752cc5a995fca908e57b270db2b88b49acf35bbfbb78cf93c3cd361,224,224,RGB
data/raw/kaggle/extracted/train/bellsprout/1745404258.jpg,kaggle/extracted/train/bellsprout/1745404258.jpg,train,bellsprout,1745404258,9979195e9453f65a9666c3b3ed7db2fe5275c0441348fe64965efa2e18a74033,224,224,RGB
data/raw/kaggle/extracted/train/bellsprout/1745406070.jpg,kaggle/extracted/train/bellsprout/1745406070.jpg,train,bellsprout,1745406070,5474f13a71ce72a28377649ad1f29e27587b0f6835d7a5de076e4d82ff1bf8e0,224,224,RGB
data/raw/kaggle/extracted/train/bellsprout/1745410412.jpg,kaggle/extracted/train/bellsprout/1745410412.jpg,train,bellsprout,1745410412,ab4789396926ef3de18e7360e1c611c68d8d71ba15ad22c5dcba4f05064813aa,224,224,RGB
data/raw/kaggle/extracted/train/bellsprout/1745411939.jpg,kaggle/extracted/train/bellsprout/1745411939.jpg,train,bellsprout,1745411939,890540db32beea5c8d498de02e7cff8152e3244945ee366935a1c8fdbc2373bf,224,224,RGB
data/raw/kaggle/extracted/train/bellsprout/1745414208.jpg,kaggle/extracted/train/bellsprout/1745414208.jpg,train,bellsprout,1745414208,3f1290ac4f24af80484d4cbb914f03bd5ec1d5db22649c4e60a54d0ffcb4df16,224,224,RGB
data/raw/kaggle/extracted/train/bellsprout/1745414212.jpg,kaggle/extracted/train/bellsprout/1745414212.jpg,train,bellsprout,1745414212,ae65df8613dbf654c8170e72ee7799c839638bea5727f9eef4c7aad8317b4bc5,224,224,RGB
data/raw/kaggle/extracted/train/bellsprout/1745414257.jpg,kaggle/extracted/train/bellsprout/1745414257.jpg,train,bellsprout,1745414257,0c5dee9dd23a8ac12b1f9accf211f195218800d3df3205a8d6104e3966794e33,224,224,RGB
data/raw/kaggle/extracted/train/bellsprout/1745415694.jpg,kaggle/extracted/train/bellsprout/1745415694.jpg,train,bellsprout,1745415694,5a60ba33ae5a028cdab09580c129ece3a6234d1a271c3dbfed30946365624aba,224,224,RGB
data/raw/kaggle/extracted/train/bellsprout/1745415760.jpg,kaggle/extracted/train/bellsprout/1745415760.jpg,train,bellsprout,1745415760,d3edea6ba50423b653fe7c0fb14d92705b57e00dfb11959b72890ba777f68db5,224,224,RGB
data/raw/kaggle/extracted/train/bellsprout/1745416692.jpg,kaggle/extracted/train/bellsprout/1745416692.jpg,train,bellsprout,1745416692,9a2e2f693d55c00ee8d42a48a6d9838f61f66aee7b233f49d98124a6b8ec33ba,224,224,RGB
data/raw/kaggle/extracted/train/bellsprout/1745419976.jpg,kaggle/extracted/train/bellsprout/1745419976.jpg,train,bellsprout,1745419976,6f26d6443511d32d31ca2d7fcb650fbb326899d4813f939de4cafa70e549d795,224,224,RGB
data/raw/kaggle/extracted/train/bellsprout/1745426421.jpg,kaggle/extracted/train/bellsprout/1745426421.jpg,train,bellsprout,1745426421,283e2cea33fe64d1158fd2ce569f177ac9a254e6121db67364f6050bdb76431d,224,224,RGB
data/raw/kaggle/extracted/train/bellsprout/1745428936.jpg,kaggle/extracted/train/bellsprout/1745428936.jpg,train,bellsprout,1745428936,72637d348760556794710ef5b9086270e556f3d18cf43fec4a38a704dccc896b,224,224,RGB
data/raw/kaggle/extracted/train/bellsprout/1745428996.jpg,kaggle/extracted/train/bellsprout/1745428996.jpg,train,bellsprout,1745428996,1ccba561c11c0024c7576c4d6c9a64df8bc9dddb7a75e5c78e4b445568d7df19,224,224,RGB
data/raw/kaggle/extracted/train/bellsprout/1745429157.jpg,kaggle/extracted/train/bellsprout/1745429157.jpg,train,bellsprout,1745429157,64b07405b0c7d63109e8f7320c9fd456050f7541e2b367fb8e6afe663d90c7f5,224,224,RGB
data/raw/kaggle/extracted/train/bellsprout/1745431651.jpg,kaggle/extracted/train/bellsprout/1745431651.jpg,train,bellsprout,1745431651,3ccdc440195dabe3ec7e175cb26bbcae10d6c77eb81203b1c3aaa350dfb7cb65,224,224,RGB
data/raw/kaggle/extracted/train/bellsprout/1745434776.jpg,kaggle/extracted/train/bellsprout/1745434776.jpg,train,bellsprout,1745434776,02acf8d2bb31e971333b9c4c64fbc28ab2d45152d65069d365323b06a2064fec,224,224,RGB
data/raw/kaggle/extracted/train/bellsprout/1745435014.jpg,kaggle/extracted/train/bellsprout/1745435014.jpg,train,bellsprout,1745435014,d93befec8aff02fe169412bb15e8a58ee70b985199421d7e1c8541e77d8da11c,224,224,RGB
data/raw/kaggle/extracted/train/bellsprout/1745438556.jpg,kaggle/extracted/train/bellsprout/1745438556.jpg,train,bellsprout,1745438556,cee28e062d4cb74dd1b780756a698a0528ecfad6398dfae7fa830fee64c8558d,224,224,RGB
data/raw/kaggle/extracted/train/bellsprout/1745494655.jpg,kaggle/extracted/train/bellsprout/1745494655.jpg,train,bellsprout,1745494655,3301f78c9ecd5d554dc29dd3398a40c63be84aebf6a1f2073e8b7f3534ee8121,224,224,RGB
data/raw/kaggle/extracted/train/bellsprout/1745496153.jpg,kaggle/extracted/train/bellsprout/1745496153.jpg,train,bellsprout,1745496153,64931f11e3dcfa3446f7fec7bcccfcd16a8a4a2b2e741034cb0518729e3e7073,224,224,RGB
data/raw/kaggle/extracted/train/bellsprout/1745496533.jpg,kaggle/extracted/train/bellsprout/1745496533.jpg,train,bellsprout,1745496533,bf3321d35175b7a00f385e1785d102ca89dcf99737a8ed1f8984ca53e9ccfe93,224,224,RGB
data/raw/kaggle/extracted/train/bellsprout/1745499453.jpg,kaggle/extracted/train/bellsprout/1745499453.jpg,train,bellsprout,1745499453,8f672fd356b61f85e5a2de2bf1a0bd243634c61e8452d5339e055ab3051a08a1,224,224,RGB
data/raw/kaggle/extracted/train/bellsprout/1745504456.jpg,kaggle/extracted/train/bellsprout/1745504456.jpg,train,bellsprout,1745504456,d7bacaeca6043c83d10da6c9899d47fef153e34367582fd24f96a82766a5efb5,224,224,RGB
data/raw/kaggle/extracted/train/bellsprout/1745505717.jpg,kaggle/extracted/train/bellsprout/1745505717.jpg,train,bellsprout,1745505717,6e01f64e7e6a02b11839d60220e068060b566bf38778cfbe0f8eab0799e4bad0,224,224,RGB
data/raw/kaggle/extracted/train/bellsprout/1745506794.jpg,kaggle/extracted/train/bellsprout/1745506794.jpg,train,bellsprout,1745506794,97c421c3c01a2759381ee024fd0d2b65e4ed3a944d34a80054a9fe643a50e276,224,224,RGB
data/raw/kaggle/extracted/train/bellsprout/1745508498.jpg,kaggle/extracted/train/bellsprout/1745508498.jpg,train,bellsprout,1745508498,c685dc1e6b70734a22070abefd44c9423ad8b713ac23fa8a0675f93a8136f994,224,224,RGB
data/raw/kaggle/extracted/train/bellsprout/1745510173.jpg,kaggle/extracted/train/bellsprout/1745510173.jpg,train,bellsprout,1745510173,63d9230de92e709c2a55bc2f3815f0f0866d315bef03f02599ddd616b1ba265f,224,224,RGB
data/raw/kaggle/extracted/train/bellsprout/1745523135.jpg,kaggle/extracted/train/bellsprout/1745523135.jpg,train,bellsprout,1745523135,0273a08bd6fd734af00d38d3ef7de597172711b540bb95ccb181044007eb72cd,224,224,RGB
data/raw/kaggle/extracted/train/bellsprout/1745523335.jpg,kaggle/extracted/train/bellsprout/1745523335.jpg,train,bellsprout,1745523335,892e166df5f1521fb86f1981eef1333474913d71d90bbe1cf62784cb44755c67,224,224,RGB
data/raw/kaggle/extracted/train/bellsprout/1745523938.jpg,kaggle/extracted/train/bellsprout/1745523938.jpg,train,bellsprout,1745523938,66c29605f54f13a92367d13fb5a4cc8cbdda068d343e0a3544c875c35e6a30f5,224,224,RGB
data/raw/kaggle/extracted/train/bellsprout/1745525619.jpg,kaggle/extracted/train/bellsprout/1745525619.jpg,train,bellsprout,1745525619,1d7e8696cd4ccbcb96396e69d1b1f38aa0cffa1cf7172d36e678ac7864842710,224,224,RGB
data/raw/kaggle/extracted/train/bellsprout/1745525917.jpg,kaggle/extracted/train/bellsprout/1745525917.jpg,train,bellsprout,1745525917,6c55bf3037c1e8cccf323feb5554b499e199a7480269513fb4df682d3212140f,224,224,RGB
data/raw/kaggle/extracted/train/bellsprout/1745528569.jpg,kaggle/extracted/train/bellsprout/1745528569.jpg,train,bellsprout,1745528569,ebaa94e2aef4275af5e09706f8efc876c2e9cb7ae7e64ce664bc86765dd75c63,224,224,RGB
data/raw/kaggle/extracted/train/bellsprout/1745534534.jpg,kaggle/extracted/train/bellsprout/1745534534.jpg,train,bellsprout,1745534534,59fd6afd247b41bf80134f19ed00f770d5731ede8b120c70ecf7ccc4956c9368,224,224,RGB
data/raw/kaggle/extracted/train/bellsprout/1745534880.jpg,kaggle/extracted/train/bellsprout/1745534880.jpg,train,bellsprout,1745534880,a5368b39559c5644021cabf547899aa9e59abe19413adade7f7c281466bfb6d6,224,224,RGB
data/raw/kaggle/extracted/train/bellsprout/1745535014.jpg,kaggle/extracted/train/bellsprout/1745535014.jpg,train,bellsprout,1745535014,3b2c9b143f811f8e223a9a793c070aa2df6e47d2c0002ce42d8c70c917f32d51,224,224,RGB
data/raw/kaggle/extracted/train/bellsprout/1745536075.jpg,kaggle/extracted/train/bellsprout/1745536075.jpg,train,bellsprout,1745536075,3de749443351cf1347549f8c6af90ca8a3c0074c95b7864baf1e2c213a2059e9,224,224,RGB
data/raw/kaggle/extracted/train/bellsprout/1745536795.jpg,kaggle/extracted/train/bellsprout/1745536795.jpg,train,bellsprout,1745536795,20ea2986ecab4e1b87f5ffb75e69d4016b2abaedd388483a97d201cc5fb33533,224,224,RGB
data/raw/kaggle/extracted/train/bellsprout/1745558516.jpg,kaggle/extracted/train/bellsprout/1745558516.jpg,train,bellsprout,1745558516,0721e44483f05f32e351cfadfff91676002995f9302929b9c0727f33908da617,224,224,RGB
data/raw/kaggle/extracted/train/bellsprout/1745558649.jpg,kaggle/extracted/train/bellsprout/1745558649.jpg,train,bellsprout,1745558649,3028879723f2f8854cbe98495f1d229bdf174ddec9165627b245ff070f0381c8,224,224,RGB
data/raw/kaggle/extracted/train/bellsprout/1745558891.jpg,kaggle/extracted/train/bellsprout/1745558891.jpg,train,bellsprout,1745558891,b8097f7eeb21dd5ca36291dce0e56bc8337a0b0a78c58aa1d0855fd0233ce723,224,224,RGB
data/raw/kaggle/extracted/train/bellsprout/1745560397.jpg,kaggle/extracted/train/bellsprout/1745560397.jpg,train,bellsprout,1745560397,9eb6ce6c7c7e5576d3e61a48600ed0144bbaf27599a1f3448e07b1de24595a1d,224,224,RGB
data/raw/kaggle/extracted/train/bellsprout/1745562249.jpg,kaggle/extracted/train/bellsprout/1745562249.jpg,train,bellsprout,1745562249,b4f3b342a810c0e62967a4eb901ef36a4a7276d3f06a271c1a5bcb442a4ab569,224,224,RGB
data/raw/kaggle/extracted/train/bellsprout/1745562856.jpg,kaggle/extracted/train/bellsprout/1745562856.jpg,train,bellsprout,1745562856,46cfb26ff48413cc345f360cc5b88753d936a586309fe870e0553c8edffa7614,224,224,RGB
data/raw/kaggle/extracted/train/bellsprout/1745565694.jpg,kaggle/extracted/train/bellsprout/1745565694.jpg,train,bellsprout,1745565694,a20be6bbc95be9900ed49bcf435f766b8631e3a4105484e6349dc0e15acf0bb0,224,224,RGB
data/raw/kaggle/extracted/train/bellsprout/1745566978.jpg,kaggle/extracted/train/bellsprout/1745566978.jpg,train,bellsprout,1745566978,af273526a998a4c34fca9bd2bc760af19f2ebd764a661af3aef58cd5b7eae31d,224,224,RGB
data/raw/kaggle/extracted/train/bellsprout/1745567397.jpg,kaggle/extracted/train/bellsprout/1745567397.jpg,train,bellsprout,1745567397,6345f4b1d338a2d906378ccaa0166fe49715627f07b2f79797f778152717f1bd,224,224,RGB
data/raw/kaggle/extracted/train/bellsprout/1745567954.jpg,kaggle/extracted/train/bellsprout/1745567954.jpg,train,bellsprout,1745567954,0a043f6ee80a321994f6291d075f8c5defd20711354640cefddea384e60b0299,224,224,RGB
data/raw/kaggle/extracted/train/bellsprout/1745568035.jpg,kaggle/extracted/train/bellsprout/1745568035.jpg,train,bellsprout,1745568035,7004bbe1bcc8d8e2b8d93643b2bc9ab0bf2b84c10a1bc7aeef21c5ce99d25a0d,224,224,RGB
data/raw/kaggle/extracted/train/bellsprout/1745568650.jpg,kaggle/extracted/train/bellsprout/1745568650.jpg,train,bellsprout,1745568650,473b29c19efde973991548c3610a5b0be08b44777589a6bd6c6f880313688137,224,224,RGB
data/raw/kaggle/extracted/train/bellsprout/1745569154.jpg,kaggle/extracted/train/bellsprout/1745569154.jpg,train,bellsprout,1745569154,4ba407ed0b1dbc14812225865b0722ce15ca8049d5868c6a1ecdf57c3a3a392d,224,224,RGB
data/raw/kaggle/extracted/train/bellsprout/1745569333.jpg,kaggle/extracted/train/bellsprout/1745569333.jpg,train,bellsprout,1745569333,8dcfb17b2d809ea3e61b41b598751c2866eb0ca32ac6bdbde72ab3ba9c8eba72,224,224,RGB
data/raw/kaggle/extracted/train/bellsprout/1745570097.jpg,kaggle/extracted/train/bellsprout/1745570097.jpg,train,bellsprout,1745570097,0042fe1f06769b77951acf8139eb993da6aaa2c34a2285985524ab945b3a7723,224,224,RGB
data/raw/kaggle/extracted/train/bellsprout/1745570897.jpg,kaggle/extracted/train/bellsprout/1745570897.jpg,train,bellsprout,1745570897,d5bf635c098d2a15641fd16544e4c61c1acaa0baae32a581edf647746079d819,224,224,RGB
data/raw/kaggle/extracted/train/bellsprout/1745570955.jpg,kaggle/extracted/train/bellsprout/1745570955.jpg,train,bellsprout,1745570955,c134e714b5d1681d64434e05302615b09a553e7993a48b809dbddbea67fedf12,224,224,RGB
data/raw/kaggle/extracted/train/bellsprout/1745571516.jpg,kaggle/extracted/train/bellsprout/1745571516.jpg,train,bellsprout,1745571516,4ce0119030233d422380265cafcdca34a9ee7c87981983c8751091fb20acdde3,224,224,RGB
data/raw/kaggle/extracted/train/bellsprout/1745572772.jpg,kaggle/extracted/train/bellsprout/1745572772.jpg,train,bellsprout,1745572772,bb62817f8a064dd8b065179ffd052b9c4f1a1d62506e3a82bdbf4f32b0a5c904,224,224,RGB
data/raw/kaggle/extracted/train/bellsprout/1745573089.jpg,kaggle/extracted/train/bellsprout/1745573089.jpg,train,bellsprout,1745573089,8684b978702f644259e27c5ab32a555306b272c9d8e44689f0b6644dbbe81f56,224,224,RGB
data/raw/kaggle/extracted/train/bellsprout/1745592037.jpg,kaggle/extracted/train/bellsprout/1745592037.jpg,train,bellsprout,1745592037,5ae8b1b14e426af82d1ba7f89fb76e60b948229e168426c7a9f141475644c0df,224,224,RGB
data/raw/kaggle/extracted/train/bellsprout/1745592894.jpg,kaggle/extracted/train/bellsprout/1745592894.jpg,train,bellsprout,1745592894,0090fc893fd693e4f546eb4387499d700364ea2f1fee023f1481de8479025f4d,224,224,RGB
data/raw/kaggle/extracted/train/bellsprout/1745592897.jpg,kaggle/extracted/train/bellsprout/1745592897.jpg,train,bellsprout,1745592897,143dc14b5096364c2a81b3d1e8462c323b0e6eecc1ef20cc797d25bea512e443,224,224,RGB
data/raw/kaggle/extracted/train/bellsprout/1745595880.jpg,kaggle/extracted/train/bellsprout/1745595880.jpg,train,bellsprout,1745595880,1824bd78a3a56921a31c8c625b0cb3f574a683d10ff99bfc2f0cf92ca712e583,224,224,RGB
data/raw/kaggle/extracted/train/bellsprout/1745596118.jpg,kaggle/extracted/train/bellsprout/1745596118.jpg,train,bellsprout,1745596118,4df672a2c4f5d7ba9252e2ffcf4344f8d7f824dd31d7c581825367d41cbc9458,224,224,RGB
data/raw/kaggle/extracted/train/bellsprout/1745598278.jpg,kaggle/extracted/train/bellsprout/1745598278.jpg,train,bellsprout,1745598278,1c1e1f0e4d550831d15cf6a09f4105cded28b0330144aa87e1e87f301e5188a6,224,224,RGB
data/raw/kaggle/extracted/train/bellsprout/1745598517.jpg,kaggle/extracted/train/bellsprout/1745598517.jpg,train,bellsprout,1745598517,e26605716b22d9326e3b472d7ce89c7107ba760ca1f15f6eb0168d3f23a8bfc0,224,224,RGB
data/raw/kaggle/extracted/train/bellsprout/1745598977.jpg,kaggle/extracted/train/bellsprout/1745598977.jpg,train,bellsprout,1745598977,ca3fc11efa4fc7d12af681d2964e578e5952a77ee4f358a2bdbb9b98d5af3a05,224,224,RGB
data/raw/kaggle/extracted/train/bellsprout/1745611208.jpg,kaggle/extracted/train/bellsprout/1745611208.jpg,train,bellsprout,1745611208,dcdbeba58350bf1aab14d9c260ba91e2b8e999402783bb8250c390d90cd69870,224,224,RGB
data/raw/kaggle/extracted/train/bellsprout/1745612109.jpg,kaggle/extracted/train/bellsprout/1745612109.jpg,train,bellsprout,1745612109,31691f3314a3f63c7fc670aa780ee8dbbc881c96fb5e91ddf67d5dc5084603d8,224,224,RGB
data/raw/kaggle/extracted/train/bergmite/1745395637.jpg,kaggle/extracted/train/bergmite/1745395637.jpg,train,bergmite,1745395637,c74b1587ac4ddefb1d43f8d4b2017ad7772f89fafc4b91b6a1de6d000b4ea519,224,224,RGB
data/raw/kaggle/extracted/train/bergmite/1745401999.jpg,kaggle/extracted/train/bergmite/1745401999.jpg,train,bergmite,1745401999,dbdf9e8f60a7b9620086ea6011c83332782f9d024d6c0b8bbcb577ee30ce8289,224,224,RGB
data/raw/kaggle/extracted/train/bergmite/1745408195.jpg,kaggle/extracted/train/bergmite/1745408195.jpg,train,bergmite,1745408195,2889d912efbc379a0d53853f667fc259422ccdd32abb82dfc4c291d0f897f228,224,224,RGB
data/raw/kaggle/extracted/train/bergmite/1745417271.jpg,kaggle/extracted/train/bergmite/1745417271.jpg,train,bergmite,1745417271,838342270438b2a97dc36561e8414250afd01aeff13bf90fd14c5cf50936dff5,224,224,RGB
data/raw/kaggle/extracted/train/bergmite/1745417735.jpg,kaggle/extracted/train/bergmite/1745417735.jpg,train,bergmite,1745417735,3b416af40145ea484bf1e14a0bcb07cad2acb7e6a3b7ca0115f1355cbafbf4be,224,224,RGB
data/raw/kaggle/extracted/train/bergmite/1745429777.jpg,kaggle/extracted/train/bergmite/1745429777.jpg,train,bergmite,1745429777,83189ed4021a903cdd942f2dd0fd0cae3343bcffbbc3d400b2f8944773766dce,224,224,RGB
data/raw/kaggle/extracted/train/bergmite/1745435157.jpg,kaggle/extracted/train/bergmite/1745435157.jpg,train,bergmite,1745435157,3a7d0b3375ac787fda11843124cfdd9483b10186e7ec7fe9040194f6516c9b2f,224,224,RGB
data/raw/kaggle/extracted/train/bergmite/1745506773.jpg,kaggle/extracted/train/bergmite/1745506773.jpg,train,bergmite,1745506773,9fae92318d93927c85776a5c20a5319072f6626cede5d7312e09a0ea24d5d2ae,224,224,RGB
data/raw/kaggle/extracted/train/bergmite/1745525719.jpg,kaggle/extracted/train/bergmite/1745525719.jpg,train,bergmite,1745525719,86effa3fc7f7b318f12315c9fded0516475753e645aa4ccad81b78e06dbf6f82,224,224,RGB
data/raw/kaggle/extracted/train/bergmite/1745534295.jpg,kaggle/extracted/train/bergmite/1745534295.jpg,train,bergmite,1745534295,46252b242a957d754e0cff46855fbf8dfafad1d355029679e1ea9218aeacaea6,224,224,RGB
data/raw/kaggle/extracted/train/bergmite/1745566137.jpg,kaggle/extracted/train/bergmite/1745566137.jpg,train,bergmite,1745566137,25966685efcb6c74f4974bedbef9fbcd2fea244eb100ca817eb7b042e5009e70,224,224,RGB
data/raw/kaggle/extracted/train/bergmite/1745569028.jpg,kaggle/extracted/train/bergmite/1745569028.jpg,train,bergmite,1745569028,a162550df1ae4532504091d8776aabc3b294cf6f18f6f285872dbf5774a3c5a3,224,224,RGB
data/raw/kaggle/extracted/train/bergmite/1745569137.jpg,kaggle/extracted/train/bergmite/1745569137.jpg,train,bergmite,1745569137,66c77495bbb597006cf8ddd638f9a99ba45d59fe02578725d801b0f5e230bf59,224,224,RGB
data/raw/kaggle/extracted/train/bergmite/1745569337.jpg,kaggle/extracted/train/bergmite/1745569337.jpg,train,bergmite,1745569337,cd8c156545af5f5a4ff16bd0117400a64502ad99a23e4138fd74a4f56e4c03af,224,224,RGB
data/raw/kaggle/extracted/train/bergmite/1745587899.jpg,kaggle/extracted/train/bergmite/1745587899.jpg,train,bergmite,1745587899,6084a908090e3b3ce1940994ba4c278bfe9b23fe9f428904086795a542b7d6b5,224,224,RGB
data/raw/kaggle/extracted/train/bergmite/1745610837.jpg,kaggle/extracted/train/bergmite/1745610837.jpg,train,bergmite,1745610837,2d50dca01dfac727c0a612060df235b0f585db1afea78516769b1096fa2de2b0,224,224,RGB
data/raw/kaggle/extracted/train/bergmite/1745650241.jpg,kaggle/extracted/train/bergmite/1745650241.jpg,train,bergmite,1745650241,dc228feadbe54a8aa9f5dc9b40acc3209dfc9421244027694e52b0256bc58aa3,224,224,RGB
data/raw/kaggle/extracted/train/bergmite/1745650448.jpg,kaggle/extracted/train/bergmite/1745650448.jpg,train,bergmite,1745650448,ab2ff4b699a6f5641818564a98ac942c1493237fc2361df1d94fa28f5c421548,224,224,RGB
data/raw/kaggle/extracted/train/bergmite/1745652901.jpg,kaggle/extracted/train/bergmite/1745652901.jpg,train,bergmite,1745652901,7169df6301ff65ecf3fcdda6c7abdca97e0447576805ff40dd113e39d9991e8a,224,224,RGB
data/raw/kaggle/extracted/train/bergmite/1745653158.jpg,kaggle/extracted/train/bergmite/1745653158.jpg,train,bergmite,1745653158,790a98da7a28a81f921093094253a58d0a58693f919486484df4fe395feca2c0,224,224,RGB
data/raw/kaggle/extracted/train/bergmite/1745661340.jpg,kaggle/extracted/train/bergmite/1745661340.jpg,train,bergmite,1745661340,99ea1d514309a26bfc2a9afe685e47de3c17e6a4bdf2069e8f6effa68e1432bd,224,224,RGB
data/raw/kaggle/extracted/train/bergmite/1745661361.jpg,kaggle/extracted/train/bergmite/1745661361.jpg,train,bergmite,1745661361,867aed0c92b224c5fb2d35fc684039bc40790150c49d1bb961a3fdd648cb4f72,224,224,RGB
data/raw/kaggle/extracted/train/bergmite/1745671681.jpg,kaggle/extracted/train/bergmite/1745671681.jpg,train,bergmite,1745671681,02a5de0373576db0414224232e9b8ca3e3c8ab42515f08e1e62b9f0cf4a6df0e,224,224,RGB
data/raw/kaggle/extracted/train/bergmite/1745757228.jpg,kaggle/extracted/train/bergmite/1745757228.jpg,train,bergmite,1745757228,6423c527f16bf52906ff432b3ffcd5066df924c07b7d5c880cec302783af121e,224,224,RGB
data/raw/kaggle/extracted/train/bergmite/1745759593.jpg,kaggle/extracted/train/bergmite/1745759593.jpg,train,bergmite,1745759593,71a23214c345dcabf24404e07a5885db5952d29bfd2a9f90f2d7247f9dc12feb,224,224,RGB
data/raw/kaggle/extracted/train/bergmite/1745759690.jpg,kaggle/extracted/train/bergmite/1745759690.jpg,train,bergmite,1745759690,1b9e4085d1e0983e401c5ffb1e71af1944dc09863dbc54cb31926a3338086013,224,224,RGB
data/raw/kaggle/extracted/train/bergmite/1745759690_hflip_sat0.54.jpg,kaggle/extracted/train/bergmite/1745759690_hflip_sat0.54.jpg,train,bergmite,1745759690,de0474515cb7fef4250515a73a06cba0e63e2ba78f2df8a6602b37ce837b68c7,224,224,RGB
data/raw/kaggle/extracted/train/bergmite/1745760830.jpg,kaggle/extracted/train/bergmite/1745760830.jpg,train,bergmite,1745760830,ca1a453122cccc9a9121eb89062bfde45e534ad2b737e7920a1f2859718233d8,224,224,RGB
data/raw/kaggle/extracted/train/bergmite/1745770037.jpg,kaggle/extracted/train/bergmite/1745770037.jpg,train,bergmite,1745770037,3999afdc2b77e36e873998aee4decd4db91ff149d4b021211c97069c981cc4e3,224,224,RGB
data/raw/kaggle/extracted/train/bergmite/1745861433.jpg,kaggle/extracted/train/bergmite/1745861433.jpg,train,bergmite,1745861433,4e5394571adbbcde30aaa9ba8bc550beb925abb357ec08e8712f0408e39f9f49,224,224,RGB
data/raw/kaggle/extracted/train/bergmite/1745861450.jpg,kaggle/extracted/train/bergmite/1745861450.jpg,train,bergmite,1745861450,d22aee55d0cb7a708ba66e50e6824f519d6f14961bc907930b32d68968afe2d1,224,224,RGB
data/raw/kaggle/extracted/train/bergmite/1745958688.jpg,kaggle/extracted/train/bergmite/1745958688.jpg,train,bergmite,1745958688,9f5ca5ca43262d452744f9687925ee600d0a1fe036243cbad8dd069574dc44b4,224,224,RGB
data/raw/kaggle/extracted/train/bergmite/1745958868.jpg,kaggle/extracted/train/bergmite/1745958868.jpg,train,bergmite,1745958868,883311bfb57d5e61428f5a378a0593039392969ebae640662fbe490edbe1f97a,224,224,RGB
data/raw/kaggle/extracted/train/bergmite/1745959130.jpg,kaggle/extracted/train/bergmite/1745959130.jpg,train,bergmite,1745959130,4cdf127f15bcac8aa176930aa8420267fe330e35f58b403cfdb9522e102c0727,224,224,RGB
data/raw/kaggle/extracted/train/bergmite/1745963645.jpg,kaggle/extracted/train/bergmite/1745963645.jpg,train,bergmite,1745963645,a3fb83d39ed4e6d01cb12adff66b08e30b7502009d38cbcd58a9651fe1e3f10c,224,224,RGB
data/raw/kaggle/extracted/train/bergmite/1745989428.jpg,kaggle/extracted/train/bergmite/1745989428.jpg,train,bergmite,1745989428,c97f4e28252b58a3dede8ebb2b6b9a28d1bdb9ef74084485db986daf8d0e06d3,224,224,RGB
data/raw/kaggle/extracted/train/bergmite/1745992309.jpg,kaggle/extracted/train/bergmite/1745992309.jpg,train,bergmite,1745992309,d4466567a56fb4c4df50b9e7d00141083b7371ee126eabd2d1db42f3a7ebe948,224,224,RGB
data/raw/kaggle/extracted/train/bergmite/1745994678.jpg,kaggle/extracted/train/bergmite/1745994678.jpg,train,bergmite,1745994678,b82bfe90af01e5b79f8d4f0d40e28ac56159a2158fa1322bee42700cdaee329f,224,224,RGB
data/raw/kaggle/extracted/train/bergmite/1745996148.jpg,kaggle/extracted/train/bergmite/1745996148.jpg,train,bergmite,1745996148,d05a14cbece2511d8e77802f5a1b916a045f7fe1fa80ce6538ea95a3936cc6eb,224,224,RGB
data/raw/kaggle/extracted/train/bergmite/1745998389.jpg,kaggle/extracted/train/bergmite/1745998389.jpg,train,bergmite,1745998389,497852336ced24ce29951f40782d3558e7ad55f1555bc2367c869233e888a1b1,224,224,RGB
data/raw/kaggle/extracted/train/bergmite/1745999964.jpg,kaggle/extracted/train/bergmite/1745999964.jpg,train,bergmite,1745999964,8ef64737f718fb0124294caa846d76b7b84b680e8e3100169221656bd36bbafc,224,224,RGB
data/raw/kaggle/extracted/train/bergmite/1746000823.jpg,kaggle/extracted/train/bergmite/1746000823.jpg,train,bergmite,1746000823,de9e138596ba922a65cee0a997a573d88507cf2b89a82983d45ccc31e6d20106,224,224,RGB
data/raw/kaggle/extracted/train/bergmite/1746007654.jpg,kaggle/extracted/train/bergmite/1746007654.jpg,train,bergmite,1746007654,7ac5b6870ab84401397a94af09a9686c7be9d9a4682a96ed607c4346693a9df9,224,224,RGB
data/raw/kaggle/extracted/train/bergmite/1746026285.jpg,kaggle/extracted/train/bergmite/1746026285.jpg,train,bergmite,1746026285,214af49c9d87f04df48184bdb7251677548a55f666dcf82bb997c37dd3ae66a4,224,224,RGB
data/raw/kaggle/extracted/train/bergmite/1746041855.jpg,kaggle/extracted/train/bergmite/1746041855.jpg,train,bergmite,1746041855,eeb7271de112d0358504d5e84e26c51a17a03fe21622255af65bf1663cc2bf8b,224,224,RGB
data/raw/kaggle/extracted/train/bergmite/1746042245.jpg,kaggle/extracted/train/bergmite/1746042245.jpg,train,bergmite,1746042245,b704fa8a6be8ec2e665ce94465cd47e50c6bc74e5217ffaa1d72a47a5585945c,224,224,RGB
data/raw/kaggle/extracted/train/bergmite/1746050502.jpg,kaggle/extracted/train/bergmite/1746050502.jpg,train,bergmite,1746050502,1018a322af09b4e0e3bd42ecd115620fcacf04f806af34be158b67f6012a8781,224,224,RGB
data/raw/kaggle/extracted/train/bergmite/1746120904.jpg,kaggle/extracted/train/bergmite/1746120904.jpg,train,bergmite,1746120904,48026ec1207577105b147a689d957ff54e4b857b29c44f99fd80d150c6f54e3a,224,224,RGB
data/raw/kaggle/extracted/train/bergmite/1746132118.jpg,kaggle/extracted/train/bergmite/1746132118.jpg,train,bergmite,1746132118,cac03ff02c46105c072a2caa7f3b5fc33d6534bc8cd138b160e9cfa30e9b0eea,224,224,RGB
data/raw/kaggle/extracted/train/bergmite/1746148537.jpg,kaggle/extracted/train/bergmite/1746148537.jpg,train,bergmite,1746148537,c1ff5df4a20aaceb8001f1ca21de541c987708f3e42f61827092dd7d829b176e,224,224,RGB
data/raw/kaggle/extracted/train/bergmite/1746148687.jpg,kaggle/extracted/train/bergmite/1746148687.jpg,train,bergmite,1746148687,cc50faea234fed91286d81a81082c554195078a90a737c75ace4c07da4289b7c,224,224,RGB
data/raw/kaggle/extracted/train/bergmite/1746203084.jpg,kaggle/extracted/train/bergmite/1746203084.jpg,train,bergmite,1746203084,2f25512eabeb81ac0419be9b7eeb34e2d9ec5e3e73f5c44f8d0220fe5ef8a8df,224,224,RGB
data/raw/kaggle/extracted/train/bergmite/1746208049.jpg,kaggle/extracted/train/bergmite/1746208049.jpg,train,bergmite,1746208049,e91c6e55ec36ff9aabf219cddf8aa3746904aeeb5a8539a983b0ba682f1c51fe,224,224,RGB
data/raw/kaggle/extracted/train/bergmite/1746212844.jpg,kaggle/extracted/train/bergmite/1746212844.jpg,train,bergmite,1746212844,a4c7901fbbfe146576df303efa73ce3fce9500ace58e35528ff7034d0e78cc70,224,224,RGB
data/raw/kaggle/extracted/train/bergmite/1746214494.jpg,kaggle/extracted/train/bergmite/1746214494.jpg,train,bergmite,1746214494,88e4f2fa71ad2463716621ae5626275f3544b6bbd5b0f13a83035fc9e030d916,224,224,RGB
data/raw/kaggle/extracted/train/bergmite/1746215222.jpg,kaggle/extracted/train/bergmite/1746215222.jpg,train,bergmite,1746215222,44afc6fe162a2d29b936de1530ee513c63d26e3509ffe87a0d6b199a1ee028b9,224,224,RGB
data/raw/kaggle/extracted/train/bergmite/1746217177.jpg,kaggle/extracted/train/bergmite/1746217177.jpg,train,bergmite,1746217177,7b703218f624885cc01eaf75daf13894f17ade66a7f44bdbc29d7332d605613f,224,224,RGB
data/raw/kaggle/extracted/train/bergmite/1746217923.jpg,kaggle/extracted/train/bergmite/1746217923.jpg,train,bergmite,1746217923,d0251020f3d8afa145e9121c3c1e987684c74e5bba9aeadc8662611cdd50eea8,224,224,RGB
data/raw/kaggle/extracted/train/bergmite/1746221195.jpg,kaggle/extracted/train/bergmite/1746221195.jpg,train,bergmite,1746221195,d355e3a668f65b7df09d76914fe3feb0d10c73613e16e0302ae269878bbf8a60,224,224,RGB
data/raw/kaggle/extracted/train/bergmite/1746225294.jpg,kaggle/extracted/train/bergmite/1746225294.jpg,train,bergmite,1746225294,ff586d7c600daa68a0f9fae7e66a6bc305e843ed1905fc6c5feba58266b7ecbc,224,224,RGB
data/raw/kaggle/extracted/train/bergmite/1746227195.jpg,kaggle/extracted/train/bergmite/1746227195.jpg,train,bergmite,1746227195,9e9f3208d3868d5dec763f353497b9566b7ae9cac8ebb5bc1acde4e655d39ae5,224,224,RGB
data/raw/kaggle/extracted/train/bergmite/1746341284.jpg,kaggle/extracted/train/bergmite/1746341284.jpg,train,bergmite,1746341284,36b27b03943e5a0d14081bd6016d451b7a5195fef43aec021d7954b231c752f4,224,224,RGB
data/raw/kaggle/extracted/train/bergmite/1746345832.jpg,kaggle/extracted/train/bergmite/1746345832.jpg,train,bergmite,1746345832,8897725786c7e9d8f96967327dc5ea79887c388a6b58f2539242b76faca42f46,224,224,RGB
data/raw/kaggle/extracted/train/bergmite/1746346281.jpg,kaggle/extracted/train/bergmite/1746346281.jpg,train,bergmite,1746346281,d8c683526c2de009da3f2b17b9077368c91ef05628a4fa2ce96c9bff7f47a1c0,224,224,RGB
data/raw/kaggle/extracted/train/bergmite/1746349110.jpg,kaggle/extracted/train/bergmite/1746349110.jpg,train,bergmite,1746349110,6cf63b53b694c79433a40688e829044cb16ed559b976a3e3718588aae6274056,224,224,RGB
data/raw/kaggle/extracted/train/bergmite/1746349675.jpg,kaggle/extracted/train/bergmite/1746349675.jpg,train,bergmite,1746349675,82b54acc42b125b655d14941f32d011e1ca9df773cd7bda8948f4dbf153e6b8f,224,224,RGB
data/raw/kaggle/extracted/train/bergmite/1746385921.jpg,kaggle/extracted/train/bergmite/1746385921.jpg,train,bergmite,1746385921,d978e5e995b9783d4db06bdd672a64426fae353c31fdea815c7e122d14879345,224,224,RGB
data/raw/kaggle/extracted/train/bergmite/1746386283.jpg,kaggle/extracted/train/bergmite/1746386283.jpg,train,bergmite,1746386283,a67f079c09d4336410253182ed9c28e9234bc989cc108c8abd3c7fabc362c2f0,224,224,RGB
data/raw/kaggle/extracted/train/bergmite/1746386698.jpg,kaggle/extracted/train/bergmite/1746386698.jpg,train,bergmite,1746386698,b2d510bbeb9810fd5fedc673055ec441bec7095eff0fcb9069dd1e6d3ec41948,224,224,RGB
data/raw/kaggle/extracted/train/bergmite/1746387785.jpg,kaggle/extracted/train/bergmite/1746387785.jpg,train,bergmite,1746387785,6fbe1460891ff663477d9dfd6390bf439374cb9ebbc1f8e61642ed2a071b9d40,224,224,RGB
data/raw/kaggle/extracted/train/bergmite/1746387932.jpg,kaggle/extracted/train/bergmite/1746387932.jpg,train,bergmite,1746387932,1e65339c8386ed5e4276f48fb6001514fb0d87de308a01d8610a5d52e0752518,224,224,RGB
data/raw/kaggle/extracted/train/bewear/1745424174.jpg,kaggle/extracted/train/bewear/1745424174.jpg,train,bewear,1745424174,a66023922de0f8e7509d85e9aa127d45fdb1d6f7285b6fbf59b2bb32fe6b5a22,224,224,RGB
data/raw/kaggle/extracted/train/bewear/1745429198.jpg,kaggle/extracted/train/bewear/1745429198.jpg,train,bewear,1745429198,1d1fab75fd26d82434b9755599042184e91977978b68a34d88c46989a439b8c0,224,224,RGB
data/raw/kaggle/extracted/train/bewear/1745436076.jpg,kaggle/extracted/train/bewear/1745436076.jpg,train,bewear,1745436076,b57f38b67d5b24ea3535a9712f472016e9f1c0223e7c890a527d1e2ab4467da7,224,224,RGB
data/raw/kaggle/extracted/train/bewear/1745505174.jpg,kaggle/extracted/train/bewear/1745505174.jpg,train,bewear,1745505174,1cfd8f5fb80cf3611b6c056828ddc9a78a7dfb8c07dcf3d0d9ed888db1f99806,224,224,RGB
data/raw/kaggle/extracted/train/bewear/1745510420.jpg,kaggle/extracted/train/bewear/1745510420.jpg,train,bewear,1745510420,b7c7159d8a577b09ab0d79d40748a11432e1b874f383346800377b44892d5008,224,224,RGB
data/raw/kaggle/extracted/train/bewear/1745589858.jpg,kaggle/extracted/train/bewear/1745589858.jpg,train,bewear,1745589858,c749523463841286b32dd8ce338e33772a1e876cd734efe6182bc56dfff45821,224,224,RGB
data/raw/kaggle/extracted/train/bewear/1745652726.jpg,kaggle/extracted/train/bewear/1745652726.jpg,train,bewear,1745652726,8555b23c731532fa1d563b4dc6e49dbeba112f22b427927e263bec800c6d1c49,224,224,RGB
data/raw/kaggle/extracted/train/bewear/1745750616.jpg,kaggle/extracted/train/bewear/1745750616.jpg,train,bewear,1745750616,d497fb60e3f4f223bd0b15b3d650112a1bf27a646dc4ed9b72b0ad867af6601e,224,224,RGB
data/raw/kaggle/extracted/train/bewear/1745958878.jpg,kaggle/extracted/train/bewear/1745958878.jpg,train,bewear,1745958878,babcc2011db9af65d51ba246f8935bac2ddb4bf195a53a1a3253f2e49d10a86c,224,224,RGB
data/raw/kaggle/extracted/train/bewear/1745960030.jpg,kaggle/extracted/train/bewear/1745960030.jpg,train,bewear,1745960030,c4ac4d86903b1d6fbf6fae9ef064c6175ca8636290d029bf03cbc937bf67175e,224,224,RGB
data/raw/kaggle/extracted/train/bewear/1745997088.jpg,kaggle/extracted/train/bewear/1745997088.jpg,train,bewear,1745997088,38c72381f9bd3f5aa940aed382ffe6f639373cc83b209e039779c9c94afc85cd,224,224,RGB
data/raw/kaggle/extracted/train/bewear/1746038570.jpg,kaggle/extracted/train/bewear/1746038570.jpg,train,bewear,1746038570,88e1a04c2f35504866346bad5e57878e870aa05da6f68a5258cb42083aea9b19,224,224,RGB
data/raw/kaggle/extracted/train/bewear/1746044121.jpg,kaggle/extracted/train/bewear/1746044121.jpg,train,bewear,1746044121,a719de686c99a6332d0c41cb301a1fdf21795b9e7bf1aa750f3f5fabb5eb68d6,224,224,RGB
data/raw/kaggle/extracted/train/bewear/1746115358.jpg,kaggle/extracted/train/bewear/1746115358.jpg,train,bewear,1746115358,526978d074dfc9564434854f37a70bd09e76217484516af54476b7ce8bc6b223,224,224,RGB
data/raw/kaggle/extracted/train/bewear/1746122405.jpg,kaggle/extracted/train/bewear/1746122405.jpg,train,bewear,1746122405,ae89b3023f074c47b1ade9976c3ce250e6d79e055ca7909cdc6ddac6343551ee,224,224,RGB
data/raw/kaggle/extracted/train/bewear/1746122643.jpg,kaggle/extracted/train/bewear/1746122643.jpg,train,bewear,1746122643,e725576178ab7de45d43e52e90d3e32bd3f1f3efe7c88cd4136f832a88484a33,224,224,RGB
data/raw/kaggle/extracted/train/bewear/1746127298.jpg,kaggle/extracted/train/bewear/1746127298.jpg,train,bewear,1746127298,047566a8826b2fc48ae59120ecb8b7c68d75192ad949db5f484f1ccbe6163670,224,224,RGB
data/raw/kaggle/extracted/train/bewear/1746351834.jpg,kaggle/extracted/train/bewear/1746351834.jpg,train,bewear,1746351834,b3cd17b8b042f3eff39756662790a107009fa1ae78da96874fab07ab98d3f346,224,224,RGB
data/raw/kaggle/extracted/train/bewear/1746447338.jpg,kaggle/extracted/train/bewear/1746447338.jpg,train,bewear,1746447338,64c666961f6129567535216ec88d0b34e2ad3796da6f5133de346295b1b2c18a,224,224,RGB
data/raw/kaggle/extracted/train/bewear/1746447693.jpg,kaggle/extracted/train/bewear/1746447693.jpg,train,bewear,1746447693,0298e730e8499f541879c23fb6b0594e88830d234991a8f3771cf7a99aa1887a,224,224,RGB
data/raw/kaggle/extracted/train/bewear/1746462009.jpg,kaggle/extracted/train/bewear/1746462009.jpg,train,bewear,1746462009,d342fb6240b707a4267479afe9471e144f87e1743275db26fc3f2d94bf1ddb42,224,224,RGB
data/raw/kaggle/extracted/train/bewear/1746462737.jpg,kaggle/extracted/train/bewear/1746462737.jpg,train,bewear,1746462737,41ae87d2fc25810a37e0a48351bfa9c0ff3a5865694a7417de7df7fa786d47aa,224,224,RGB
data/raw/kaggle/extracted/train/bewear/1746466692.jpg,kaggle/extracted/train/bewear/1746466692.jpg,train,bewear,1746466692,67396ef3abe8dbc06f2cc209ab4f13ac41af43040c31d5971384aefbb1397e3e,224,224,RGB
data/raw/kaggle/extracted/train/bewear/1746480092.jpg,kaggle/extracted/train/bewear/1746480092.jpg,train,bewear,1746480092,7f76c43816d832c6a423064efc0ef5216397834ee1336cd9e45857c87e0a9c3c,224,224,RGB
data/raw/kaggle/extracted/train/bewear/1746481545.jpg,kaggle/extracted/train/bewear/1746481545.jpg,train,bewear,1746481545,81a086467b9eff1fdb05923bf3665c371baf9b4bf3facddcff3c718ba0e4097a,224,224,RGB
data/raw/kaggle/extracted/train/bewear/1746524193.jpg,kaggle/extracted/train/bewear/1746524193.jpg,train,bewear,1746524193,31cd13d0eab37d03feb3dc17af32dbe29f585db67cd1150ee0bc118267e554ad,224,224,RGB
data/raw/kaggle/extracted/train/bewear/1746597463.jpg,kaggle/extracted/train/bewear/1746597463.jpg,train,bewear,1746597463,b82db3155fe6988f8315df25bf16befaf3ced1f2555a50098598ef85f3b76def,224,224,RGB
data/raw/kaggle/extracted/train/bewear/1747229249.jpg,kaggle/extracted/train/bewear/1747229249.jpg,train,bewear,1747229249,523a9dc69a263d69a88a167f8d602af8de6d8bbe6187e4ffce6934b7b4571863,224,224,RGB
data/raw/kaggle/extracted/train/bibarel/1745533841.jpg,kaggle/extracted/train/bibarel/1745533841.jpg,train,bibarel,1745533841,785c799a85f5f5ff60b42de926ffdb183b0065876dff4dffdd8eb39cefa2ab49,224,224,RGB
data/raw/kaggle/extracted/train/bibarel/1745569751.jpg,kaggle/extracted/train/bibarel/1745569751.jpg,train,bibarel,1745569751,c222fc7a570ae9df71653b91d0f48993853a15182faad07f39f730151554c031,224,224,RGB
data/raw/kaggle/extracted/train/bibarel/1745648113.jpg,kaggle/extracted/train/bibarel/1745648113.jpg,train,bibarel,1745648113,15e5a6f3c65657f21eb06b0e7ccc5ce772eaccf6c7c85104410a39c553d81e92,224,224,RGB
data/raw/kaggle/extracted/train/bibarel/1745653582.jpg,kaggle/extracted/train/bibarel/1745653582.jpg,train,bibarel,1745653582,fbebb4e2e0a70d00636275c6c024c52cf91751d9c46ca39240aba2a7290935bf,224,224,RGB
data/raw/kaggle/extracted/train/bibarel/1745759045.jpg,kaggle/extracted/train/bibarel/1745759045.jpg,train,bibarel,1745759045,8ec4ff7c1735b829d7687dc949e037f1dc5af5c9060e4200368ef96427213308,224,224,RGB
data/raw/kaggle/extracted/train/bibarel/1745762068.jpg,kaggle/extracted/train/bibarel/1745762068.jpg,train,bibarel,1745762068,8fa6a6358ed10698a64985d03baf2d1f583b6bd1f731d29a31a8f9b326efbd3f,224,224,RGB
data/raw/kaggle/extracted/train/bibarel/1745773075.jpg,kaggle/extracted/train/bibarel/1745773075.jpg,train,bibarel,1745773075,f52a257e0cfbf88888f76494c0c92c7faa754d1dd875dbeb56d87b1ce0f6cc6d,224,224,RGB
data/raw/kaggle/extracted/train/bibarel/1745997183.jpg,kaggle/extracted/train/bibarel/1745997183.jpg,train,bibarel,1745997183,e10caf39d30dc5ff4134e777d0299b889ce4d7d5ad568ba255acb3610ed47fc9,224,224,RGB
data/raw/kaggle/extracted/train/bibarel/1746005794.jpg,kaggle/extracted/train/bibarel/1746005794.jpg,train,bibarel,1746005794,7aedc97c2b9ddec209f80f3273e406fe21e438c1c6da0a0788507d8e9cf58384,224,224,RGB
data/raw/kaggle/extracted/train/bibarel/1746023090.jpg,kaggle/extracted/train/bibarel/1746023090.jpg,train,bibarel,1746023090,8cbc47a7f734300a755cbe072a561f0718f7cbc9783fde88c086e4a6edaaf889,224,224,RGB
data/raw/kaggle/extracted/train/bibarel/1746027890.jpg,kaggle/extracted/train/bibarel/1746027890.jpg,train,bibarel,1746027890,3a79eff6c8ec5fed90b1979ed22e371e01d118e58246c64d0b7438b6a3e39392,224,224,RGB
data/raw/kaggle/extracted/train/bibarel/1746039021.jpg,kaggle/extracted/train/bibarel/1746039021.jpg,train,bibarel,1746039021,631f72b5e07369ca65b4635ef63f0d7a611933ff25426db41a2678ab9d37d64f,224,224,RGB
data/raw/kaggle/extracted/train/bibarel/1746046823.jpg,kaggle/extracted/train/bibarel/1746046823.jpg,train,bibarel,1746046823,3d8e20fef32b0c20253268db177ebda63fc5782e6bc4c9d425a005d43b373364,224,224,RGB
data/raw/kaggle/extracted/train/bibarel/1746047003.jpg,kaggle/extracted/train/bibarel/1746047003.jpg,train,bibarel,1746047003,8224334cf626687071d9c34f3fc0bf8e6a7dd17c2afadf9c703e057b75e57a08,224,224,RGB
data/raw/kaggle/extracted/train/bibarel/1746048935.jpg,kaggle/extracted/train/bibarel/1746048935.jpg,train,bibarel,1746048935,d420bc7cbf48024c340c3588fa090556fb6c7ae34e60da8b5d7444ccc85bc0ca,224,224,RGB
data/raw/kaggle/extracted/train/bibarel/1746117052.jpg,kaggle/extracted/train/bibarel/1746117052.jpg,train,bibarel,1746117052,8d08d55b642fa6a2ba5c096cfd9c3d3ee8c33edc268083e46418dc050de2bbe2,224,224,RGB
data/raw/kaggle/extracted/train/bibarel/1746199439.jpg,kaggle/extracted/train/bibarel/1746199439.jpg,train,bibarel,1746199439,0cc5b9e9d17d54ad931b8026b3adfba143ba2cdef7c28a6507cb84024b3a84aa,224,224,RGB
data/raw/kaggle/extracted/train/bibarel/1746216835.jpg,kaggle/extracted/train/bibarel/1746216835.jpg,train,bibarel,1746216835,7084b43432e934c08fc3854cc9f7b5bf53c3fc8e7d2c8310e6fafe53e5e22156,224,224,RGB
data/raw/kaggle/extracted/train/bibarel/1746226514.jpg,kaggle/extracted/train/bibarel/1746226514.jpg,train,bibarel,1746226514,f0904c37fb85e353f2712f55ba770a44307019fb0228323731411166f0a1b16c,224,224,RGB
data/raw/kaggle/extracted/train/bibarel/1746344958.jpg,kaggle/extracted/train/bibarel/1746344958.jpg,train,bibarel,1746344958,a83ad714a71c840288f90d0ddbe09b7f45f3e0e1ae262e0ece868816aff9b1ee,224,224,RGB
data/raw/kaggle/extracted/train/bibarel/1746383434.jpg,kaggle/extracted/train/bibarel/1746383434.jpg,train,bibarel,1746383434,0818afe0e126f51ad8b2d9cb749d1945421b1dc3bc358f6f134cea64c25dc30e,224,224,RGB
data/raw/kaggle/extracted/train/bibarel/1746432991.jpg,kaggle/extracted/train/bibarel/1746432991.jpg,train,bibarel,1746432991,815810f1dd31bb37cf4ff0e9d5c830920acaa906fe63ff5b90362bd708846d04,224,224,RGB
data/raw/kaggle/extracted/train/bibarel/1746462103.jpg,kaggle/extracted/train/bibarel/1746462103.jpg,train,bibarel,1746462103,e0e933f04a1065e3e18e1f64decc7ca7c9711bb79b2e6777a5f530a8b5ad620b,224,224,RGB
data/raw/kaggle/extracted/train/bibarel/1746526059.jpg,kaggle/extracted/train/bibarel/1746526059.jpg,train,bibarel,1746526059,0594bd1d62efdff2fe2148d2b2760dbfe3cdea6388aa60fbce3b635e32f84701,224,224,RGB
data/raw/kaggle/extracted/train/bibarel/1746527640.jpg,kaggle/extracted/train/bibarel/1746527640.jpg,train,bibarel,1746527640,153b0410ffa1ed8ecac9dad5f23eddd4d18e6dacc99870a99b5356e6658c4a78,224,224,RGB
data/raw/kaggle/extracted/train/bibarel/1746595624.jpg,kaggle/extracted/train/bibarel/1746595624.jpg,train,bibarel,1746595624,53e415824af6e41ab5aea6cda3ab4261e8eb6e102f55e163c0d34db445cf7020,224,224,RGB
data/raw/kaggle/extracted/train/bibarel/1746970378.jpg,kaggle/extracted/train/bibarel/1746970378.jpg,train,bibarel,1746970378,dfcec64886a13569254d8ea39f97e9719dcbd513bdaac323a22770ceb613904e,224,224,RGB
data/raw/kaggle/extracted/train/bidoof/1745389932.jpg,kaggle/extracted/train/bidoof/1745389932.jpg,train,bidoof,1745389932,2452a1f5de9753b42f1b5e78bcc5316d634389fbc72c073eeebb5840d14feea1,224,224,RGB
data/raw/kaggle/extracted/train/bidoof/1745416292.jpg,kaggle/extracted/train/bidoof/1745416292.jpg,train,bidoof,1745416292,9d4c64e0ecb0efe523fe4f33e91ba199d0c97e9eb9d28fd97bf2e9918813eb58,224,224,RGB
data/raw/kaggle/extracted/train/bidoof/1745418926.jpg,kaggle/extracted/train/bidoof/1745418926.jpg,train,bidoof,1745418926,5fccc9c835067a45304169b633d445ed31539674f26bd4b3161254902960c039,224,224,RGB
data/raw/kaggle/extracted/train/bidoof/1745424753.jpg,kaggle/extracted/train/bidoof/1745424753.jpg,train,bidoof,1745424753,a79ef3c41018d9d941ed3bde3cb8e8255a788e14362d7911460bedd1e479db6c,224,224,RGB
data/raw/kaggle/extracted/train/bidoof/1745430850.jpg,kaggle/extracted/train/bidoof/1745430850.jpg,train,bidoof,1745430850,c1574751960fb838611a77c859890a75f7375c82b973d39d2bfb83fd5b4b44c7,224,224,RGB
data/raw/kaggle/extracted/train/bidoof/1745430990.jpg,kaggle/extracted/train/bidoof/1745430990.jpg,train,bidoof,1745430990,788e98b941ca77a671550dbc7110236788d61036c56e7511f4de0492358ce91e,224,224,RGB
data/raw/kaggle/extracted/train/bidoof/1745439656.jpg,kaggle/extracted/train/bidoof/1745439656.jpg,train,bidoof,1745439656,c3b3e59a86210bf711c98e643da4bf44a3d71f0b6b88a3831a422956049408c5,224,224,RGB
data/raw/kaggle/extracted/train/bidoof/1745494158.jpg,kaggle/extracted/train/bidoof/1745494158.jpg,train,bidoof,1745494158,13bf93e3f41fb431931cc8b6e731d0ae15e442334de1dca96c76ee40b57e2fad,224,224,RGB
data/raw/kaggle/extracted/train/bidoof/1745501793.jpg,kaggle/extracted/train/bidoof/1745501793.jpg,train,bidoof,1745501793,b454b80e41bdf6d64cf8b72f488481a4938015b335a4505cc9333bb92d52b59c,224,224,RGB
data/raw/kaggle/extracted/train/bidoof/1745503140.jpg,kaggle/extracted/train/bidoof/1745503140.jpg,train,bidoof,1745503140,8f8ba0cfd0119565e6f428818e3f88b1a649566931c26fedc9e0f0d32fe27e03,224,224,RGB
data/raw/kaggle/extracted/train/bidoof/1745528119.jpg,kaggle/extracted/train/bidoof/1745528119.jpg,train,bidoof,1745528119,abc602e36737aad5ec731fb59ae8005ed0847de1ea19bbb8c5afc55e7e93af89,224,224,RGB
data/raw/kaggle/extracted/train/bidoof/1745530455.jpg,kaggle/extracted/train/bidoof/1745530455.jpg,train,bidoof,1745530455,42b85a7793e822be14323c3a3666bf7d42fcfbdf07d8cd4427b1fc8ba99f55b7,224,224,RGB
data/raw/kaggle/extracted/train/bidoof/1745559177.jpg,kaggle/extracted/train/bidoof/1745559177.jpg,train,bidoof,1745559177,6ed85169412f7e51cab452174e78a1b32cf50272aa6bb9df096ca88582846fa7,224,224,RGB
data/raw/kaggle/extracted/train/bidoof/1745562277.jpg,kaggle/extracted/train/bidoof/1745562277.jpg,train,bidoof,1745562277,17419aba665bf04b0eebaa4f1504dec9bf2c50952f577013d1e25cba82087ccc,224,224,RGB
data/raw/kaggle/extracted/train/bidoof/1745563000.jpg,kaggle/extracted/train/bidoof/1745563000.jpg,train,bidoof,1745563000,92a1b8f664378b829a303887819f9084ebea7338dd1cc5a37784c941191133e0,224,224,RGB
data/raw/kaggle/extracted/train/bidoof/1745566856.jpg,kaggle/extracted/train/bidoof/1745566856.jpg,train,bidoof,1745566856,3984e064e0b7de9f5f4c3f853a4965b241b97d655823e78dada49fb9f4ce76d3,224,224,RGB
data/raw/kaggle/extracted/train/bidoof/1745571633.jpg,kaggle/extracted/train/bidoof/1745571633.jpg,train,bidoof,1745571633,888f10b762c3bcf7e14d86078ea69fef7fa700919c1f690bdc1ad5961437cb81,224,224,RGB
data/raw/kaggle/extracted/train/bidoof/1745589617.jpg,kaggle/extracted/train/bidoof/1745589617.jpg,train,bidoof,1745589617,e9d0d7b97f1bb90898bf8ecd412f958643cd61cc213c5134c7219df448cc4f2f,224,224,RGB
data/raw/kaggle/extracted/train/bidoof/1745597196.jpg,kaggle/extracted/train/bidoof/1745597196.jpg,train,bidoof,1745597196,a53556a0c6ec4e5237e36a20a6f5c2f31550ac485e6d590a3904b43351ae9081,224,224,RGB
data/raw/kaggle/extracted/train/bidoof/1745597695.jpg,kaggle/extracted/train/bidoof/1745597695.jpg,train,bidoof,1745597695,8ca0a358d6a99d5328a9d247dd302f8308a38a408b0f3e6c12a8a72548ace43e,224,224,RGB
data/raw/kaggle/extracted/train/bidoof/1745610867.jpg,kaggle/extracted/train/bidoof/1745610867.jpg,train,bidoof,1745610867,7027619ddd24643a4f832f67acfa51656b427718c849484af785bfdde25b35a7,224,224,RGB
data/raw/kaggle/extracted/train/bidoof/1745651960.jpg,kaggle/extracted/train/bidoof/1745651960.jpg,train,bidoof,1745651960,b30872a660b724e530ed5a896fad95a3082e95adf1d7257c385f7f31fa739e1e,224,224,RGB
data/raw/kaggle/extracted/train/bidoof/1745656399.jpg,kaggle/extracted/train/bidoof/1745656399.jpg,train,bidoof,1745656399,d8b4c9444262ae8383b736dc7970086595475e2282c1f7b8b35154c8706e0f2b,224,224,RGB
data/raw/kaggle/extracted/train/bidoof/1745750877.jpg,kaggle/extracted/train/bidoof/1745750877.jpg,train,bidoof,1745750877,d4b26419913c2c6ec98fa5fdf3ac596eb8add4530f70a46b28cf8835d96f39ee,224,224,RGB
data/raw/kaggle/extracted/train/bidoof/1745751918.jpg,kaggle/extracted/train/bidoof/1745751918.jpg,train,bidoof,1745751918,34718f330247b6ae808df498bb2b50a2584b009c31a8061fc9f241cff41e6cb1,224,224,RGB
data/raw/kaggle/extracted/train/bidoof/1745757554.jpg,kaggle/extracted/train/bidoof/1745757554.jpg,train,bidoof,1745757554,348776a0a8216d133d1a378d4c85781a9523a8c701f367f1c71de5e914f63538,224,224,RGB
data/raw/kaggle/extracted/train/bidoof/1745954829.jpg,kaggle/extracted/train/bidoof/1745954829.jpg,train,bidoof,1745954829,18fae3266fdab26573b147cfdb6a79f40c2cdb45a17cac4565084eff631b3c2f,224,224,RGB
data/raw/kaggle/extracted/train/bidoof/1745956029.jpg,kaggle/extracted/train/bidoof/1745956029.jpg,train,bidoof,1745956029,b2a7fdb224d39b310df4ef8d1b7d29ff970b3181b289225502eb17c8dacb9a8c,224,224,RGB
data/raw/kaggle/extracted/train/bidoof/1745961657.jpg,kaggle/extracted/train/bidoof/1745961657.jpg,train,bidoof,1745961657,33e00688f4c72249e90bfb91ad7d23ffb67ddd556c09d88560ce06ac4e500db8,224,224,RGB
data/raw/kaggle/extracted/train/bidoof/1745964368.jpg,kaggle/extracted/train/bidoof/1745964368.jpg,train,bidoof,1745964368,896f4f72d4954ce43aa39cc9e7b8e024ee8037a40d7fe8cb69ad0a5eac733dac,224,224,RGB
data/raw/kaggle/extracted/train/bidoof/1745982245.jpg,kaggle/extracted/train/bidoof/1745982245.jpg,train,bidoof,1745982245,49f19181db4850c48eaa9740d142446fe5c5d8742d9c283b2219600edd631830,224,224,RGB
data/raw/kaggle/extracted/train/bidoof/1745990748.jpg,kaggle/extracted/train/bidoof/1745990748.jpg,train,bidoof,1745990748,8ebead3e1c2b1fe52410f8d2fa6d99925a6f25a0b654d2e6cbce52b2fe52487b,224,224,RGB
data/raw/kaggle/extracted/train/bidoof/1745994234.jpg,kaggle/extracted/train/bidoof/1745994234.jpg,train,bidoof,1745994234,f7979e0084899b642c1066ffb1568f110b13f04ee4e91e3fad23dda7473be07c,224,224,RGB
data/raw/kaggle/extracted/train/bidoof/1745995588.jpg,kaggle/extracted/train/bidoof/1745995588.jpg,train,bidoof,1745995588,2233467d2d03f1b904c9b450cadf2cda61192b589d30119c8b21505c9880ac2c,224,224,RGB
data/raw/kaggle/extracted/train/bidoof/1745996318.jpg,kaggle/extracted/train/bidoof/1745996318.jpg,train,bidoof,1745996318,47bd2536858a11c65907abfe37607eaae21110c0c6c936cf0d987f55eb76a9eb,224,224,RGB
data/raw/kaggle/extracted/train/bidoof/1745996368.jpg,kaggle/extracted/train/bidoof/1745996368.jpg,train,bidoof,1745996368,bb930f42e05ae4909e3d6a7320a886eafb00985ff54fca3c16812fdcf0dac444,224,224,RGB
data/raw/kaggle/extracted/train/bidoof/1745999033.jpg,kaggle/extracted/train/bidoof/1745999033.jpg,train,bidoof,1745999033,36fd9c07925ce53310a350514e9204c25a93e51286d7eaa30a231f3bacd946ec,224,224,RGB
data/raw/kaggle/extracted/train/bidoof/1746005513.jpg,kaggle/extracted/train/bidoof/1746005513.jpg,train,bidoof,1746005513,6e8af377159e6bf65bfd570b9b8f3703f600e3f90ab94bf8c1cef6202fd46946,224,224,RGB
data/raw/kaggle/extracted/train/bidoof/1746007415.jpg,kaggle/extracted/train/bidoof/1746007415.jpg,train,bidoof,1746007415,69f276cd9c90beb0a8e088b31e972c8fea37215a522aa64a184aae5570a958a7,224,224,RGB
data/raw/kaggle/extracted/train/bidoof/1746017042.jpg,kaggle/extracted/train/bidoof/1746017042.jpg,train,bidoof,1746017042,234ef5f34f45626bb12fd49af775df3d50c9d28e521970a7273b0c93eceabf44,224,224,RGB
data/raw/kaggle/extracted/train/bidoof/1746039847.jpg,kaggle/extracted/train/bidoof/1746039847.jpg,train,bidoof,1746039847,d82935ad5b8197daee61dc2ae0b92b2d1a31fd9b4dbdc4764085c0e4c6f753bc,224,224,RGB
data/raw/kaggle/extracted/train/bidoof/1746040445.jpg,kaggle/extracted/train/bidoof/1746040445.jpg,train,bidoof,1746040445,b41cf00aecb384f4abfdf3d843f42b5799663927624042b1ad650b2e2abeb627,224,224,RGB
data/raw/kaggle/extracted/train/bidoof/1746040520.jpg,kaggle/extracted/train/bidoof/1746040520.jpg,train,bidoof,1746040520,5d0a5fe801481552985d76ca69dd44ca9b3a69a5dc371ee8c660ac971bdc5859,224,224,RGB
data/raw/kaggle/extracted/train/bidoof/1746116068.jpg,kaggle/extracted/train/bidoof/1746116068.jpg,train,bidoof,1746116068,2aa4e61cf640684ad10eeaa4e76e38aa2dc727e6e2534fca61c44e968c8cd1f0,224,224,RGB
data/raw/kaggle/extracted/train/bidoof/1746121843.jpg,kaggle/extracted/train/bidoof/1746121843.jpg,train,bidoof,1746121843,de2c8dd7e710e7becec21a7a1b137338f29584bc8639bc0f25a1bb0aca26478b,224,224,RGB
data/raw/kaggle/extracted/train/bidoof/1746122128.jpg,kaggle/extracted/train/bidoof/1746122128.jpg,train,bidoof,1746122128,4948290bf9dfb76ae68ac5030bf0ca6b058f0367b281d747bd398f5de100a9ec,224,224,RGB
data/raw/kaggle/extracted/train/bidoof/1746122128_hflip_vflip_sat1.56.jpg,kaggle/extracted/train/bidoof/1746122128_hflip_vflip_sat1.56.jpg,train,bidoof,1746122128,902dabcee4a143ca9cb531d2f9286f6b8288c26913a1d18187f47b0414b8f1a6,224,224,RGB
data/raw/kaggle/extracted/train/bidoof/1746134198.jpg,kaggle/extracted/train/bidoof/1746134198.jpg,train,bidoof,1746134198,7ee7525512005c83b2ae674eea07ec3d190c91932ecfdfd1542c250bfc3f346b,224,224,RGB
data/raw/kaggle/extracted/train/bidoof/1746208015.jpg,kaggle/extracted/train/bidoof/1746208015.jpg,train,bidoof,1746208015,d1b8676035fac0db6cf90d02bef3543d8f66be080a109c05bb7ad1506514368c,224,224,RGB
data/raw/kaggle/extracted/train/bidoof/1746257915.jpg,kaggle/extracted/train/bidoof/1746257915.jpg,train,bidoof,1746257915,fd34c95b29f5a80c8dfab5f410e26bd78481ec1e0713e66c88165ffdc3156773,224,224,RGB
data/raw/kaggle/extracted/train/bidoof/1746258547.jpg,kaggle/extracted/train/bidoof/1746258547.jpg,train,bidoof,1746258547,9755cccbfea69f81b7b92ec26133aff33627155fbdeeefecde19924e10ad56fe,224,224,RGB
data/raw/kaggle/extracted/train/bidoof/1746345992.jpg,kaggle/extracted/train/bidoof/1746345992.jpg,train,bidoof,1746345992,ac697c87873d7790259ed809041e7263e9ac4c857ba91215b30845aa8af3a6f1,224,224,RGB
data/raw/kaggle/extracted/train/bidoof/1746349370.jpg,kaggle/extracted/train/bidoof/1746349370.jpg,train,bidoof,1746349370,18e91ff90ac551a2d36038c84886c965227a4f4a19bc0c649985faed5976a6b3,224,224,RGB
data/raw/kaggle/extracted/train/bidoof/1746352895.jpg,kaggle/extracted/train/bidoof/1746352895.jpg,train,bidoof,1746352895,9dff1a6dc5b967b8eaafdd5dc74bbb2f0d4d892e8768b0b8a38f7db44b476db7,224,224,RGB
data/raw/kaggle/extracted/train/bidoof/1746381809.jpg,kaggle/extracted/train/bidoof/1746381809.jpg,train,bidoof,1746381809,18dcc384d633776ce44e67a17c187897fe6f0a9ddcdef08a6843715194aa652d,224,224,RGB
data/raw/kaggle/extracted/train/bidoof/1746382382.jpg,kaggle/extracted/train/bidoof/1746382382.jpg,train,bidoof,1746382382,a712eae20a0929c585393f99c64d0af7b6dc26f6cb23adadc15ba5ecd0ab9f6a,224,224,RGB
data/raw/kaggle/extracted/train/bidoof/1746386232.jpg,kaggle/extracted/train/bidoof/1746386232.jpg,train,bidoof,1746386232,772cd0741653b2fb91b646cbdacccf644259b744530e3eec982d82e30016bf68,224,224,RGB
data/raw/kaggle/extracted/train/bidoof/1746388030.jpg,kaggle/extracted/train/bidoof/1746388030.jpg,train,bidoof,1746388030,0062f345940579f3b3bc7c8c5fcd7d0d07762cdadd5647cade9d6b0881e402c4,224,224,RGB
data/raw/kaggle/extracted/train/bidoof/1746397274.jpg,kaggle/extracted/train/bidoof/1746397274.jpg,train,bidoof,1746397274,877db9ed73d769dc636cc33bb6ecfc846c7e4c889bc71ab5e005b29b8f51b45a,224,224,RGB
data/raw/kaggle/extracted/train/bidoof/1746427928.jpg,kaggle/extracted/train/bidoof/1746427928.jpg,train,bidoof,1746427928,dd18b3e916826d13deb4e7833f813c29aadc7b00cafbdab0444e80c635deeb04,224,224,RGB
data/raw/kaggle/extracted/train/bidoof/1746429751.jpg,kaggle/extracted/train/bidoof/1746429751.jpg,train,bidoof,1746429751,8d36f9fa5957b05876c5b7e6b8de1a0defce1a9babadc6d1170d1488dabe9292,224,224,RGB
data/raw/kaggle/extracted/train/bidoof/1746431601.jpg,kaggle/extracted/train/bidoof/1746431601.jpg,train,bidoof,1746431601,796f97893d56fd6fb1e66a346dc6845fbe09a2ec3ee51ea45d74400465f892dd,224,224,RGB
data/raw/kaggle/extracted/train/bidoof/1746432238.jpg,kaggle/extracted/train/bidoof/1746432238.jpg,train,bidoof,1746432238,a2566805494796f4ceb6579c73e77235abcfcff136231c353a67a8b08d1872b6,224,224,RGB
data/raw/kaggle/extracted/train/bidoof/1746432412.jpg,kaggle/extracted/train/bidoof/1746432412.jpg,train,bidoof,1746432412,a83993fef353052af06bca0f56ad4450642cc09e8612583807543f0519fa40c9,224,224,RGB
data/raw/kaggle/extracted/train/bidoof/1746433983.jpg,kaggle/extracted/train/bidoof/1746433983.jpg,train,bidoof,1746433983,b723bfe4974103416dc8abc64568a5f8394a44132003bec5f24e42b4df1e7424,224,224,RGB
data/raw/kaggle/extracted/train/bidoof/1746434552.jpg,kaggle/extracted/train/bidoof/1746434552.jpg,train,bidoof,1746434552,1affadb5e8937fc9844294afd8f7a89d6dbe4c60d5b9ccf7a76df79b8e1ab98c,224,224,RGB
data/raw/kaggle/extracted/train/bidoof/1746439472.jpg,kaggle/extracted/train/bidoof/1746439472.jpg,train,bidoof,1746439472,70d6d2e4fc85542080cd01c2d343ec0514e2fc09fc6fd172856641502f8e92fa,224,224,RGB
data/raw/kaggle/extracted/train/bidoof/1746440601.jpg,kaggle/extracted/train/bidoof/1746440601.jpg,train,bidoof,1746440601,a7db611576275b4af61af1290d09f5ee2848a6eee37875587c4e67e03dc30716,224,224,RGB
data/raw/kaggle/extracted/train/bidoof/1746442678.jpg,kaggle/extracted/train/bidoof/1746442678.jpg,train,bidoof,1746442678,2c26438f0d31ca0bf59da1508e9dfa65f6e78519ca0934a7e758ed0b3883b9a7,224,224,RGB
data/raw/kaggle/extracted/train/bidoof/1746448095.jpg,kaggle/extracted/train/bidoof/1746448095.jpg,train,bidoof,1746448095,3b97273e334a01884e47148c2dfc5d1df4f0957986b320a2b3e380d54c9eb853,224,224,RGB
data/raw/kaggle/extracted/train/bidoof/1746462416.jpg,kaggle/extracted/train/bidoof/1746462416.jpg,train,bidoof,1746462416,a3649beff12fe8159facf2a1397300c51619b275c3c4ec309559c7d3f9840da3,224,224,RGB
data/raw/kaggle/extracted/train/bidoof/1746465458.jpg,kaggle/extracted/train/bidoof/1746465458.jpg,train,bidoof,1746465458,b86f2265bf8436f1cf5734c4523857dab906ec07b9180258935c5878930bcb2e,224,224,RGB
data/raw/kaggle/extracted/train/bidoof/1746471342.jpg,kaggle/extracted/train/bidoof/1746471342.jpg,train,bidoof,1746471342,0457e6484801f7d00a364c871db9e9f34dbef4e4a6be251be598e2aad6f9010d,224,224,RGB
data/raw/kaggle/extracted/train/binacle/1745386810.jpg,kaggle/extracted/train/binacle/1745386810.jpg,train,binacle,1745386810,e54cbe930ee161966c13f5da9cf687c41bd6e0c4eeebf165d8fd5f162e4cdb58,224,224,RGB
data/raw/kaggle/extracted/train/binacle/1745411733.jpg,kaggle/extracted/train/binacle/1745411733.jpg,train,binacle,1745411733,d64d599985306bc1afeae7a4935ad931c11a7d004b7c3d2bbee0c723c7d6dee3,224,224,RGB
data/raw/kaggle/extracted/train/binacle/1745414100.jpg,kaggle/extracted/train/binacle/1745414100.jpg,train,binacle,1745414100,4e784d823ad96b86256e1003ef596d90f1ad87bf6f8b229027f042f7f0bcae16,224,224,RGB
data/raw/kaggle/extracted/train/binacle/1745414692.jpg,kaggle/extracted/train/binacle/1745414692.jpg,train,binacle,1745414692,2835759a0ded8f904576ecb9dfec8b73bd23b001153d02b1b68e208b22b3312b,224,224,RGB
data/raw/kaggle/extracted/train/binacle/1745416475.jpg,kaggle/extracted/train/binacle/1745416475.jpg,train,binacle,1745416475,353090fad0dd7a5677a689fa04fa78a706655f1414b033d8beeab9438cae2d9f,224,224,RGB
data/raw/kaggle/extracted/train/binacle/1745434236.jpg,kaggle/extracted/train/binacle/1745434236.jpg,train,binacle,1745434236,c1af4f46cb9aed1ed8f70878ff165fa57206748c51d900ad0b6bb47d4ede77a8,224,224,RGB
data/raw/kaggle/extracted/train/binacle/1745499645.jpg,kaggle/extracted/train/binacle/1745499645.jpg,train,binacle,1745499645,e00b34e93818338fa735e85a126fad59e797edbc00ee51686d4c40dbbd809a99,224,224,RGB
data/raw/kaggle/extracted/train/binacle/1745506157.jpg,kaggle/extracted/train/binacle/1745506157.jpg,train,binacle,1745506157,79524c7118a8e51d391acf33861519055de206a39dead8398a555353038be0d6,224,224,RGB
data/raw/kaggle/extracted/train/binacle/1745526439.jpg,kaggle/extracted/train/binacle/1745526439.jpg,train,binacle,1745526439,a683913abd1888b59bfd10fe6522a58fe6daf1fc85356522ba951356d83c208b,224,224,RGB
data/raw/kaggle/extracted/train/binacle/1745536109.jpg,kaggle/extracted/train/binacle/1745536109.jpg,train,binacle,1745536109,171d7fbb82548204383b9b64f6f07efb6a24294d3e222c07f5c8ea68b6e36082,224,224,RGB
data/raw/kaggle/extracted/train/binacle/1745566919.jpg,kaggle/extracted/train/binacle/1745566919.jpg,train,binacle,1745566919,8e131891cf507682ddf667d9cd17825319989426dc61cfdcfa018685809d839f,224,224,RGB
data/raw/kaggle/extracted/train/binacle/1745571177.jpg,kaggle/extracted/train/binacle/1745571177.jpg,train,binacle,1745571177,de75a7a38ee6c2f0dd596b3e62ee96b4a57884b8e5a4f20232881f58505bb380,224,224,RGB
data/raw/kaggle/extracted/train/binacle/1745573050.jpg,kaggle/extracted/train/binacle/1745573050.jpg,train,binacle,1745573050,d88f6a002ef06b49e84bfd589d8c7d7ebae07405f197498a1194c6222a9d404a,224,224,RGB
data/raw/kaggle/extracted/train/binacle/1745652289.jpg,kaggle/extracted/train/binacle/1745652289.jpg,train,binacle,1745652289,774e858a69ba5aad5819c414632c44bc2724f0c782474f352996515cac1ab2b7,224,224,RGB
data/raw/kaggle/extracted/train/binacle/1745652841.jpg,kaggle/extracted/train/binacle/1745652841.jpg,train,binacle,1745652841,ce7d1220353ce1d8a046b97d5a54496885a59bc3c5e9300c1994955effbad015,224,224,RGB
data/raw/kaggle/extracted/train/binacle/1745664661.jpg,kaggle/extracted/train/binacle/1745664661.jpg,train,binacle,1745664661,9faec11258a6a78aabb2e763d6daf6781d8062966faa0381f355cba1515f97da,224,224,RGB
data/raw/kaggle/extracted/train/binacle/1745762167.jpg,kaggle/extracted/train/binacle/1745762167.jpg,train,binacle,1745762167,0d7ef90a4885f11105644899720c7f926b8853e9f40457ac6b9ab6bc711c07e9,224,224,RGB
data/raw/kaggle/extracted/train/binacle/1745764604.jpg,kaggle/extracted/train/binacle/1745764604.jpg,train,binacle,1745764604,84d2c82e924c53ba126eef961ecd9da0e236eff459000b56475ef4cbb16d8e36,224,224,RGB
data/raw/kaggle/extracted/train/binacle/1745777430.jpg,kaggle/extracted/train/binacle/1745777430.jpg,train,binacle,1745777430,9403d6e419942ff1f7d986282b675e3b385220abcdb8b809191c0dd36ff75635,224,224,RGB
data/raw/kaggle/extracted/train/binacle/1745864028.jpg,kaggle/extracted/train/binacle/1745864028.jpg,train,binacle,1745864028,2136c9fcb05d131226fac66fad4318b0e36d45f7018946d8e5d89d025118f20b,224,224,RGB
data/raw/kaggle/extracted/train/binacle/1745955078.jpg,kaggle/extracted/train/binacle/1745955078.jpg,train,binacle,1745955078,2928dc462a5b5c6d89dc11db1d96c0d5cdc5550287747d732d8eeb5f44f0d284,224,224,RGB
data/raw/kaggle/extracted/train/binacle/1745956180.jpg,kaggle/extracted/train/binacle/1745956180.jpg,train,binacle,1745956180,90c7aa3d7b81697eecfb1b7af7ea517a1e8edaa47100717f0ce9dc59b86b32ff,224,224,RGB
data/raw/kaggle/extracted/train/binacle/1745960309.jpg,kaggle/extracted/train/binacle/1745960309.jpg,train,binacle,1745960309,e8ce67ac4f4279a970e2ab5f65c0b9cfff7228c42f9416a117c3d016efea32a1,224,224,RGB
data/raw/kaggle/extracted/train/binacle/1745963428.jpg,kaggle/extracted/train/binacle/1745963428.jpg,train,binacle,1745963428,c1d28ca56a586086caae45221e6cb2557edc8beabdafd38ca0dc67844a49915f,224,224,RGB
data/raw/kaggle/extracted/train/binacle/1745964329.jpg,kaggle/extracted/train/binacle/1745964329.jpg,train,binacle,1745964329,bfa8a5a06477870f1ec0c048c0d31ecca404ceac4465df3c952425f5ce7e0ec6,224,224,RGB
data/raw/kaggle/extracted/train/binacle/1745983084.jpg,kaggle/extracted/train/binacle/1745983084.jpg,train,binacle,1745983084,636115616ea325d2a6a009799364f6b0f769e1b7e5f674360e7571aacdef72ce,224,224,RGB
data/raw/kaggle/extracted/train/binacle/1745988955.jpg,kaggle/extracted/train/binacle/1745988955.jpg,train,binacle,1745988955,1e2325591f60a0e436e1c3698dbaae40e67ac6f0988ef4a7a8822034b85fe12e,224,224,RGB
data/raw/kaggle/extracted/train/binacle/1745992567.jpg,kaggle/extracted/train/binacle/1745992567.jpg,train,binacle,1745992567,14a09e17a836141fafc5667f7aac84b25804ecc91842a55717d1edb047de7b59,224,224,RGB
data/raw/kaggle/extracted/train/binacle/1745994648.jpg,kaggle/extracted/train/binacle/1745994648.jpg,train,binacle,1745994648,f29b6c3f7fb6c7e50557b81b781fee728155360bdbfc91ac584f3ae3039984a2,224,224,RGB
data/raw/kaggle/extracted/train/binacle/1745995354.jpg,kaggle/extracted/train/binacle/1745995354.jpg,train,binacle,1745995354,66436a46115b2c60dc851eb2b60278b7e865b0e02c70eaf57c267d48c36c055d,224,224,RGB
data/raw/kaggle/extracted/train/binacle/1745997028.jpg,kaggle/extracted/train/binacle/1745997028.jpg,train,binacle,1745997028,2ce525e9acbe718e1f891934dda95beda10fb44a06406065db2fffd085270d2a,224,224,RGB
data/raw/kaggle/extracted/train/binacle/1746043842.jpg,kaggle/extracted/train/binacle/1746043842.jpg,train,binacle,1746043842,d290b38d5514506901e18f621ddc71dbdb31283190dc2d0fcecccd87641afd5c,224,224,RGB
data/raw/kaggle/extracted/train/binacle/1746049745.jpg,kaggle/extracted/train/binacle/1746049745.jpg,train,binacle,1746049745,aa3914199d4769ea5372294a0910f53dfa54a6815ebf64964cb2c859ddf6ce9e,224,224,RGB
data/raw/kaggle/extracted/train/binacle/1746055865.jpg,kaggle/extracted/train/binacle/1746055865.jpg,train,binacle,1746055865,ed01ce347e17367556cfb8e39a7a71a838d4308d7e4b4103723aa06262cd8d7a,224,224,RGB
data/raw/kaggle/extracted/train/binacle/1746055865_sat0.38.jpg,kaggle/extracted/train/binacle/1746055865_sat0.38.jpg,train,binacle,1746055865,5a92aa4ae19f28509ac05ddfedea438e481213fcc566dab7cfdec2f55dcbf5c6,224,224,RGB
data/raw/kaggle/extracted/train/binacle/1746056009.jpg,kaggle/extracted/train/binacle/1746056009.jpg,train,binacle,1746056009,fc9589df74f55e7787d8590e5a9d626fbf6e747a4cf36fb15c627bddf082fee2,224,224,RGB
data/raw/kaggle/extracted/train/binacle/1746116303.jpg,kaggle/extracted/train/binacle/1746116303.jpg,train,binacle,1746116303,391378228a6afab092fb5f64b5ee8a03a452da4aa030da0f563f92f01448e58f,224,224,RGB
data/raw/kaggle/extracted/train/binacle/1746118284.jpg,kaggle/extracted/train/binacle/1746118284.jpg,train,binacle,1746118284,65ac5ffc7ef05c7a1931cc6ab995b76b7f83dd358e788b83a9b98eb845dcaa1f,224,224,RGB
data/raw/kaggle/extracted/train/binacle/1746118922.jpg,kaggle/extracted/train/binacle/1746118922.jpg,train,binacle,1746118922,6191d152f84bbd9aa9424a69536b96d0c259a0b5c7a3e95dce108d9084ca0052,224,224,RGB
data/raw/kaggle/extracted/train/binacle/1746119463.jpg,kaggle/extracted/train/binacle/1746119463.jpg,train,binacle,1746119463,04592b7a6f45b05d25e1b4680586c0c51b99e27e7998f12dee588316579f3bf9,224,224,RGB
data/raw/kaggle/extracted/train/binacle/1746120577.jpg,kaggle/extracted/train/binacle/1746120577.jpg,train,binacle,1746120577,541d305d6bbe585d6fad337fa9408ea85fc9efda8ba898ad7b32c580fb40ea09,224,224,RGB
data/raw/kaggle/extracted/train/binacle/1746120786.jpg,kaggle/extracted/train/binacle/1746120786.jpg,train,binacle,1746120786,3780a25ba2dfcc45ef019db395386c78fc3a8828a2dcc86153fffde83580e7ab,224,224,RGB
data/raw/kaggle/extracted/train/binacle/1746122518.jpg,kaggle/extracted/train/binacle/1746122518.jpg,train,binacle,1746122518,d6d80bf2ab81e0bc6d19e401236068c79bf87fb58f7c1fa95fc16b4606c096f4,224,224,RGB
data/raw/kaggle/extracted/train/binacle/1746123303.jpg,kaggle/extracted/train/binacle/1746123303.jpg,train,binacle,1746123303,4b4deaee630c7d63f4df72b68071f983f058a5ed8ea3d9bb8e317907f15f6dbb,224,224,RGB
data/raw/kaggle/extracted/train/binacle/1746129905.jpg,kaggle/extracted/train/binacle/1746129905.jpg,train,binacle,1746129905,2448620178b3bf40064fd5a3639ccc58c67434e0414ba3fd76c30baaa7556cdb,224,224,RGB
data/raw/kaggle/extracted/train/binacle/1746131175.jpg,kaggle/extracted/train/binacle/1746131175.jpg,train,binacle,1746131175,a0466f510df0da97e15410fc582faf7f419d6eebc9e155e344b4b496d17d64ff,224,224,RGB
data/raw/kaggle/extracted/train/binacle/1746134777.jpg,kaggle/extracted/train/binacle/1746134777.jpg,train,binacle,1746134777,fe1cca0d1ee355f48fb6dc8491e3e16deb23756d22e490dcf6a6a49a01206422,224,224,RGB
data/raw/kaggle/extracted/train/binacle/1746150037.jpg,kaggle/extracted/train/binacle/1746150037.jpg,train,binacle,1746150037,bbf24eb8fe02dde304d62c0f238ea148d5fe944da58218916dd1264845245f1a,224,224,RGB
data/raw/kaggle/extracted/train/binacle/1746208408.jpg,kaggle/extracted/train/binacle/1746208408.jpg,train,binacle,1746208408,f4c5037e29cdcf4eb9ffe4fa10dfbe9a9c33b4e20baa2ebb602d7a87d521e7c1,224,224,RGB
data/raw/kaggle/extracted/train/binacle/1746211528.jpg,kaggle/extracted/train/binacle/1746211528.jpg,train,binacle,1746211528,4a230408c43da6967d2f3ffe86b0a4aa46edd40f0de9387a82193e26d7b5ac0d,224,224,RGB
data/raw/kaggle/extracted/train/binacle/1746253153.jpg,kaggle/extracted/train/binacle/1746253153.jpg,train,binacle,1746253153,4e7a240259ab1d880624bfb4efa40de2158d8babd3578380c2a247900e37b7d3,224,224,RGB
data/raw/kaggle/extracted/train/binacle/1746256775.jpg,kaggle/extracted/train/binacle/1746256775.jpg,train,binacle,1746256775,b6720ee2851cbd772dc615fb5e906cac5b993aeef2b04fe200cc5a782d9a0cc7,224,224,RGB
data/raw/kaggle/extracted/train/binacle/1746269113.jpg,kaggle/extracted/train/binacle/1746269113.jpg,train,binacle,1746269113,5acc7a36d07fe10bf169e6ee80a3657d81ae50335e742823cfce3afa5e287e10,224,224,RGB
data/raw/kaggle/extracted/train/binacle/1746342402.jpg,kaggle/extracted/train/binacle/1746342402.jpg,train,binacle,1746342402,2a9827cfdecb086525ea4fe85217a26d1988f4d6d2f2664e3c7e3b1edb5ab9c6,224,224,RGB
data/raw/kaggle/extracted/train/binacle/1746348058.jpg,kaggle/extracted/train/binacle/1746348058.jpg,train,binacle,1746348058,8031e1d46d4feaa3067a4cd53cd677516057e2fc1bd8d92722cc43c448c055d8,224,224,RGB
data/raw/kaggle/extracted/train/binacle/1746348457.jpg,kaggle/extracted/train/binacle/1746348457.jpg,train,binacle,1746348457,076717efcdeb8d4d1faeb194630693f10f64f333d553384c8d5ac2e5dfcb9043,224,224,RGB
data/raw/kaggle/extracted/train/binacle/1746350213.jpg,kaggle/extracted/train/binacle/1746350213.jpg,train,binacle,1746350213,8cd8f9e65af6337614b12c9c1cf17600788f3f9645c3414bf1b91819a7eb2073,224,224,RGB
data/raw/kaggle/extracted/train/binacle/1746379802.jpg,kaggle/extracted/train/binacle/1746379802.jpg,train,binacle,1746379802,d25f0027a7f6fee2b8d8cf434294f08a37b7c795a4c0ba025c3854da984cef2c,224,224,RGB
data/raw/kaggle/extracted/train/binacle/1746380302.jpg,kaggle/extracted/train/binacle/1746380302.jpg,train,binacle,1746380302,509bc8f3b91faede8b090bb64868e0318ce409bee6db984483a714c60f73c869,224,224,RGB
data/raw/kaggle/extracted/train/binacle/1746380303.jpg,kaggle/extracted/train/binacle/1746380303.jpg,train,binacle,1746380303,7c5aa3d702695f34faa6acb9d0800aa7589fec70ba819dcdb2e3500264eedd21,224,224,RGB
data/raw/kaggle/extracted/train/binacle/1746383168.jpg,kaggle/extracted/train/binacle/1746383168.jpg,train,binacle,1746383168,05c58c19fd99eb54497ff36262f1b83366f434bf4f6b0f06c82585945c6eb261,224,224,RGB
data/raw/kaggle/extracted/train/binacle/1746386712.jpg,kaggle/extracted/train/binacle/1746386712.jpg,train,binacle,1746386712,070d665cd8ee4fc98a1d4b1504b131101f9297dd608387b34ca4510f9f17cd6d,224,224,RGB
data/raw/kaggle/extracted/train/binacle/1746387632.jpg,kaggle/extracted/train/binacle/1746387632.jpg,train,binacle,1746387632,b109ed787f97bbc21a238083dd63335c4dbb9daaec89560f79041209b4fa5cf3,224,224,RGB
data/raw/kaggle/extracted/train/binacle/1746389882.jpg,kaggle/extracted/train/binacle/1746389882.jpg,train,binacle,1746389882,0811a8fd7b04921693d5f2175a0c1b504cd26ad82d9abcdb174481f74e622088,224,224,RGB
data/raw/kaggle/extracted/train/binacle/1746393453.jpg,kaggle/extracted/train/binacle/1746393453.jpg,train,binacle,1746393453,5f0e8109d6a80ab27b052b215c569103e0e42a9adebdb7c39e9b4e12332ac443,224,224,RGB
data/raw/kaggle/extracted/train/binacle/1746429198.jpg,kaggle/extracted/train/binacle/1746429198.jpg,train,binacle,1746429198,cd8bce18e2d3ac375980719d7c0496d7ac6b7e2670d690dc28beb7e651464a4a,224,224,RGB
data/raw/kaggle/extracted/train/binacle/1746430472.jpg,kaggle/extracted/train/binacle/1746430472.jpg,train,binacle,1746430472,6787a0116bdf4ab09fcea7c346050fd164e14fe15893d4a864b0d6f0dca69a0e,224,224,RGB
data/raw/kaggle/extracted/train/binacle/1746430812.jpg,kaggle/extracted/train/binacle/1746430812.jpg,train,binacle,1746430812,a8f169c1f9ab8651a5f3dab80ed010e4e9936dd4ddc421e09a0090effd3f5e08,224,224,RGB
data/raw/kaggle/extracted/train/binacle/1746433498.jpg,kaggle/extracted/train/binacle/1746433498.jpg,train,binacle,1746433498,f2dda29f50c62cc3b93647cd06e36965260fbdbfaf97191b43734a28479235a9,224,224,RGB
data/raw/kaggle/extracted/train/binacle/1746434812.jpg,kaggle/extracted/train/binacle/1746434812.jpg,train,binacle,1746434812,949aa1d9242b4a5550e18cfdd0a04f525543387d725773c72ff4e9044dc2e853,224,224,RGB
data/raw/kaggle/extracted/train/binacle/1746438815.jpg,kaggle/extracted/train/binacle/1746438815.jpg,train,binacle,1746438815,4836a377cf51dd8ca71278e03debbfae6be8018c7def670c5b2571ba26e35797,224,224,RGB
data/raw/kaggle/extracted/train/binacle/1746439744.jpg,kaggle/extracted/train/binacle/1746439744.jpg,train,binacle,1746439744,13850f871d12931f55613cd85dc6d2898dd43fa4c4b2b729ee3f129e49644408,224,224,RGB
data/raw/kaggle/extracted/train/bisharp/1745424958.jpg,kaggle/extracted/train/bisharp/1745424958.jpg,train,bisharp,1745424958,b8a3bba511e5954af884db05c22965ef63d1ab9f13aeb8ea15efcb0b98865b33,224,224,RGB
data/raw/kaggle/extracted/train/bisharp/1745428016.jpg,kaggle/extracted/train/bisharp/1745428016.jpg,train,bisharp,1745428016,fb7481f5a6eea043c96260ce24008b8724faed79af4f2fc24f0eb274d185dd88,224,224,RGB
data/raw/kaggle/extracted/train/bisharp/1745494216.jpg,kaggle/extracted/train/bisharp/1745494216.jpg,train,bisharp,1745494216,a851b3069466a93c9f25d7401af619267f8243ff74736dfdd75b460c4d195685,224,224,RGB
data/raw/kaggle/extracted/train/bisharp/1745558474.jpg,kaggle/extracted/train/bisharp/1745558474.jpg,train,bisharp,1745558474,ad850c978d313bd0e4c91821cd12dcd11dc6f676d387f0c3fcb73a8db3b84c8f,224,224,RGB
data/raw/kaggle/extracted/train/bisharp/1745654421.jpg,kaggle/extracted/train/bisharp/1745654421.jpg,train,bisharp,1745654421,ff2b7544dab2f61061857e9d7bce705cee6a05ded6be01c9bdd23d7919581a92,224,224,RGB
data/raw/kaggle/extracted/train/bisharp/1745777890.jpg,kaggle/extracted/train/bisharp/1745777890.jpg,train,bisharp,1745777890,ffc30ea35860047033f2717902aef6b2df66f37b7b2b3f02102907ac516a0592,224,224,RGB
data/raw/kaggle/extracted/train/bisharp/1745962097.jpg,kaggle/extracted/train/bisharp/1745962097.jpg,train,bisharp,1745962097,95d9c822799b5301a749f3b40348c9713df94cfb511874dc50aaf4a82e5ec03f,224,224,RGB
data/raw/kaggle/extracted/train/bisharp/1745973065.jpg,kaggle/extracted/train/bisharp/1745973065.jpg,train,bisharp,1745973065,cda50a996dca5a566f2856528df773672755b6ad2239e36f9358aa397a01c8b9,224,224,RGB
data/raw/kaggle/extracted/train/bisharp/1745987452.jpg,kaggle/extracted/train/bisharp/1745987452.jpg,train,bisharp,1745987452,355a59574b1af3a7dd547b678c191c2e6edf8d1c923101709a39f1210d02de24,224,224,RGB
data/raw/kaggle/extracted/train/bisharp/1746018305.jpg,kaggle/extracted/train/bisharp/1746018305.jpg,train,bisharp,1746018305,369364c1e3b9ba7850683806b9b681b130e40315f93f4529e01f26396061bbde,224,224,RGB
data/raw/kaggle/extracted/train/bisharp/1746122180.jpg,kaggle/extracted/train/bisharp/1746122180.jpg,train,bisharp,1746122180,52bd48b0257a530a72f8585775859dac1d3f4b219ba2b9abae54153b731b3a5f,224,224,RGB
data/raw/kaggle/extracted/train/bisharp/1746123323.jpg,kaggle/extracted/train/bisharp/1746123323.jpg,train,bisharp,1746123323,a8240ef968a2565503b71b64f2520c21238807138e71e3788364726ae90f09d5,224,224,RGB
data/raw/kaggle/extracted/train/bisharp/1746132122.jpg,kaggle/extracted/train/bisharp/1746132122.jpg,train,bisharp,1746132122,daf90d52a0c5e4c86dff7b4817d1e4f11b31a59f407e8ca62d3fcb8841c55759,224,224,RGB
data/raw/kaggle/extracted/train/bisharp/1746135273.jpg,kaggle/extracted/train/bisharp/1746135273.jpg,train,bisharp,1746135273,69eec2181de06a577f46e33685b1279afcb31679d62c54a7cd7f93489fc70699,224,224,RGB
data/raw/kaggle/extracted/train/bisharp/1746150367.jpg,kaggle/extracted/train/bisharp/1746150367.jpg,train,bisharp,1746150367,5f6d551ee662bad65bdc08b3ff3bacec2a6d675977beb3469cedac35fb8dfd95,224,224,RGB
data/raw/kaggle/extracted/train/bisharp/1746383709.jpg,kaggle/extracted/train/bisharp/1746383709.jpg,train,bisharp,1746383709,2fb525db9ff89220821f3c8d8f988ae960942429e7ac5a87f8ee8d5f1d00847f,224,224,RGB
data/raw/kaggle/extracted/train/bisharp/1746434712.jpg,kaggle/extracted/train/bisharp/1746434712.jpg,train,bisharp,1746434712,8abeaa5193c96c6e27197596aeaa6a5491611d1fc9c149b87141c0c4e5bd21fb,224,224,RGB
data/raw/kaggle/extracted/train/bisharp/1746441772.jpg,kaggle/extracted/train/bisharp/1746441772.jpg,train,bisharp,1746441772,df4c999db6c8269719933672ddac4cd6b986dfee2cc477a561534ca652cf0c39,224,224,RGB
data/raw/kaggle/extracted/train/bisharp/1746595398.jpg,kaggle/extracted/train/bisharp/1746595398.jpg,train,bisharp,1746595398,2882ac14c88d6a20dc948644d449dae8ae95ac8b7fb385e05485845ba1c3c364,224,224,RGB
data/raw/kaggle/extracted/train/bisharp/1746599019.jpg,kaggle/extracted/train/bisharp/1746599019.jpg,train,bisharp,1746599019,d8d9a2142d4b6da5929a6e598cd0858c914bab1683c0def2f6ba325c06fe7271,224,224,RGB
data/raw/kaggle/extracted/train/bisharp/1746967390.jpg,kaggle/extracted/train/bisharp/1746967390.jpg,train,bisharp,1746967390,7a080e2b1d4f7a11525f8fb5af3af161a7f584267509752c6f9a1e1b5b5a43b2,224,224,RGB
data/raw/kaggle/extracted/train/blacephalon/1746201609.jpg,kaggle/extracted/train/blacephalon/1746201609.jpg,train,blacephalon,1746201609,274ce1b1ea13cd7f4cf82be55f820d5cc011177b966834ba91382f31bebff8a7,224,224,RGB
data/raw/kaggle/extracted/train/blade aegislash/1745432696.jpg,kaggle/extracted/train/blade aegislash/1745432696.jpg,train,blade aegislash,1745432696,4a211661fcc825ab983474c4190d320514f161f7a303c09d2c427064c2df7b45,224,224,RGB
data/raw/kaggle/extracted/train/blade aegislash/1745497653.jpg,kaggle/extracted/train/blade aegislash/1745497653.jpg,train,blade aegislash,1745497653,1d4987ace258d347a55b175ff67861bd51e0d28b14e4528e749f5e4f314baaaa,224,224,RGB
data/raw/kaggle/extracted/train/blade aegislash/1745501276.jpg,kaggle/extracted/train/blade aegislash/1745501276.jpg,train,blade aegislash,1745501276,0ced706e57120a3d25803afb985fb5cc2edcc157f25d0a7176fdf0b2b01571e6,224,224,RGB
data/raw/kaggle/extracted/train/blade aegislash/1745523415.jpg,kaggle/extracted/train/blade aegislash/1745523415.jpg,train,blade aegislash,1745523415,0fecd7c45249a331875842074c313f4f6956edafc1a45fa680d0b512a1506451,224,224,RGB
data/raw/kaggle/extracted/train/blade aegislash/1745654788.jpg,kaggle/extracted/train/blade aegislash/1745654788.jpg,train,blade aegislash,1745654788,b7e3e30b5a14199608785276f93ba229c950f12c675668a97eb851e01d6530ed,224,224,RGB
data/raw/kaggle/extracted/train/blade aegislash/1745965056.jpg,kaggle/extracted/train/blade aegislash/1745965056.jpg,train,blade aegislash,1745965056,475017c4e00a20193a482f43583761eb7960161dd6782bd787ca02e5f3f59d69,224,224,RGB
data/raw/kaggle/extracted/train/blade aegislash/1746011826.jpg,kaggle/extracted/train/blade aegislash/1746011826.jpg,train,blade aegislash,1746011826,d2aeb05c3d088cf2e2a1d620bbfd5ec5c0f769d07f6a7da7f036167106f65685,224,224,RGB
data/raw/kaggle/extracted/train/blade aegislash/1746969898.jpg,kaggle/extracted/train/blade aegislash/1746969898.jpg,train,blade aegislash,1746969898,19c215243972d964f0752d69c5c6317ba0d21bc9f24d336bc197b8a2014002ff,224,224,RGB
data/raw/kaggle/extracted/train/blastoise/1745436438.jpg,kaggle/extracted/train/blastoise/1745436438.jpg,train,blastoise,1745436438,6bb6e3b7a3042c212c4ae4c642ee3da7862dc3db47bd4ccec9021dede5639878,224,224,RGB
data/raw/kaggle/extracted/train/blastoise/1745650528.jpg,kaggle/extracted/train/blastoise/1745650528.jpg,train,blastoise,1745650528,c50f797c5325d7c4102ba218160a6eb1d38dbcd1b8468d89d5455bcc53481623,224,224,RGB
data/raw/kaggle/extracted/train/blastoise/1745753389.jpg,kaggle/extracted/train/blastoise/1745753389.jpg,train,blastoise,1745753389,2a4c7b9e8bfb0915854bd3eec813331a5debf6e28b9fecb36adcf2528c36ae0c,224,224,RGB
data/raw/kaggle/extracted/train/blastoise/1745754537.jpg,kaggle/extracted/train/blastoise/1745754537.jpg,train,blastoise,1745754537,e1a55ed1d90b6738cdbe24d02f3f855af06a651a01126187a7f6206a3dec633f,224,224,RGB
data/raw/kaggle/extracted/train/blastoise/1745754537_vflip.jpg,kaggle/extracted/train/blastoise/1745754537_vflip.jpg,train,blastoise,1745754537,0d7e8bebdd3decef05801d44b1709d34eb4036d635f1a38a43df18379d906ee7,224,224,RGB
data/raw/kaggle/extracted/train/blastoise/1745785029.jpg,kaggle/extracted/train/blastoise/1745785029.jpg,train,blastoise,1745785029,8fca268810f5113fb2c53d9e7b0c7388a07aab2ca3c4fbbd247b86a292a7049a,224,224,RGB
data/raw/kaggle/extracted/train/blastoise/1745963405.jpg,kaggle/extracted/train/blastoise/1745963405.jpg,train,blastoise,1745963405,558f8fc74f09cd608e481c7c227e8623ba9345105ba8dd7629c916bf738a1537,224,224,RGB
data/raw/kaggle/extracted/train/blastoise/1745987791.jpg,kaggle/extracted/train/blastoise/1745987791.jpg,train,blastoise,1745987791,b3069503191680895d56ccd717bca4abc7b5d8a5d303c4e1d312ebf311d78970,224,224,RGB
data/raw/kaggle/extracted/train/blastoise/1745991059.jpg,kaggle/extracted/train/blastoise/1745991059.jpg,train,blastoise,1745991059,7d6440f4ac23b656489bec26adbd0efa0eb7607538ab0739ededb59fbf00044b,224,224,RGB
data/raw/kaggle/extracted/train/blastoise/1746047645.jpg,kaggle/extracted/train/blastoise/1746047645.jpg,train,blastoise,1746047645,d7a7778ea58b1ee3e5ef4e4302d9c620ae2dca38a8c1728cd53602990a797ee9,224,224,RGB
data/raw/kaggle/extracted/train/blastoise/1746050136.jpg,kaggle/extracted/train/blastoise/1746050136.jpg,train,blastoise,1746050136,821dc8a5b3e8d468233cd7869d940f39d1fc731459ef3ea2c4b3b1a31e09bdf1,224,224,RGB
data/raw/kaggle/extracted/train/blastoise/1746120725.jpg,kaggle/extracted/train/blastoise/1746120725.jpg,train,blastoise,1746120725,8431b67aa2a26b0fc10fdb15cf9f8b0153c37d29655aa30aeccd9aca0fd5fe19,224,224,RGB
data/raw/kaggle/extracted/train/blastoise/1746126335.jpg,kaggle/extracted/train/blastoise/1746126335.jpg,train,blastoise,1746126335,3389b898733c2ea17beef389326660d8e374453a4e5cc5edcb774ff784f2a4c6,224,224,RGB
data/raw/kaggle/extracted/train/blastoise/1746203580.jpg,kaggle/extracted/train/blastoise/1746203580.jpg,train,blastoise,1746203580,835065404fff5cff5e7729cd3a92dc3536aa40db809accf1a41d428083e74323,224,224,RGB
data/raw/kaggle/extracted/train/blastoise/1746253627.jpg,kaggle/extracted/train/blastoise/1746253627.jpg,train,blastoise,1746253627,4bbe4c2615ff14ee1b47e7a55d6854e8720c298d18155d341e2806141c1896e3,224,224,RGB
data/raw/kaggle/extracted/train/blastoise/1746345961.jpg,kaggle/extracted/train/blastoise/1746345961.jpg,train,blastoise,1746345961,8e4b868e5c0f367a179c5e3c9d7bc8aaf7945e0595a2bde19aaf083e2db79f20,224,224,RGB
data/raw/kaggle/extracted/train/blastoise/1746385654.jpg,kaggle/extracted/train/blastoise/1746385654.jpg,train,blastoise,1746385654,b5866c461cca3f0eea7d33aee012112abd5312d42eb7c1cda2da6419853fadb9,224,224,RGB
data/raw/kaggle/extracted/train/blastoise/1746471323.jpg,kaggle/extracted/train/blastoise/1746471323.jpg,train,blastoise,1746471323,c8e872167bb67f048b61f98fc9cd1b46383cbfbb17c6f4195715a2145c31080e,224,224,RGB
data/raw/kaggle/extracted/train/blastoise/1746479002.jpg,kaggle/extracted/train/blastoise/1746479002.jpg,train,blastoise,1746479002,99843d94b4d3a1d9730bd22affd488d446b8679344039654ba20e3537ba6af47,224,224,RGB
data/raw/kaggle/extracted/train/blastoise/1746528108.jpg,kaggle/extracted/train/blastoise/1746528108.jpg,train,blastoise,1746528108,5e8206e9e9577060d03c4a2398bfea9588178afcf0383035a1887426047a7df3,224,224,RGB
data/raw/kaggle/extracted/train/blastoise/1746530058.jpg,kaggle/extracted/train/blastoise/1746530058.jpg,train,blastoise,1746530058,2063c7fe8b2088ed8ef18b79bbb965f0574f3af29104cfe3f3c68f7352bced8c,224,224,RGB
data/raw/kaggle/extracted/train/blastoise/1746597422.jpg,kaggle/extracted/train/blastoise/1746597422.jpg,train,blastoise,1746597422,baf1062af6374f9abc0cb3b7729efb7844c41942fb3714430c06630d1377bb45,224,224,RGB
data/raw/kaggle/extracted/train/blastoise/1746967740.jpg,kaggle/extracted/train/blastoise/1746967740.jpg,train,blastoise,1746967740,ec2c51be5d47a668525f7d27e55e9da018578d45caa40ba228d39f7b1ff8cc61,224,224,RGB
data/raw/kaggle/extracted/train/blastoise/1746971960.jpg,kaggle/extracted/train/blastoise/1746971960.jpg,train,blastoise,1746971960,a248f3f7a9d869ea57a9b1c48e9d2c105cddec13f8d4a71862356be1c5a0a505,224,224,RGB
data/raw/kaggle/extracted/train/blaze breed tauros/1746462253.jpg,kaggle/extracted/train/blaze breed tauros/1746462253.jpg,train,blaze breed tauros,1746462253,9a2b08ab39e6a93ee8fc088851a3af0cda1c93da4429bf2b07c1f20d6c16ed1d,224,224,RGB
data/raw/kaggle/extracted/train/blaziken/1745415856.jpg,kaggle/extracted/train/blaziken/1745415856.jpg,train,blaziken,1745415856,b27fe9bd28a0102019103168c80ef2c833f535ac066f8cd8b73c7f6689c26981,224,224,RGB
data/raw/kaggle/extracted/train/blaziken/1745429429.jpg,kaggle/extracted/train/blaziken/1745429429.jpg,train,blaziken,1745429429,8b566056ac4e1906e210366b313d08d16e68f1aec0fb4eb301eb433e2ef98c87,224,224,RGB
data/raw/kaggle/extracted/train/blaziken/1745434079.jpg,kaggle/extracted/train/blaziken/1745434079.jpg,train,blaziken,1745434079,ce456ae036c292883a3665f035212e7870986fa570d8fbe587e9aadd7154a4eb,224,224,RGB
data/raw/kaggle/extracted/train/blaziken/1745570438.jpg,kaggle/extracted/train/blaziken/1745570438.jpg,train,blaziken,1745570438,f8f5cecbf548629f3a00eb8641cd4391ab1f2b61c3a85f0fd0302567b917543d,224,224,RGB
data/raw/kaggle/extracted/train/blaziken/1745959206.jpg,kaggle/extracted/train/blaziken/1745959206.jpg,train,blaziken,1745959206,a5f5ec32dc5957e465589ca49e6ad86248a67d6e576611630b2bd4bab0847506,224,224,RGB
data/raw/kaggle/extracted/train/blaziken/1745965288.jpg,kaggle/extracted/train/blaziken/1745965288.jpg,train,blaziken,1745965288,cdcef548fe1e3e20b5518aae440a03af2ab8cddf0102ab618659133545275bb7,224,224,RGB
data/raw/kaggle/extracted/train/blaziken/1745988605.jpg,kaggle/extracted/train/blaziken/1745988605.jpg,train,blaziken,1745988605,8ed95cc38193eb10bfcfc6ba23562ace37b1480deb1592800bff8db5a9cd23f9,224,224,RGB
data/raw/kaggle/extracted/train/blaziken/1745989207.jpg,kaggle/extracted/train/blaziken/1745989207.jpg,train,blaziken,1745989207,e1b2d97364dce3ad1a1cae95ef6d524a05cbd674b427bece0eb569ef95dd71b9,224,224,RGB
data/raw/kaggle/extracted/train/blaziken/1745991184.jpg,kaggle/extracted/train/blaziken/1745991184.jpg,train,blaziken,1745991184,35d503dce082528ba4dc8d0af737b7bfc2e46bab7260d962493f934c8d6fb544,224,224,RGB
data/raw/kaggle/extracted/train/blaziken/1745991893.jpg,kaggle/extracted/train/blaziken/1745991893.jpg,train,blaziken,1745991893,1fd4b73f73309c5118035274d027e8b12bd23a1c441a5a29c9919df01e1496fb,224,224,RGB
data/raw/kaggle/extracted/train/blaziken/1746029683.jpg,kaggle/extracted/train/blaziken/1746029683.jpg,train,blaziken,1746029683,835530b19dcdd4253a56f27555f1931d5ab82148bfdaab6cdbbf9e5c9d72cd9b,224,224,RGB
data/raw/kaggle/extracted/train/blaziken/1746127543.jpg,kaggle/extracted/train/blaziken/1746127543.jpg,train,blaziken,1746127543,f457a73a904edac38216b1fae68dcc024a3497c52e379e0f55fabf2e9b0458d5,224,224,RGB
data/raw/kaggle/extracted/train/blaziken/1746203824.jpg,kaggle/extracted/train/blaziken/1746203824.jpg,train,blaziken,1746203824,ce954e7685e97bcc7a46919666223cef462eee009e129136afc2d51f9fc186b0,224,224,RGB
data/raw/kaggle/extracted/train/blaziken/1746209940.jpg,kaggle/extracted/train/blaziken/1746209940.jpg,train,blaziken,1746209940,c123aba6bd269cfeaefd2def70754ccc6df540150f36f2c556da56976b228a1a,224,224,RGB
data/raw/kaggle/extracted/train/blaziken/1746380162.jpg,kaggle/extracted/train/blaziken/1746380162.jpg,train,blaziken,1746380162,2c28f897df4ccb1691393e58cc6f5467ee0eb62a714d9d7b4913ec092797c3b7,224,224,RGB
data/raw/kaggle/extracted/train/blaziken/1746383281.jpg,kaggle/extracted/train/blaziken/1746383281.jpg,train,blaziken,1746383281,aee5545e28872ff9aaee20aaa5a9f9e1ec3780e1da97029b5643881a8908f6e2,224,224,RGB
data/raw/kaggle/extracted/train/blaziken/1746386901.jpg,kaggle/extracted/train/blaziken/1746386901.jpg,train,blaziken,1746386901,f058a4c260ccf2754c46b4795b920b5af86539b254690bcd9ed25bf56798876f,224,224,RGB
data/raw/kaggle/extracted/train/blaziken/1746430601.jpg,kaggle/extracted/train/blaziken/1746430601.jpg,train,blaziken,1746430601,4954cf92a9daf794d180d244a8709ccb4e4aa762ad26d0b6f76861abb20bf00d,224,224,RGB
data/raw/kaggle/extracted/train/blaziken/1746434221.jpg,kaggle/extracted/train/blaziken/1746434221.jpg,train,blaziken,1746434221,7787c8aafa6236b091e1f7985e56c3f7d852b81982efd59ea5c19e5b8d3e7e58,224,224,RGB
data/raw/kaggle/extracted/train/blaziken/1746470363.jpg,kaggle/extracted/train/blaziken/1746470363.jpg,train,blaziken,1746470363,c250749d8f0816a344766a485dfbd7423c0d6ef4700295f1836a57a0f906f7c8,224,224,RGB
data/raw/kaggle/extracted/train/blaziken/1746529423.jpg,kaggle/extracted/train/blaziken/1746529423.jpg,train,blaziken,1746529423,26a0e4aae8c491e93de0bbbcbca644a4a331dca332c3991bcb627a57a1e479c6,224,224,RGB
data/raw/kaggle/extracted/train/blaziken/1746544151.jpg,kaggle/extracted/train/blaziken/1746544151.jpg,train,blaziken,1746544151,dd4fe58b84a3a3289e9058a6b9d1a6ebb1594af89ec6b1867a2fb301fd31d522,224,224,RGB
data/raw/kaggle/extracted/train/blaziken/1746547642.jpg,kaggle/extracted/train/blaziken/1746547642.jpg,train,blaziken,1746547642,de3d161c92acaed9ad87c98142f9c9276697392d5900eef914d8d678d04ce87b,224,224,RGB
data/raw/kaggle/extracted/train/blaziken/1746595129.jpg,kaggle/extracted/train/blaziken/1746595129.jpg,train,blaziken,1746595129,abf5bd065d6e3d4affc18f311790bedf8e236a092822d8ebd06889806e4c4541,224,224,RGB
data/raw/kaggle/extracted/train/blaziken/1746964476.jpg,kaggle/extracted/train/blaziken/1746964476.jpg,train,blaziken,1746964476,f04bff854590708c02676d643c355ba6939cb7093a2f6fd6f2b5a3ee8d1c8489,224,224,RGB
data/raw/kaggle/extracted/train/blaziken/1746964476_hflip_vflip.jpg,kaggle/extracted/train/blaziken/1746964476_hflip_vflip.jpg,train,blaziken,1746964476,899b405854020947f29edd218735d7ad07f5bdafe9e29f3d7a5531ce7f53f9ea,224,224,RGB
data/raw/kaggle/extracted/train/blaziken/1746968016.jpg,kaggle/extracted/train/blaziken/1746968016.jpg,train,blaziken,1746968016,0d50f0b20803664ffbc19eb45a88b5f7974bf9f951778e1934f8b32a3cdd8dcb,224,224,RGB
data/raw/kaggle/extracted/train/blaziken/1746969657.jpg,kaggle/extracted/train/blaziken/1746969657.jpg,train,blaziken,1746969657,29322efb5d3e6f547dce4697d1e1b4b37f20344308f24a0810e665b6dc120a4a,224,224,RGB
data/raw/kaggle/extracted/train/blaziken/1747178900.jpg,kaggle/extracted/train/blaziken/1747178900.jpg,train,blaziken,1747178900,70a59ed3e449fceaadf24389220ae26a8044db9602c28adc3b36cf481e0b4a90,224,224,RGB
data/raw/kaggle/extracted/train/blaziken/1747179938.jpg,kaggle/extracted/train/blaziken/1747179938.jpg,train,blaziken,1747179938,654da2c7b98e968b3c45f2fe37e016bbb30cf880dfaee3f87bb90654aa4a1128,224,224,RGB
data/raw/kaggle/extracted/train/blipbug/1745390077.jpg,kaggle/extracted/train/blipbug/1745390077.jpg,train,blipbug,1745390077,20df7b92ba9da1e0812c777a7662d7268436c2a28cf38aa671f86bde23a0d052,224,224,RGB
data/raw/kaggle/extracted/train/blipbug/1745391611.jpg,kaggle/extracted/train/blipbug/1745391611.jpg,train,blipbug,1745391611,ad62df117f65d07e7f32e7509ed0f28cd024bcba80391e17347d92f2e44a04a6,224,224,RGB
data/raw/kaggle/extracted/train/blipbug/1745392272.jpg,kaggle/extracted/train/blipbug/1745392272.jpg,train,blipbug,1745392272,bb7474bd6b084dc73ece1d15e56b3258532cac52d820fbc9faa9da1fc0cd2ec3,224,224,RGB
data/raw/kaggle/extracted/train/blipbug/1745394295.jpg,kaggle/extracted/train/blipbug/1745394295.jpg,train,blipbug,1745394295,9c9a3a418ae45c226adbb975c8b8142efcd97506fc7f11c370fef116198843db,224,224,RGB
data/raw/kaggle/extracted/train/blipbug/1745396180.jpg,kaggle/extracted/train/blipbug/1745396180.jpg,train,blipbug,1745396180,e6ca3e00856cb829dabfedc4d5def1407f20411da19886e5b11bb0dc95dc69bd,224,224,RGB
data/raw/kaggle/extracted/train/blipbug/1745403499.jpg,kaggle/extracted/train/blipbug/1745403499.jpg,train,blipbug,1745403499,9594f6900c58f947632c42813b9ea7544646a6f9bf9200fbbe71697c4dff9390,224,224,RGB
data/raw/kaggle/extracted/train/blipbug/1745404782.jpg,kaggle/extracted/train/blipbug/1745404782.jpg,train,blipbug,1745404782,603d10c95fb4568e7ff25292eca1cde737d95f5d2646a169704efdba0b9ffcf1,224,224,RGB
data/raw/kaggle/extracted/train/blipbug/1745405661.jpg,kaggle/extracted/train/blipbug/1745405661.jpg,train,blipbug,1745405661,0f2af98a6963b90f0ed0b1d1edbac3f6269707b506040ec456ce911fab6722f8,224,224,RGB
data/raw/kaggle/extracted/train/blipbug/1745408622.jpg,kaggle/extracted/train/blipbug/1745408622.jpg,train,blipbug,1745408622,5a5f809c3f21f5ac3754fe9a955d9eb23457fc58faa231e654b45ebc708cac5f,224,224,RGB
data/raw/kaggle/extracted/train/blipbug/1745408680.jpg,kaggle/extracted/train/blipbug/1745408680.jpg,train,blipbug,1745408680,e2586a78da4a1ca2e9f1ab40d1b989d6853626a5dbc5225561a4318057f4bece,224,224,RGB
data/raw/kaggle/extracted/train/blipbug/1745409800.jpg,kaggle/extracted/train/blipbug/1745409800.jpg,train,blipbug,1745409800,a8ee4a77e9d637a539e115b9e2da92c868b907c4db55f8e328366fe69800d5aa,224,224,RGB
data/raw/kaggle/extracted/train/blipbug/1745411838.jpg,kaggle/extracted/train/blipbug/1745411838.jpg,train,blipbug,1745411838,ebe3a183895d69975b4d734aa017aba60f3089634aa48239704821fedf3d3dfb,224,224,RGB
data/raw/kaggle/extracted/train/blipbug/1745413524.jpg,kaggle/extracted/train/blipbug/1745413524.jpg,train,blipbug,1745413524,6e374209facf67058106cbe266b88a6f01fe0cacde6c6ab6b8a90e0e544dadd9,224,224,RGB
data/raw/kaggle/extracted/train/blipbug/1745415571.jpg,kaggle/extracted/train/blipbug/1745415571.jpg,train,blipbug,1745415571,24542be249f85a5e65f89370ecf1beb8ba802dfc1fc1b11f38f0ca5902b12a9f,224,224,RGB
data/raw/kaggle/extracted/train/blipbug/1745417310.jpg,kaggle/extracted/train/blipbug/1745417310.jpg,train,blipbug,1745417310,853fa52a290566084e1ceba2f18f57aed638488f40713298595dea37e2a856c4,224,224,RGB
data/raw/kaggle/extracted/train/blipbug/1745422392.jpg,kaggle/extracted/train/blipbug/1745422392.jpg,train,blipbug,1745422392,8384487a3c1c950fcb2af4ddee9914d155ac521212a747921e88af3859866546,224,224,RGB
data/raw/kaggle/extracted/train/blipbug/1745425514.jpg,kaggle/extracted/train/blipbug/1745425514.jpg,train,blipbug,1745425514,c81b04fa5b964b88c44d972a021962b77072fbb876ca80faf7cdfb41a9a92199,224,224,RGB
data/raw/kaggle/extracted/train/blipbug/1745436536.jpg,kaggle/extracted/train/blipbug/1745436536.jpg,train,blipbug,1745436536,62c04cdd223b0ab40adc2a5e2dee59c74c868d6462b3f486b2af537c78238a57,224,224,RGB
data/raw/kaggle/extracted/train/blipbug/1745497382.jpg,kaggle/extracted/train/blipbug/1745497382.jpg,train,blipbug,1745497382,1b2cd03983104c55611ef84ee569f61bd129d58235d36363f2d482c882f50309,224,224,RGB
data/raw/kaggle/extracted/train/blipbug/1745500123.jpg,kaggle/extracted/train/blipbug/1745500123.jpg,train,blipbug,1745500123,4452e8c7ae6974d00a37d8204256ac7d0f0ed156ac697d1de0a126b7715940d1,224,224,RGB
data/raw/kaggle/extracted/train/blipbug/1745500993.jpg,kaggle/extracted/train/blipbug/1745500993.jpg,train,blipbug,1745500993,34424174ac9f2647f81e9d6875132c4199030600e934a9a216711750789d8eb7,224,224,RGB
data/raw/kaggle/extracted/train/blipbug/1745502194.jpg,kaggle/extracted/train/blipbug/1745502194.jpg,train,blipbug,1745502194,770ba1f3f1e5e6b7d2be3b93151ad8d7d72f8b2dba13d574ff96a4f00c6edd15,224,224,RGB
data/raw/kaggle/extracted/train/blipbug/1745504095.jpg,kaggle/extracted/train/blipbug/1745504095.jpg,train,blipbug,1745504095,19145169885ba39cffd0c52d250e068d122821ac5f1ecf2084736c0a036dedc8,224,224,RGB
data/raw/kaggle/extracted/train/blipbug/1745507120.jpg,kaggle/extracted/train/blipbug/1745507120.jpg,train,blipbug,1745507120,f86fea9f2d09f04e79d7171bf449c63c76a107a4998a123abe2ee9e0807c7304,224,224,RGB
data/raw/kaggle/extracted/train/blipbug/1745509415.jpg,kaggle/extracted/train/blipbug/1745509415.jpg,train,blipbug,1745509415,4ef2b2de58e021391cd61ca527ad525829335744744d876939884e3c06249542,224,224,RGB
data/raw/kaggle/extracted/train/blipbug/1745509513.jpg,kaggle/extracted/train/blipbug/1745509513.jpg,train,blipbug,1745509513,02bd788fd0150d6f145298cdc786bd829390aec77ae4b79e93c5bec05d1cb05f,224,224,RGB
data/raw/kaggle/extracted/train/blipbug/1745509897.jpg,kaggle/extracted/train/blipbug/1745509897.jpg,train,blipbug,1745509897,a0c83e2809dc34e430fc05085f6f000564ef370ce22aa27a77d016f8ab9fd556,224,224,RGB
data/raw/kaggle/extracted/train/blipbug/1745510274.jpg,kaggle/extracted/train/blipbug/1745510274.jpg,train,blipbug,1745510274,483216d300dec2f3fffb7afa26dddbbb5c26b0438133c2962dff1c3a030c1e3e,224,224,RGB
data/raw/kaggle/extracted/train/blipbug/1745527117.jpg,kaggle/extracted/train/blipbug/1745527117.jpg,train,blipbug,1745527117,61041f7a9a4a709a996e3e7c59e744c2cdc3e25caa3843788c782982c8f87da7,224,224,RGB
data/raw/kaggle/extracted/train/blipbug/1745530218.jpg,kaggle/extracted/train/blipbug/1745530218.jpg,train,blipbug,1745530218,8dd8f07c1db218bcdb5b48a493dd973146234adc68fa674c6b823223c79640f8,224,224,RGB
data/raw/kaggle/extracted/train/blipbug/1745531315.jpg,kaggle/extracted/train/blipbug/1745531315.jpg,train,blipbug,1745531315,7feda411a1c897cdb3e11ec3c65667d4e1c236a8ad75460378eeef3e7579ddd4,224,224,RGB
data/raw/kaggle/extracted/train/blipbug/1745532954.jpg,kaggle/extracted/train/blipbug/1745532954.jpg,train,blipbug,1745532954,1276a69e91df35da02d0de0e897a8d8c5209ec53e28d737bd16401192a031b15,224,224,RGB
data/raw/kaggle/extracted/train/blipbug/1745534716.jpg,kaggle/extracted/train/blipbug/1745534716.jpg,train,blipbug,1745534716,8728ba6d578b85ddc2ebcb61d95bd04f025a092372919c300fd23a0996040d37,224,224,RGB
data/raw/kaggle/extracted/train/blipbug/1745534794.jpg,kaggle/extracted/train/blipbug/1745534794.jpg,train,blipbug,1745534794,7231a33ef8fee1fa0bd55ac5a87a14b75f8718ca4bbb856f588f960b0abac8b9,224,224,RGB
data/raw/kaggle/extracted/train/blipbug/1745537789.jpg,kaggle/extracted/train/blipbug/1745537789.jpg,train,blipbug,1745537789,843fa52c443378141db818ef6b9a1c58e53f3919e425910025535282104f958f,224,224,RGB
data/raw/kaggle/extracted/train/blipbug/1745540296.jpg,kaggle/extracted/train/blipbug/1745540296.jpg,train,blipbug,1745540296,f06cd5163d5613e3f006b67bf7b119e57adba2822e6cede173b5a88b16cbf655,224,224,RGB
data/raw/kaggle/extracted/train/blipbug/1745562519.jpg,kaggle/extracted/train/blipbug/1745562519.jpg,train,blipbug,1745562519,e7cf6c69f38c56669e01229ba4ff2296ffe33f4ca10bd16210bb7d07e5edc5c1,224,224,RGB
data/raw/kaggle/extracted/train/blipbug/1745563173.jpg,kaggle/extracted/train/blipbug/1745563173.jpg,train,blipbug,1745563173,07ac0dedbe3b4eb41c87f51a83dad8590b31861e586652428fe70e6897bb0d53,224,224,RGB
data/raw/kaggle/extracted/train/blipbug/1745564208.jpg,kaggle/extracted/train/blipbug/1745564208.jpg,train,blipbug,1745564208,735191011663db3bdd582020bb12ef8466a9611f46f7049cb2ff958c83d54b09,224,224,RGB
data/raw/kaggle/extracted/train/blipbug/1745565256.jpg,kaggle/extracted/train/blipbug/1745565256.jpg,train,blipbug,1745565256,070edd660815917d4251e6c59510796f896e4502fe3eb7a8dacdf2f3ca640ff8,224,224,RGB
data/raw/kaggle/extracted/train/blipbug/1745565533.jpg,kaggle/extracted/train/blipbug/1745565533.jpg,train,blipbug,1745565533,40fc9e85edafa8b71b6513252ce2aa2d1d0e1bb5041459917017b196d0419fc4,224,224,RGB
data/raw/kaggle/extracted/train/blipbug/1745568781.jpg,kaggle/extracted/train/blipbug/1745568781.jpg,train,blipbug,1745568781,67004d0956462968f5ea9ca20bfe1d781e568e11e6a8de23a9e43421e843bcac,224,224,RGB
data/raw/kaggle/extracted/train/blipbug/1745569700.jpg,kaggle/extracted/train/blipbug/1745569700.jpg,train,blipbug,1745569700,4d8d91889f3e4225122107a60d2d198b93c65d3e432454bab9e2d07381915906,224,224,RGB
data/raw/kaggle/extracted/train/blipbug/1745569851.jpg,kaggle/extracted/train/blipbug/1745569851.jpg,train,blipbug,1745569851,65de8dc704aa4e05b50b7563a5a0a94fe8e3a51949667f1efbc66f6741c81f0f,224,224,RGB
data/raw/kaggle/extracted/train/blipbug/1745570208.jpg,kaggle/extracted/train/blipbug/1745570208.jpg,train,blipbug,1745570208,7e114e99b642177fe96c0344b279ce51b7fa4684cf183cb44181bb709d0a744c,224,224,RGB
data/raw/kaggle/extracted/train/blipbug/1745570269.jpg,kaggle/extracted/train/blipbug/1745570269.jpg,train,blipbug,1745570269,0e39d85e6f32ba874503715c99080e08bc0a86928afc8b3d448c72e607dff337,224,224,RGB
data/raw/kaggle/extracted/train/blipbug/1745570492.jpg,kaggle/extracted/train/blipbug/1745570492.jpg,train,blipbug,1745570492,aa37cb9f7256eb302553574008f34ca73512630e48d39b91cb6e2984e3600402,224,224,RGB
data/raw/kaggle/extracted/train/blipbug/1745570631.jpg,kaggle/extracted/train/blipbug/1745570631.jpg,train,blipbug,1745570631,e57339ba396c53c13599dcbc341125bfeb8394c031d2c97e21cbf828991d2f88,224,224,RGB
data/raw/kaggle/extracted/train/blipbug/1745570960.jpg,kaggle/extracted/train/blipbug/1745570960.jpg,train,blipbug,1745570960,8ba704a26c358ed7213cbf8419af2ac50388d4496feecf5b1726a82eaf834f03,224,224,RGB
data/raw/kaggle/extracted/train/blipbug/1745571260.jpg,kaggle/extracted/train/blipbug/1745571260.jpg,train,blipbug,1745571260,9788e212ac4b6e841a8e85c26f2ad7da99dbb9cf5a25a28fa9b0f610e42c5af9,224,224,RGB
data/raw/kaggle/extracted/train/blipbug/1745572120.jpg,kaggle/extracted/train/blipbug/1745572120.jpg,train,blipbug,1745572120,bdf072154e990926297599cbddc1121ba177ac8ed5c73b855328838da35d567d,224,224,RGB
data/raw/kaggle/extracted/train/blipbug/1745572179.jpg,kaggle/extracted/train/blipbug/1745572179.jpg,train,blipbug,1745572179,5ec9533a9ad0701a8ff008555c2cc0175a88b2435d8a6cbad53f39c4ee379781,224,224,RGB
data/raw/kaggle/extracted/train/blipbug/1745589737.jpg,kaggle/extracted/train/blipbug/1745589737.jpg,train,blipbug,1745589737,ffb66033660748325708a32b297cbe38abde72380dd7fb176cf0ad234570d2d3,224,224,RGB
data/raw/kaggle/extracted/train/blipbug/1745596010.jpg,kaggle/extracted/train/blipbug/1745596010.jpg,train,blipbug,1745596010,e9ffa21f31ee03489c94e0a4769dfb1c6ec80cfa6d9813d225114de09c8ce603,224,224,RGB
data/raw/kaggle/extracted/train/blipbug/1745596054.jpg,kaggle/extracted/train/blipbug/1745596054.jpg,train,blipbug,1745596054,6e641ddcd4f7eaa02f755d1b58c860337d66a4215d8a50114b46f6a64c3a1a3e,224,224,RGB
data/raw/kaggle/extracted/train/blipbug/1745596376.jpg,kaggle/extracted/train/blipbug/1745596376.jpg,train,blipbug,1745596376,9736e5edb4537f0c4249e28991de20ce4e7976d6d1737b992dca5d1d1564f334,224,224,RGB
data/raw/kaggle/extracted/train/blipbug/1745598540.jpg,kaggle/extracted/train/blipbug/1745598540.jpg,train,blipbug,1745598540,977e593218490c480b3b2d4d3e8d8d42029fe81d7364f5581e195898fa00f32c,224,224,RGB
data/raw/kaggle/extracted/train/blipbug/1745598614.jpg,kaggle/extracted/train/blipbug/1745598614.jpg,train,blipbug,1745598614,e82adc58d93008db9c1bf266a7cbf2603254a93527f3019fba8d8e8bca771607,224,224,RGB
data/raw/kaggle/extracted/train/blipbug/1745598690.jpg,kaggle/extracted/train/blipbug/1745598690.jpg,train,blipbug,1745598690,f2175c46bf41ae73279a0a316ed91a54d60f9af4a1f870375987f0d446933a95,224,224,RGB
data/raw/kaggle/extracted/train/blipbug/1745606434.jpg,kaggle/extracted/train/blipbug/1745606434.jpg,train,blipbug,1745606434,6c06511ae4348d4ae3d2974e8795171e44ade223b1877056afbb82bbd51c5d9b,224,224,RGB
data/raw/kaggle/extracted/train/blipbug/1745606773.jpg,kaggle/extracted/train/blipbug/1745606773.jpg,train,blipbug,1745606773,bfaa3e0e9d7f398a97aa16b55f8226e9cd864c7c313b2c67109275f94feb57a2,224,224,RGB
data/raw/kaggle/extracted/train/blipbug/1745609468.jpg,kaggle/extracted/train/blipbug/1745609468.jpg,train,blipbug,1745609468,6d3882f7fe807db396aae49f9e5abab723c2130c626fc44085d8a7050f0e2089,224,224,RGB
data/raw/kaggle/extracted/train/blipbug/1745609787.jpg,kaggle/extracted/train/blipbug/1745609787.jpg,train,blipbug,1745609787,9a5b3f07e88d7c463b0f6be9eebae6a54769debb30e1029440bb983f562859b8,224,224,RGB
data/raw/kaggle/extracted/train/blipbug/1745609982.jpg,kaggle/extracted/train/blipbug/1745609982.jpg,train,blipbug,1745609982,36d2fef27ef9201618da6a964ed824899bc8579753f1e3d07980249096dda052,224,224,RGB
data/raw/kaggle/extracted/train/blipbug/1745610648.jpg,kaggle/extracted/train/blipbug/1745610648.jpg,train,blipbug,1745610648,332684c8d8bc452524ec51f76805f41df3e15010bf1acb59f29de794c250de52,224,224,RGB
data/raw/kaggle/extracted/train/blipbug/1745610748.jpg,kaggle/extracted/train/blipbug/1745610748.jpg,train,blipbug,1745610748,feee320c2a02f3f6534b6abe740e3c06b9a2af6285cc4d7c12d507140f58f78a,224,224,RGB
data/raw/kaggle/extracted/train/blipbug/1745611707.jpg,kaggle/extracted/train/blipbug/1745611707.jpg,train,blipbug,1745611707,de19e4b1e2e7f19dac484e97859a49f35264b2ea91003900b93083870b948c9b,224,224,RGB
data/raw/kaggle/extracted/train/blipbug/1745650086.jpg,kaggle/extracted/train/blipbug/1745650086.jpg,train,blipbug,1745650086,cfcf1383971cc3eb5b02151d4b5d36fb105487638541567b91df8ae4c628853c,224,224,RGB
data/raw/kaggle/extracted/train/blipbug/1745651109.jpg,kaggle/extracted/train/blipbug/1745651109.jpg,train,blipbug,1745651109,65410848fe9f02a423f38ae65676b0fd730162634241896ebc58fc549f16020c,224,224,RGB
data/raw/kaggle/extracted/train/blipbug/1745651429.jpg,kaggle/extracted/train/blipbug/1745651429.jpg,train,blipbug,1745651429,b3d42fa6b951f050cb3a29502fbdc02ad2bb27ea92ef5e0c05111d87323562e4,224,224,RGB
data/raw/kaggle/extracted/train/blipbug/1745651707.jpg,kaggle/extracted/train/blipbug/1745651707.jpg,train,blipbug,1745651707,b118fdac26d85944e3a3c2d9afc0f0480b88a34f1c4981b05c1deb898f40a5bc,224,224,RGB
data/raw/kaggle/extracted/train/blipbug/1745652967.jpg,kaggle/extracted/train/blipbug/1745652967.jpg,train,blipbug,1745652967,724ef133bc578814507a0af3b569db1b010cbf6d5f4749a424482ae2c8a96a3b,224,224,RGB
data/raw/kaggle/extracted/train/blissey/1745409732.jpg,kaggle/extracted/train/blissey/1745409732.jpg,train,blissey,1745409732,35787d20f5d30c744b816e0ffdfe0e03365ee867d074dea77fe72659ee6952cd,224,224,RGB
data/raw/kaggle/extracted/train/blissey/1745527450.jpg,kaggle/extracted/train/blissey/1745527450.jpg,train,blissey,1745527450,ebc263717269d7ac4c61b1f26e87b54a5bb4f76484c4177b8500113906a6d1db,224,224,RGB
data/raw/kaggle/extracted/train/blissey/1745572910.jpg,kaggle/extracted/train/blissey/1745572910.jpg,train,blissey,1745572910,ab38690b2fd0d5f7aafb75530eb8ccadffd819575c372b63d37e360591b64f31,224,224,RGB
data/raw/kaggle/extracted/train/blissey/1745587331.jpg,kaggle/extracted/train/blissey/1745587331.jpg,train,blissey,1745587331,8fd6bc241ba5d13530079385c785829b6e0b5ef6e9a7f9e40922b14594b93428,224,224,RGB
data/raw/kaggle/extracted/train/blissey/1745979876.jpg,kaggle/extracted/train/blissey/1745979876.jpg,train,blissey,1745979876,3715657bcb1adaa37b7479694b86c57d7a6ef7333a1020f54453f8033be728a1,224,224,RGB
data/raw/kaggle/extracted/train/blissey/1745996633.jpg,kaggle/extracted/train/blissey/1745996633.jpg,train,blissey,1745996633,42a489d487d312e8a3e6c46e9e93fed361f4e6dc312c6b8f980866607bacd938,224,224,RGB
data/raw/kaggle/extracted/train/blissey/1746001634.jpg,kaggle/extracted/train/blissey/1746001634.jpg,train,blissey,1746001634,783c0bf8dfa88d0298c243feab9b07b0c6498c8e015b148181d6659357c9c067,224,224,RGB
data/raw/kaggle/extracted/train/blissey/1746034064.jpg,kaggle/extracted/train/blissey/1746034064.jpg,train,blissey,1746034064,879e8f3fcc87e856e6f6dbf5038a720b24b4684ddde27b64f207069e5bc7e6bd,224,224,RGB
data/raw/kaggle/extracted/train/blissey/1746048366.jpg,kaggle/extracted/train/blissey/1746048366.jpg,train,blissey,1746048366,89dffaa76de5b26c189e30f5d13c7e725620a110cf8180d429c6228cedea20bc,224,224,RGB
data/raw/kaggle/extracted/train/blissey/1746223914.jpg,kaggle/extracted/train/blissey/1746223914.jpg,train,blissey,1746223914,c684a3b65cc73b5c6c04059734dfa9212629c10f332b10f6a5ec7341dda1f786,224,224,RGB
data/raw/kaggle/extracted/train/blissey/1746257734.jpg,kaggle/extracted/train/blissey/1746257734.jpg,train,blissey,1746257734,f8707c68fc670e2948f9929266dc7baea60fb1ecf0b0534e74cd5074e410b418,224,224,RGB
data/raw/kaggle/extracted/train/blissey/1746340288.jpg,kaggle/extracted/train/blissey/1746340288.jpg,train,blissey,1746340288,2cb515efab5de4e5b0fe72846b883053d49b03eb8589a9579373e1c175f5f9ff,224,224,RGB
data/raw/kaggle/extracted/train/blissey/1746345394.jpg,kaggle/extracted/train/blissey/1746345394.jpg,train,blissey,1746345394,7b381b630e51d783e29f072d184c740b724891669dd7d5cf31e8bda5896353d1,224,224,RGB
data/raw/kaggle/extracted/train/blissey/1746428738.jpg,kaggle/extracted/train/blissey/1746428738.jpg,train,blissey,1746428738,0610c7b89241c3a0e6fcee88221a8703a35bd246394e4524a3ef9f3e3a5b11ad,224,224,RGB
data/raw/kaggle/extracted/train/blissey/1746431748.jpg,kaggle/extracted/train/blissey/1746431748.jpg,train,blissey,1746431748,7ae340272533fdc457b36d6cab3ba66938e7cf9acb6db18e5ece7e665bddfb8e,224,224,RGB
data/raw/kaggle/extracted/train/blissey/1746434281.jpg,kaggle/extracted/train/blissey/1746434281.jpg,train,blissey,1746434281,569ef09b6d9129fdb357fd97a7cc41cef2d0e80a6b304ffc149cd5ac65cc3d2e,224,224,RGB
data/raw/kaggle/extracted/train/blissey/1746478956.jpg,kaggle/extracted/train/blissey/1746478956.jpg,train,blissey,1746478956,93da26003a00d6cd4e2a60a1ec4abe3b0bba4daeedab75fb895d518d67c5857c,224,224,RGB
data/raw/kaggle/extracted/train/blissey/1746481365.jpg,kaggle/extracted/train/blissey/1746481365.jpg,train,blissey,1746481365,ae198ed35881447707d79876e65c3ff1d1a8c43b3bfe85eeac9a759ca533bde2,224,224,RGB
data/raw/kaggle/extracted/train/blissey/1746482933.jpg,kaggle/extracted/train/blissey/1746482933.jpg,train,blissey,1746482933,087061d1caa09530df3b67daf3b0cd8fb8341dd14bf0ac6fc516cfc5a20989c8,224,224,RGB
data/raw/kaggle/extracted/train/blissey/1746545111.jpg,kaggle/extracted/train/blissey/1746545111.jpg,train,blissey,1746545111,a49c9c04e31dc9a3e9273c546d0e719361b91e52655ed826b3566bbbacd1f81e,224,224,RGB
data/raw/kaggle/extracted/train/blissey/1746548849.jpg,kaggle/extracted/train/blissey/1746548849.jpg,train,blissey,1746548849,1f2a515a9f2a37f4d63892d53779431477b85b1c36f7be2dfd548fcf4f218d2e,224,224,RGB
data/raw/kaggle/extracted/train/blissey/1746551961.jpg,kaggle/extracted/train/blissey/1746551961.jpg,train,blissey,1746551961,40a9ee9e692d2c26919ccedfb20573ce3ac65244bb92c71ca2fe2ee1ca499bdd,224,224,RGB
data/raw/kaggle/extracted/train/blissey/1746597912.jpg,kaggle/extracted/train/blissey/1746597912.jpg,train,blissey,1746597912,bf8d69ae9c3e534fabf82c00aa39150c7c635db79735f586923617b829b2ac3f,224,224,RGB
data/raw/kaggle/extracted/train/blissey/1747178836.jpg,kaggle/extracted/train/blissey/1747178836.jpg,train,blissey,1747178836,5a6f92874ba39f60cb4a7dea43bb1e23d2cb60668293e25800bccda56a73b077,224,224,RGB
data/raw/kaggle/extracted/train/blissey/1747229509.jpg,kaggle/extracted/train/blissey/1747229509.jpg,train,blissey,1747229509,576a506254f5b1b4a63c4f45ac30b1980a2586f167c374b699e27d8b9661bea2,224,224,RGB
data/raw/kaggle/extracted/train/blitzle/1745394912.jpg,kaggle/extracted/train/blitzle/1745394912.jpg,train,blitzle,1745394912,fc7a6f17d5a68c18da4d0f94a4454e55cb93adf1cd8aad2c16701af1c42ce252,224,224,RGB
data/raw/kaggle/extracted/train/blitzle/1745405979.jpg,kaggle/extracted/train/blitzle/1745405979.jpg,train,blitzle,1745405979,ab9ee0f6bc31a0a367d15cf36c2e9306ab313436fe5858fba64a232f38034fba,224,224,RGB
data/raw/kaggle/extracted/train/blitzle/1745429517.jpg,kaggle/extracted/train/blitzle/1745429517.jpg,train,blitzle,1745429517,2599a820fc99d7a39d7a4b9f1cd003fbc542d3cfe5ca1205611528e764ee6529,224,224,RGB
data/raw/kaggle/extracted/train/blitzle/1745437219.jpg,kaggle/extracted/train/blitzle/1745437219.jpg,train,blitzle,1745437219,a4f09317ac32bd97293529823ebd0c7391aff83b823b070420d41a46f1ed6136,224,224,RGB
data/raw/kaggle/extracted/train/blitzle/1745438220.jpg,kaggle/extracted/train/blitzle/1745438220.jpg,train,blitzle,1745438220,db355603438d86e2b138953edde43243adf2eab0d2a57533c94a0fc98e9a6e0c,224,224,RGB
data/raw/kaggle/extracted/train/blitzle/1745494553.jpg,kaggle/extracted/train/blitzle/1745494553.jpg,train,blitzle,1745494553,4f47a0b1d06a1b6418ccd48bf78d5eba99040576d0bc438de0d9ae0c8f8dce11,224,224,RGB
data/raw/kaggle/extracted/train/blitzle/1745499900.jpg,kaggle/extracted/train/blitzle/1745499900.jpg,train,blitzle,1745499900,8dce411ae5e08dde4daf1847aaed9eeacb564a1fa2348544d6a5c116ae383042,224,224,RGB
data/raw/kaggle/extracted/train/blitzle/1745509883.jpg,kaggle/extracted/train/blitzle/1745509883.jpg,train,blitzle,1745509883,5312f8e6ab234b371be724bf50e1159652aa9aef159d91f32d22ff9a1b8119e5,224,224,RGB
data/raw/kaggle/extracted/train/blitzle/1745525136.jpg,kaggle/extracted/train/blitzle/1745525136.jpg,train,blitzle,1745525136,6cac49106ec22d05ab73677011b8c11bccab756a64a0e4a77839d9766570ffc4,224,224,RGB
data/raw/kaggle/extracted/train/blitzle/1745563836.jpg,kaggle/extracted/train/blitzle/1745563836.jpg,train,blitzle,1745563836,53c18074f564b35fa26ea0dc607de8b03c80645e566285909f11273ff56b2b67,224,224,RGB
data/raw/kaggle/extracted/train/blitzle/1745568628.jpg,kaggle/extracted/train/blitzle/1745568628.jpg,train,blitzle,1745568628,b1004d7333fdc758893d54677a52dd82c5f3daa7abcd351427c234c328f5f761,224,224,RGB
data/raw/kaggle/extracted/train/blitzle/1745588756.jpg,kaggle/extracted/train/blitzle/1745588756.jpg,train,blitzle,1745588756,6c20665d223095946112cfdd1c6f68f989a6a9791d520e949cf15780b141fb89,224,224,RGB
data/raw/kaggle/extracted/train/blitzle/1745613190.jpg,kaggle/extracted/train/blitzle/1745613190.jpg,train,blitzle,1745613190,6564d93280aff85f532d0d4e8bd4b35830e9f367db6d300a2cd237acbd62ac9e,224,224,RGB
data/raw/kaggle/extracted/train/blitzle/1745759264.jpg,kaggle/extracted/train/blitzle/1745759264.jpg,train,blitzle,1745759264,1c5b6c880f7389fa66ca7742dbe64271ba6fbd65d0d20cab72f5187f141bad74,224,224,RGB
data/raw/kaggle/extracted/train/blitzle/1745769277.jpg,kaggle/extracted/train/blitzle/1745769277.jpg,train,blitzle,1745769277,66811c22a01e9bb2113c33e9a8e5f8be0fa1acc3140e4138f0b6b7322261611d,224,224,RGB
data/raw/kaggle/extracted/train/blitzle/1745866748.jpg,kaggle/extracted/train/blitzle/1745866748.jpg,train,blitzle,1745866748,20d917f46204b5a12df3be324aadd63e8d6ddd776b9aff7cd835a5b979caf9fc,224,224,RGB
data/raw/kaggle/extracted/train/blitzle/1745874596.jpg,kaggle/extracted/train/blitzle/1745874596.jpg,train,blitzle,1745874596,ba8fdf99d9fed40807e25ca8704fa123808e9631ae7f938173ea38a000a712ae,224,224,RGB
data/raw/kaggle/extracted/train/blitzle/1745962587.jpg,kaggle/extracted/train/blitzle/1745962587.jpg,train,blitzle,1745962587,98c0249cc9b916fd1d2c419b93ccb884c5e086c2ff3922008f058cfbd5adb63b,224,224,RGB
data/raw/kaggle/extracted/train/blitzle/1745963950.jpg,kaggle/extracted/train/blitzle/1745963950.jpg,train,blitzle,1745963950,7af9f5b9466431333522e8ea957e6131e4ad9aecad218386f5bd6ad2b88c2334,224,224,RGB
data/raw/kaggle/extracted/train/blitzle/1745987158.jpg,kaggle/extracted/train/blitzle/1745987158.jpg,train,blitzle,1745987158,2b109b41fdf0146ab50edd9c61052afc71e118bda7a708c77729b92496092e05,224,224,RGB
data/raw/kaggle/extracted/train/blitzle/1745989174.jpg,kaggle/extracted/train/blitzle/1745989174.jpg,train,blitzle,1745989174,7a016ab551d6c8774a57ffd125842a2e273e59d37a68943bd0089d519d4a1c47,224,224,RGB
data/raw/kaggle/extracted/train/blitzle/1745989745.jpg,kaggle/extracted/train/blitzle/1745989745.jpg,train,blitzle,1745989745,9cb695201d1714a21dbe55823328feae52e1c3acdc78a34714ac2b5e63fa5855,224,224,RGB
data/raw/kaggle/extracted/train/blitzle/1745990345.jpg,kaggle/extracted/train/blitzle/1745990345.jpg,train,blitzle,1745990345,18d7e1de70918109db56054275a5eb6347f20e410c9371fc32a46f2ebd91f1d5,224,224,RGB
data/raw/kaggle/extracted/train/blitzle/1745990649.jpg,kaggle/extracted/train/blitzle/1745990649.jpg,train,blitzle,1745990649,8a787d3fe2b996cda7399788f9c492e9753575a5df64e4271e90260883c88334,224,224,RGB
data/raw/kaggle/extracted/train/blitzle/1745991535.jpg,kaggle/extracted/train/blitzle/1745991535.jpg,train,blitzle,1745991535,e95a77c705c4dc2c913a202b8c8da16d6a5f221e2a7bef289ed24df4174aaec0,224,224,RGB
data/raw/kaggle/extracted/train/blitzle/1745995823.jpg,kaggle/extracted/train/blitzle/1745995823.jpg,train,blitzle,1745995823,a70779a49585c2187e4281bcda9bc75f7f153df4768829cd61377124a9ae3bbf,224,224,RGB
data/raw/kaggle/extracted/train/blitzle/1745996114.jpg,kaggle/extracted/train/blitzle/1745996114.jpg,train,blitzle,1745996114,230b2cf1725c499adca9eb25630b73d699624f6ad8fff5e9821f202ab5af7dad,224,224,RGB
data/raw/kaggle/extracted/train/blitzle/1746016130.jpg,kaggle/extracted/train/blitzle/1746016130.jpg,train,blitzle,1746016130,5007adfcaec3f0ea9bfa7f9a78347e42af73be971472701e1407068e9cc1b971,224,224,RGB
data/raw/kaggle/extracted/train/blitzle/1746017135.jpg,kaggle/extracted/train/blitzle/1746017135.jpg,train,blitzle,1746017135,5637fd3c37bd42bd013646e52b834a3870f67c36271dbaa07c4d9241cac07950,224,224,RGB
data/raw/kaggle/extracted/train/blitzle/1746019363.jpg,kaggle/extracted/train/blitzle/1746019363.jpg,train,blitzle,1746019363,6f2bf89c7787eb36c1ebf91a8063dcc2cb535edc8b5e777c396a87b97f79403d,224,224,RGB
data/raw/kaggle/extracted/train/blitzle/1746050578.jpg,kaggle/extracted/train/blitzle/1746050578.jpg,train,blitzle,1746050578,2d2d4da4232ef76657124145850e9200127bc2ec4b31ed9b1683035e168d2ac4,224,224,RGB
data/raw/kaggle/extracted/train/blitzle/1746060635.jpg,kaggle/extracted/train/blitzle/1746060635.jpg,train,blitzle,1746060635,e0f0294d61801b2fbae41327619a779e0074efae2313544412429700eebca8b3,224,224,RGB
data/raw/kaggle/extracted/train/blitzle/1746123035.jpg,kaggle/extracted/train/blitzle/1746123035.jpg,train,blitzle,1746123035,4e5dc3f33f730c5d89e8eae94841167ba14e54fa786138ac314a2dc06477fdad,224,224,RGB
data/raw/kaggle/extracted/train/blitzle/1746123184.jpg,kaggle/extracted/train/blitzle/1746123184.jpg,train,blitzle,1746123184,b84a4efb944dfa6c72c2dc05ecc57e15d459b4ec53f53dc051808d72602d7b68,224,224,RGB
data/raw/kaggle/extracted/train/blitzle/1746129003.jpg,kaggle/extracted/train/blitzle/1746129003.jpg,train,blitzle,1746129003,89a95c99f0f3833840682eeb0cbdcdb00f1df48fd66ceb96799241a927b5faee,224,224,RGB
data/raw/kaggle/extracted/train/blitzle/1746145718.jpg,kaggle/extracted/train/blitzle/1746145718.jpg,train,blitzle,1746145718,045d90ed657798ef546e62565056eabd4a099476f14dd5fdcf519081f65b1872,224,224,RGB
data/raw/kaggle/extracted/train/blitzle/1746201058.jpg,kaggle/extracted/train/blitzle/1746201058.jpg,train,blitzle,1746201058,deeb01ab053bcf9228b81ef3a3641ee7942baa4c8667ce8c3fdb6d5281778cd3,224,224,RGB
data/raw/kaggle/extracted/train/blitzle/1746223715.jpg,kaggle/extracted/train/blitzle/1746223715.jpg,train,blitzle,1746223715,e4f9fa461bc0b57ca4c4bc2c75a07d8cea486993a3729c9cc1d30b560f7b1fc7,224,224,RGB
data/raw/kaggle/extracted/train/blitzle/1746256354.jpg,kaggle/extracted/train/blitzle/1746256354.jpg,train,blitzle,1746256354,483e0546e6929f2f0b0f4c891faf18f03499dec054bcfde8c8fa0db0cd685c70,224,224,RGB
data/raw/kaggle/extracted/train/blitzle/1746342572.jpg,kaggle/extracted/train/blitzle/1746342572.jpg,train,blitzle,1746342572,678c08f84393cfadb7bf6faf1e3a93296386b41092aef7bf753c9a733861fc79,224,224,RGB
data/raw/kaggle/extracted/train/blitzle/1746344282.jpg,kaggle/extracted/train/blitzle/1746344282.jpg,train,blitzle,1746344282,977b35179d5ec0307069d0c484b76777074ab8e2863b3dc6a754f62da773a3f1,224,224,RGB
data/raw/kaggle/extracted/train/blitzle/1746345330.jpg,kaggle/extracted/train/blitzle/1746345330.jpg,train,blitzle,1746345330,a77d8a329c20ced45f9c29b4991ec4f175e95879c8bf11d221592dd655749b8e,224,224,RGB
data/raw/kaggle/extracted/train/blitzle/1746345418.jpg,kaggle/extracted/train/blitzle/1746345418.jpg,train,blitzle,1746345418,f50fdc26c25e069b5537df956ab3a6739aaadfed080f909e89075cba14469eb0,224,224,RGB
data/raw/kaggle/extracted/train/blitzle/1746349894.jpg,kaggle/extracted/train/blitzle/1746349894.jpg,train,blitzle,1746349894,791d8a5d8e05cbc5d150541d3376c5caf2b51974e403c0a94264328b1eda7b17,224,224,RGB
data/raw/kaggle/extracted/train/blitzle/1746381339.jpg,kaggle/extracted/train/blitzle/1746381339.jpg,train,blitzle,1746381339,07518675824a6a9cf98b59c5ba5b1aa6f152a63d905d89c4b7959bc102c7a98d,224,224,RGB
data/raw/kaggle/extracted/train/blitzle/1746387432.jpg,kaggle/extracted/train/blitzle/1746387432.jpg,train,blitzle,1746387432,2d5c41b9bbbfa1d557c8a20a839e46d0a245ef8932edc1067a237646fb772765,224,224,RGB
data/raw/kaggle/extracted/train/blitzle/1746388853.jpg,kaggle/extracted/train/blitzle/1746388853.jpg,train,blitzle,1746388853,982b35dea6a836d7c033b71ed10094c8972cb0a55244ac161bf06588725d8440,224,224,RGB
data/raw/kaggle/extracted/train/blitzle/1746388953.jpg,kaggle/extracted/train/blitzle/1746388953.jpg,train,blitzle,1746388953,ddfb45434a80af644a76ddc44fd3ab885fa630a30bc49a085e2a70e7577fcfe6,224,224,RGB
data/raw/kaggle/extracted/train/blitzle/1746390249.jpg,kaggle/extracted/train/blitzle/1746390249.jpg,train,blitzle,1746390249,8c52b09c98db1f44c2d1de346499761a1515714f29cf9a11ce2d8d075ae300b3,224,224,RGB
data/raw/kaggle/extracted/train/blitzle/1746393374.jpg,kaggle/extracted/train/blitzle/1746393374.jpg,train,blitzle,1746393374,7f42053183a7a251f425bdd1466f262a3a0b7a6e25e4a01fc55b73ce4b405f9e,224,224,RGB
data/raw/kaggle/extracted/train/blitzle/1746397113.jpg,kaggle/extracted/train/blitzle/1746397113.jpg,train,blitzle,1746397113,2790b385e64c5ef1430e9b693af4ae0c2542a73cf1a8661c231ca49bd4fceb59,224,224,RGB
data/raw/kaggle/extracted/train/blitzle/1746439202.jpg,kaggle/extracted/train/blitzle/1746439202.jpg,train,blitzle,1746439202,e0c8c8b9d12eaca5700340b75b63161da9fa797c5d95dacaaf5509388e72761f,224,224,RGB
data/raw/kaggle/extracted/train/blitzle/1746439755.jpg,kaggle/extracted/train/blitzle/1746439755.jpg,train,blitzle,1746439755,835b91ebdefaa37fd8f61bc9c56f881c7779c4afd369272c6c758032da01e189,224,224,RGB
data/raw/kaggle/extracted/train/blitzle/1746441408.jpg,kaggle/extracted/train/blitzle/1746441408.jpg,train,blitzle,1746441408,1a692c101e969d24240895af09c076cc1ffcb43959ca1e0a916b6c0b1980229d,224,224,RGB
data/raw/kaggle/extracted/train/blitzle/1746442768.jpg,kaggle/extracted/train/blitzle/1746442768.jpg,train,blitzle,1746442768,3702a67c253351f56f06ad8cf75e0df1659bb83efbae5a9c7abee80e130ab6dd,224,224,RGB
data/raw/kaggle/extracted/train/blitzle/1746446642.jpg,kaggle/extracted/train/blitzle/1746446642.jpg,train,blitzle,1746446642,bbdd316fe1aef4a9ae4bdc36f84ab07afd1b507391aa2798873d0f7307c35fb9,224,224,RGB
data/raw/kaggle/extracted/train/blitzle/1746464940.jpg,kaggle/extracted/train/blitzle/1746464940.jpg,train,blitzle,1746464940,f8549679bcb037bf226c8a3bda21ab91fd8395d27f1d2d6255a257d52ac5accd,224,224,RGB
data/raw/kaggle/extracted/train/blitzle/1746465065.jpg,kaggle/extracted/train/blitzle/1746465065.jpg,train,blitzle,1746465065,0304c80e010762b17c2573de4172873276b3dbc69b0fe15a9460f357a2f2ec6f,224,224,RGB
data/raw/kaggle/extracted/train/blitzle/1746465671.jpg,kaggle/extracted/train/blitzle/1746465671.jpg,train,blitzle,1746465671,0a2cec941e772d2d1532d464be818b9ffa1c3db79698e9441113f9c266c0d948,224,224,RGB
data/raw/kaggle/extracted/train/blitzle/1746469632.jpg,kaggle/extracted/train/blitzle/1746469632.jpg,train,blitzle,1746469632,c23da94160163435d14dc014a034580d71cc9950f38f25c5a0e8303d354b753e,224,224,RGB
data/raw/kaggle/extracted/train/blitzle/1746471467.jpg,kaggle/extracted/train/blitzle/1746471467.jpg,train,blitzle,1746471467,61d9eef5fee9f95ef6b9a3e7329d411a3d4acf6bacc2d42614e966133efd0641,224,224,RGB
data/raw/kaggle/extracted/train/blitzle/1746471574.jpg,kaggle/extracted/train/blitzle/1746471574.jpg,train,blitzle,1746471574,2c024866015189fefda23dc79c8382b3b6bdfef82b77dbd2a9047f741d02f095,224,224,RGB
data/raw/kaggle/extracted/train/blitzle/1746475807.jpg,kaggle/extracted/train/blitzle/1746475807.jpg,train,blitzle,1746475807,6e8b312f5fdb3a2f01c3dc4467bd383b1cb8afc66b89ba00a676d39029d4fc26,224,224,RGB
data/raw/kaggle/extracted/train/blitzle/1746477712.jpg,kaggle/extracted/train/blitzle/1746477712.jpg,train,blitzle,1746477712,30c0455f8fe4879412f1364f74898fe34dabb19fea896d950a43a4b27ee40af7,224,224,RGB
data/raw/kaggle/extracted/train/blitzle/1746479438.jpg,kaggle/extracted/train/blitzle/1746479438.jpg,train,blitzle,1746479438,48fc117f2fb10181d3c695223a6cedee36b7aaf8fc92373dc0b1a24718914ef9,224,224,RGB
data/raw/kaggle/extracted/train/blitzle/1746480578.jpg,kaggle/extracted/train/blitzle/1746480578.jpg,train,blitzle,1746480578,f782b7f8ca0697566893f3eaae6d2d66b8c2faab95e91deb60b7cb0905f0b4e7,224,224,RGB
data/raw/kaggle/extracted/train/blitzle/1746482158.jpg,kaggle/extracted/train/blitzle/1746482158.jpg,train,blitzle,1746482158,e20fbaf14a478723980c98383e53df0a6ffed4e8c0ade01b4987eeadc4b6b873,224,224,RGB
data/raw/kaggle/extracted/train/blitzle/1746485825.jpg,kaggle/extracted/train/blitzle/1746485825.jpg,train,blitzle,1746485825,6e90dd0497384921deb7922ba426ffe1412d17d2e4bd457aefec54fd28bdab7c,224,224,RGB
data/raw/kaggle/extracted/train/blitzle/1746525546.jpg,kaggle/extracted/train/blitzle/1746525546.jpg,train,blitzle,1746525546,e9877c8e7ffa60c5eea7fd4ae8fd5350cfb926eca7d7342cbd154543d14cb881,224,224,RGB
data/raw/kaggle/extracted/train/blitzle/1746526762.jpg,kaggle/extracted/train/blitzle/1746526762.jpg,train,blitzle,1746526762,2b6390dffb6a51910594cea78f72c85c5a2d4db3041b8e9ea261b7ea8cc0f002,224,224,RGB
data/raw/kaggle/extracted/train/blitzle/1746527021.jpg,kaggle/extracted/train/blitzle/1746527021.jpg,train,blitzle,1746527021,cc1b1ae8691ff927c25ff22e2cc4c63b28ccc72e6e7fbe7429abe8c11507a910,224,224,RGB
data/raw/kaggle/extracted/train/blitzle/1746528770.jpg,kaggle/extracted/train/blitzle/1746528770.jpg,train,blitzle,1746528770,8792e33b0172164c47811d5836375a44130f057232b78ac8ecb134327d6fb666,224,224,RGB
data/raw/kaggle/extracted/train/bloodmoon ursaluna/1746481449.jpg,kaggle/extracted/train/bloodmoon ursaluna/1746481449.jpg,train,bloodmoon ursaluna,1746481449,9515ca82d052b71138661ab3a44fa2e54386ac8883cfd3c6de4de3f07107813b,224,224,RGB
data/raw/kaggle/extracted/train/goodra/1745407792.jpg,kaggle/extracted/train/goodra/1745407792.jpg,train,goodra,1745407792,4d874643d8973364f6d522bf7cd54e7501bb25118f64d59ca7c53d6862ebf4c1,224,224,RGB
data/raw/kaggle/extracted/train/goodra/1745502093.jpg,kaggle/extracted/train/goodra/1745502093.jpg,train,goodra,1745502093,b5c71135ee2a70368a89dbe631a4e7913befe5918fda2c1f958238020a1b7d7a,224,224,RGB
data/raw/kaggle/extracted/train/goodra/1745503032.jpg,kaggle/extracted/train/goodra/1745503032.jpg,train,goodra,1745503032,c5335332fa5e82fa0b82ee64d08f7e435cb9acc69bb4771727e7a142845f26ae,224,224,RGB
data/raw/kaggle/extracted/train/goodra/1745537559.jpg,kaggle/extracted/train/goodra/1745537559.jpg,train,goodra,1745537559,7339db3ff3aa28f3b69c10a41a55e0de02c41dfc19e6c61e19794c5494ce2b7a,224,224,RGB
data/raw/kaggle/extracted/train/goodra/1745865989.jpg,kaggle/extracted/train/goodra/1745865989.jpg,train,goodra,1745865989,8c19e19bc0c9b0bbc061f1f281982f557df63ebadb3e157c65578ae8ef372f81,224,224,RGB
data/raw/kaggle/extracted/train/goodra/1746017202.jpg,kaggle/extracted/train/goodra/1746017202.jpg,train,goodra,1746017202,df3fa55f995127352130997ee3a96b4e2c991e3dc47b7325cc8b274cf59140b8,224,224,RGB
data/raw/kaggle/extracted/train/goodra/1746053158.jpg,kaggle/extracted/train/goodra/1746053158.jpg,train,goodra,1746053158,2ad3f76de56dc5949947b8f09fe0425f0d63b07f046f29c4d3764cad28dc3b25,224,224,RGB
data/raw/kaggle/extracted/train/goodra/1746139328.jpg,kaggle/extracted/train/goodra/1746139328.jpg,train,goodra,1746139328,b7ae8d7992d05008bbf90fe7e0fe72a86e0860df5765b58534bfaaa784ca2532,224,224,RGB
data/raw/kaggle/extracted/train/goodra/1746254104.jpg,kaggle/extracted/train/goodra/1746254104.jpg,train,goodra,1746254104,e4117e85798860d791295a0a7c98df9f8646a85889d73a1911654f6bfffab339,224,224,RGB
data/raw/kaggle/extracted/train/goodra/1746271796.jpg,kaggle/extracted/train/goodra/1746271796.jpg,train,goodra,1746271796,a4604df36b8884165a56ac807a9edeceff95893c89359879176e0f460d8bea4f,224,224,RGB
data/raw/kaggle/extracted/train/goodra/1746385835.jpg,kaggle/extracted/train/goodra/1746385835.jpg,train,goodra,1746385835,84a9550165cc53c6a1eab3d0b7a1d14a0919046bce937b19c970ce6121e9b946,224,224,RGB
data/raw/kaggle/extracted/train/goodra/1746440531.jpg,kaggle/extracted/train/goodra/1746440531.jpg,train,goodra,1746440531,ccdc9f34db24bf1bf8ba065a8a31e27fc41389cb801d31c0178f185bfbb23448,224,224,RGB
data/raw/kaggle/extracted/train/goodra/1746463238.jpg,kaggle/extracted/train/goodra/1746463238.jpg,train,goodra,1746463238,d5606a8fb4218d24e9478fe0f17bfcd9d05c134eb4d2ed4cafcab0fab0f2190b,224,224,RGB
data/raw/kaggle/extracted/train/goodra/1746547252.jpg,kaggle/extracted/train/goodra/1746547252.jpg,train,goodra,1746547252,dc8dbbf9b2a37dfd9913fb610b13f84a4c3f63ca7749c83437ee5f088dbaa95a,224,224,RGB
data/raw/kaggle/extracted/train/goodra/1746547816.jpg,kaggle/extracted/train/goodra/1746547816.jpg,train,goodra,1746547816,80f5e2a8715784d61ac73dc383701fa32c7c748276f8b95c4bbec3d277d9bdd3,224,224,RGB
data/raw/kaggle/extracted/train/goomy/1745388331.jpg,kaggle/extracted/train/goomy/1745388331.jpg,train,goomy,1745388331,d0fdd58f6e22036a504836137639a7f41570adaa9e439b69b9a7f757fbe047a8,224,224,RGB
data/raw/kaggle/extracted/train/goomy/1745391031.jpg,kaggle/extracted/train/goomy/1745391031.jpg,train,goomy,1745391031,2d3c600341ec52304e322f7351e70b6a0f420341d7c5e4718f52eb6a3427edd8,224,224,RGB
data/raw/kaggle/extracted/train/goomy/1745406453.jpg,kaggle/extracted/train/goomy/1745406453.jpg,train,goomy,1745406453,33f1a0e12230d3c1c45750f77fe540e6168a684c2ece4218595ab05ea8f7ceec,224,224,RGB
data/raw/kaggle/extracted/train/goomy/1745406598.jpg,kaggle/extracted/train/goomy/1745406598.jpg,train,goomy,1745406598,ad5a9c57528b467bc8fc18200b3f3357ca09574ffd0225ceafda16ac1ce95204,224,224,RGB
data/raw/kaggle/extracted/train/goomy/1745407364.jpg,kaggle/extracted/train/goomy/1745407364.jpg,train,goomy,1745407364,004bff00b16c95da5d3a6f0ce09ae00b010c44fcca04f5c19da8684e8cf447d6,224,224,RGB
data/raw/kaggle/extracted/train/goomy/1745407974.jpg,kaggle/extracted/train/goomy/1745407974.jpg,train,goomy,1745407974,dd3c8868d17a68e21d3a01d369f23fa405973bece82237e14e09b291c61d9be8,224,224,RGB
data/raw/kaggle/extracted/train/goomy/1745408899.jpg,kaggle/extracted/train/goomy/1745408899.jpg,train,goomy,1745408899,0d7f772df6e2bbacec720d229b756d69bb349b74e34e2390daf2cfc22d6400b8,224,224,RGB
data/raw/kaggle/extracted/train/goomy/1745410518.jpg,kaggle/extracted/train/goomy/1745410518.jpg,train,goomy,1745410518,5f8d818eed32656f8611cad2a591e08459983d1afda8770572d3b3337ac11f59,224,224,RGB
data/raw/kaggle/extracted/train/goomy/1745413841.jpg,kaggle/extracted/train/goomy/1745413841.jpg,train,goomy,1745413841,22973d2934624904fde02b14ec3323766272e6f4cd8b77d672066b73270e530f,224,224,RGB
data/raw/kaggle/extracted/train/goomy/1745414391.jpg,kaggle/extracted/train/goomy/1745414391.jpg,train,goomy,1745414391,cd8110adc78c19ec12dabdab081da3d40ecbac0cbff537ec4d8f0f8cba4c4ba5,224,224,RGB
data/raw/kaggle/extracted/train/goomy/1745414935.jpg,kaggle/extracted/train/goomy/1745414935.jpg,train,goomy,1745414935,c044039b78ac1d1327639f6b945d5666bc5b6be4302977632726bd71c97e16e8,224,224,RGB
data/raw/kaggle/extracted/train/goomy/1745419969.jpg,kaggle/extracted/train/goomy/1745419969.jpg,train,goomy,1745419969,13ca7d0a42a70a20c2e5e573c1c3ded811a7ee6330713e146255d9e6257f8d58,224,224,RGB
data/raw/kaggle/extracted/train/goomy/1745420046.jpg,kaggle/extracted/train/goomy/1745420046.jpg,train,goomy,1745420046,6ac779da36029cd9ccfac296fbb77d3de84e36e1aa77bd093e803b36c77b28f8,224,224,RGB
data/raw/kaggle/extracted/train/goomy/1745426591.jpg,kaggle/extracted/train/goomy/1745426591.jpg,train,goomy,1745426591,cba07cd5af84c4890598084fbcae74754d4f0a5772246752c7caf7ca450a4363,224,224,RGB
data/raw/kaggle/extracted/train/goomy/1745428756.jpg,kaggle/extracted/train/goomy/1745428756.jpg,train,goomy,1745428756,efa76fea2fb58ebf1f340f9d5c25aa32bbad07bb77dd69d45326f3c9a88e2ab1,224,224,RGB
data/raw/kaggle/extracted/train/goomy/1745430249.jpg,kaggle/extracted/train/goomy/1745430249.jpg,train,goomy,1745430249,10a8f5db7bf8bcae8305d5267e0502302b66b024f76aeaef838f0e34651cff95,224,224,RGB
data/raw/kaggle/extracted/train/goomy/1745432217.jpg,kaggle/extracted/train/goomy/1745432217.jpg,train,goomy,1745432217,af368f6cb79aed55d2e04e694f856b73300b64f1baf72ffe5b2e4ed78d17b019,224,224,RGB
data/raw/kaggle/extracted/train/goomy/1745433257.jpg,kaggle/extracted/train/goomy/1745433257.jpg,train,goomy,1745433257,189b3175f2f03552228f0bc69712c664789172f47eef5b67af6db532e51f2cd9,224,224,RGB
data/raw/kaggle/extracted/train/goomy/1745436154.jpg,kaggle/extracted/train/goomy/1745436154.jpg,train,goomy,1745436154,c6996b0ddb38517f2911e566eacce51523b5ea5ca9c2a53cd301fcad03ffca70,224,224,RGB
data/raw/kaggle/extracted/train/goomy/1745437163.jpg,kaggle/extracted/train/goomy/1745437163.jpg,train,goomy,1745437163,3e1d80fc0b92009e769eb6df9efe3623791f547263c432605e266d90ff1811aa,224,224,RGB
data/raw/kaggle/extracted/train/goomy/1745437557.jpg,kaggle/extracted/train/goomy/1745437557.jpg,train,goomy,1745437557,7599e5d8157287f70cbfbb5fc0de1999d62c82a074fec5df32629180951f8a30,224,224,RGB
data/raw/kaggle/extracted/train/goomy/1745439598.jpg,kaggle/extracted/train/goomy/1745439598.jpg,train,goomy,1745439598,9ace60226e0e8f84721c695a00c2ab2b2a2ba9949c48c408616120bac9470975,224,224,RGB
data/raw/kaggle/extracted/train/goomy/1745494875.jpg,kaggle/extracted/train/goomy/1745494875.jpg,train,goomy,1745494875,1a4409975b9b56ff19056043b018cefc1e3485565d2aca124d4d822b7df7c73a,224,224,RGB
data/raw/kaggle/extracted/train/goomy/1745494957.jpg,kaggle/extracted/train/goomy/1745494957.jpg,train,goomy,1745494957,9a36ddbd9547176094c16e02a43f64350bbeaf148aba15b3e3b4b31d412b490b,224,224,RGB
data/raw/kaggle/extracted/train/goomy/1745495493.jpg,kaggle/extracted/train/goomy/1745495493.jpg,train,goomy,1745495493,40bb541b296139103aa58e6455ebf9c1dbf36ada18c7bef1059beea2ca7b6dc0,224,224,RGB
data/raw/kaggle/extracted/train/goomy/1745501223.jpg,kaggle/extracted/train/goomy/1745501223.jpg,train,goomy,1745501223,85cd2d5cae0565d73ddc79813f98d4d91abc8b1f4c10b702291767c83f37986f,224,224,RGB
data/raw/kaggle/extracted/train/goomy/1745504296.jpg,kaggle/extracted/train/goomy/1745504296.jpg,train,goomy,1745504296,aea78e0d65067ad7be8144cf8065ed31bdc69040069e1da9cf54d15f6505e490,224,224,RGB
data/raw/kaggle/extracted/train/goomy/1745506916.jpg,kaggle/extracted/train/goomy/1745506916.jpg,train,goomy,1745506916,b5565133c5d4dbefb198b39c668e597527a5f4bd3ba2a621df7b419da55bc83c,224,224,RGB
data/raw/kaggle/extracted/train/goomy/1745531437.jpg,kaggle/extracted/train/goomy/1745531437.jpg,train,goomy,1745531437,e0af8ee0ace396d2d4d38b8db415774138baccb0903a6208d6f626e564921609,224,224,RGB
data/raw/kaggle/extracted/train/goomy/1745532619.jpg,kaggle/extracted/train/goomy/1745532619.jpg,train,goomy,1745532619,dd445152a32c3ee0cc0de58abbd1a2cc7b947495c5b516000846d0b72a5beb6a,224,224,RGB
data/raw/kaggle/extracted/train/goomy/1745562219.jpg,kaggle/extracted/train/goomy/1745562219.jpg,train,goomy,1745562219,37e69cad2335f4189405cd8765abb4de2a50c67989b06102893b9a83f8b9b8e1,224,224,RGB
data/raw/kaggle/extracted/train/goomy/1745564034.jpg,kaggle/extracted/train/goomy/1745564034.jpg,train,goomy,1745564034,6a162a95e146617b773216d15f75c1047850ec60a455bc33b40e059b6216b99f,224,224,RGB
data/raw/kaggle/extracted/train/goomy/1745567168.jpg,kaggle/extracted/train/goomy/1745567168.jpg,train,goomy,1745567168,a3f4986deab6716d06af3480504180ef3566c1508cfccf3cc24d6d416d9b22db,224,224,RGB
data/raw/kaggle/extracted/train/goomy/1745567619.jpg,kaggle/extracted/train/goomy/1745567619.jpg,train,goomy,1745567619,a4b3bed105842df2031bce3aae4b52b9be9196cb218475c5a9a9d58dffad642b,224,224,RGB
data/raw/kaggle/extracted/train/goomy/1745569668.jpg,kaggle/extracted/train/goomy/1745569668.jpg,train,goomy,1745569668,c857fe520a9ae40a5e6cdd7f945d40416de0e89ba837c761405570944bd11c15,224,224,RGB
data/raw/kaggle/extracted/train/goomy/1745571297.jpg,kaggle/extracted/train/goomy/1745571297.jpg,train,goomy,1745571297,6c3fed496e4f12a96983b7be1e06d473cce25b732bc5dc3a43914027125f8cf0,224,224,RGB
data/raw/kaggle/extracted/train/goomy/1745588296.jpg,kaggle/extracted/train/goomy/1745588296.jpg,train,goomy,1745588296,ca475363b06504a3727f88029b8eac8de392d6251aef52616fe11850856e4b37,224,224,RGB
data/raw/kaggle/extracted/train/goomy/1745591895.jpg,kaggle/extracted/train/goomy/1745591895.jpg,train,goomy,1745591895,9c6bd18afdde5131a3c9b1fcaf2d7bc955c274317eb838aa57a4b83fdc4ecd31,224,224,RGB
data/raw/kaggle/extracted/train/goomy/1745592656.jpg,kaggle/extracted/train/goomy/1745592656.jpg,train,goomy,1745592656,1b8733a72fb9716e3449a8e3a2d340ba20384e72641f89048127844d078f41cd,224,224,RGB
data/raw/kaggle/extracted/train/goomy/1745593175.jpg,kaggle/extracted/train/goomy/1745593175.jpg,train,goomy,1745593175,b3f0581794b9eb0e69fe1103c3b6b35b92cc039300352aca30fb175a5a18d024,224,224,RGB
data/raw/kaggle/extracted/train/goomy/1745595754.jpg,kaggle/extracted/train/goomy/1745595754.jpg,train,goomy,1745595754,73f9b423c35412c152339180138f9555428885b42c4936a22569857f040cae5b,224,224,RGB
data/raw/kaggle/extracted/train/goomy/1745596070.jpg,kaggle/extracted/train/goomy/1745596070.jpg,train,goomy,1745596070,9fb4f613b697beb539ab4738f0db348f6ae317beabcc828806d01856162e3683,224,224,RGB
data/raw/kaggle/extracted/train/goomy/1745597649.jpg,kaggle/extracted/train/goomy/1745597649.jpg,train,goomy,1745597649,763f8d6f31d1e52cff3ee2d8899b320be549ba5f4be1482ad3a47af930d49974,224,224,RGB
data/raw/kaggle/extracted/train/goomy/1745606584.jpg,kaggle/extracted/train/goomy/1745606584.jpg,train,goomy,1745606584,e5b0fc9ada610ac9788b42143cd69633bc1aa52b3656936836034fbcf8633963,224,224,RGB
data/raw/kaggle/extracted/train/goomy/1745609298.jpg,kaggle/extracted/train/goomy/1745609298.jpg,train,goomy,1745609298,8ffbd4b414ad4630e6d3cc737db72c57eac487708f898cc50694fa957ba87d76,224,224,RGB
data/raw/kaggle/extracted/train/goomy/1745610959.jpg,kaggle/extracted/train/goomy/1745610959.jpg,train,goomy,1745610959,89bed4d35c0b308496f8be27641312bb252df38c4d69f8aa8be877caa1ddca1e,224,224,RGB
data/raw/kaggle/extracted/train/goomy/1745612222.jpg,kaggle/extracted/train/goomy/1745612222.jpg,train,goomy,1745612222,c5188203c95fcd69edaa23fbe2fb4a886e8194ffc52024660f4a2c240f1e2ef0,224,224,RGB
data/raw/kaggle/extracted/train/goomy/1745650138.jpg,kaggle/extracted/train/goomy/1745650138.jpg,train,goomy,1745650138,92caa5b1346755fd31a46d61fda0327c5cfa29eb58ed3a9243539f5e3087785b,224,224,RGB
data/raw/kaggle/extracted/train/goomy/1745650227.jpg,kaggle/extracted/train/goomy/1745650227.jpg,train,goomy,1745650227,eb2a2b4de04ca34c2f381ecb853db8d4652dc94ac32fd11aa060e1ef6573b141,224,224,RGB
data/raw/kaggle/extracted/train/goomy/1745650627.jpg,kaggle/extracted/train/goomy/1745650627.jpg,train,goomy,1745650627,c61c0039a798571e6d23ac64ca0f8e27b4a4f33e4d7caa6787428c364492d5df,224,224,RGB
data/raw/kaggle/extracted/train/goomy/1745651538.jpg,kaggle/extracted/train/goomy/1745651538.jpg,train,goomy,1745651538,b17c4e8a01174dcad2e01948204c8ca8f69f3e734c0fbc66f7f8b11e1b752912,224,224,RGB
data/raw/kaggle/extracted/train/goomy/1745659559.jpg,kaggle/extracted/train/goomy/1745659559.jpg,train,goomy,1745659559,429fc8a37a72bd67c9434d6d8a9600d32a81257c12d6afb32a643398aafe4235,224,224,RGB
data/raw/kaggle/extracted/train/goomy/1745660121.jpg,kaggle/extracted/train/goomy/1745660121.jpg,train,goomy,1745660121,3082de0929d80b61e8dd48a66e420313454adbaf3b9527052fc5fce3f6ac6bbd,224,224,RGB
data/raw/kaggle/extracted/train/goomy/1745660877.jpg,kaggle/extracted/train/goomy/1745660877.jpg,train,goomy,1745660877,b5c3f3385e7864ecef5871985b94d706c753fb59184d402c6edc2c149ee26ad5,224,224,RGB
data/raw/kaggle/extracted/train/goomy/1745666362.jpg,kaggle/extracted/train/goomy/1745666362.jpg,train,goomy,1745666362,8acb08c1fe6adc20683366d022f4d289d6aad4bb26105f273d5d2ffbe8e85e25,224,224,RGB
data/raw/kaggle/extracted/train/goomy/1745749917.jpg,kaggle/extracted/train/goomy/1745749917.jpg,train,goomy,1745749917,7323084f66ad60d062935e9b21a803effa783a20f48ce26bd897821def593aca,224,224,RGB
data/raw/kaggle/extracted/train/goomy/1745751178.jpg,kaggle/extracted/train/goomy/1745751178.jpg,train,goomy,1745751178,79e7e8259dae26db992c385da54a80228f360675c087614076301c137f6cd55f,224,224,RGB
data/raw/kaggle/extracted/train/goomy/1745755637.jpg,kaggle/extracted/train/goomy/1745755637.jpg,train,goomy,1745755637,e1dadbec537787f0369c4778b596cda614fa5f3511b1780e5bfc1776afcc47df,224,224,RGB
data/raw/kaggle/extracted/train/goomy/1745757104.jpg,kaggle/extracted/train/goomy/1745757104.jpg,train,goomy,1745757104,f6508df883f8229f612b96e670d0211d9967fb10b61af82621e592572e421253,224,224,RGB
data/raw/kaggle/extracted/train/goomy/1745759579.jpg,kaggle/extracted/train/goomy/1745759579.jpg,train,goomy,1745759579,13faa8516bb17e0978afdbc1b97365664006fafc6334ddde4cc3736aa744d143,224,224,RGB
data/raw/kaggle/extracted/train/goomy/1745759719.jpg,kaggle/extracted/train/goomy/1745759719.jpg,train,goomy,1745759719,c7439ae350fa1fa453d8cf4a1c7c4d4bbc14757061b53ae1cc9321d078fe2852,224,224,RGB
data/raw/kaggle/extracted/train/goomy/1745759895.jpg,kaggle/extracted/train/goomy/1745759895.jpg,train,goomy,1745759895,0d6f58a5dfcd0424737a4d9c4d4696ab86cf2a8e31086a9a6ac12b836489e654,224,224,RGB
data/raw/kaggle/extracted/train/goomy/1745766624.jpg,kaggle/extracted/train/goomy/1745766624.jpg,train,goomy,1745766624,ec8afb4d952e5180e3db80797dd7a001dd75fa192d6eb179569bece66d3c70db,224,224,RGB
data/raw/kaggle/extracted/train/goomy/1745780030.jpg,kaggle/extracted/train/goomy/1745780030.jpg,train,goomy,1745780030,cd7b09ca691f13a0766121c7e6c09c9e1a52f0e316eb0daf37f37d06d61b7d26,224,224,RGB
data/raw/kaggle/extracted/train/goomy/1745864294.jpg,kaggle/extracted/train/goomy/1745864294.jpg,train,goomy,1745864294,e240d565c2b0d309d2d2f75789dc912e829d4484fd6d004b6e3ec75de3f07f60,224,224,RGB
data/raw/kaggle/extracted/train/goomy/1745866151.jpg,kaggle/extracted/train/goomy/1745866151.jpg,train,goomy,1745866151,767ffc772088b51cbf070cc0b72c8209dd1f0e8498d557e46a842b7930560da9,224,224,RGB
data/raw/kaggle/extracted/train/goomy/1745874493.jpg,kaggle/extracted/train/goomy/1745874493.jpg,train,goomy,1745874493,afb8bf8ad5b9b4234e0386f56aee7ec50802f712a9a4610d67b291a9949b905f,224,224,RGB
data/raw/kaggle/extracted/train/goomy/1745875553.jpg,kaggle/extracted/train/goomy/1745875553.jpg,train,goomy,1745875553,4f2e15fd2d5690e2634984d4e05f86f93ad59bad6827baa01377a5782ac8e011,224,224,RGB
data/raw/kaggle/extracted/train/goomy/1745954577.jpg,kaggle/extracted/train/goomy/1745954577.jpg,train,goomy,1745954577,aac35e8007928cd397f046775b7e86461e7a59ffee219293dc48531cda1d6d12,224,224,RGB
data/raw/kaggle/extracted/train/goomy/1745954732.jpg,kaggle/extracted/train/goomy/1745954732.jpg,train,goomy,1745954732,18b1a72732a5de8a7d0029ca9975eef14dfcd828d78297414e42a432243e69f7,224,224,RGB
data/raw/kaggle/extracted/train/goomy/1745954798.jpg,kaggle/extracted/train/goomy/1745954798.jpg,train,goomy,1745954798,e3338084f65ae26dfecad05ca78ef73814454090bd2b0f7a00aa44f7743224a0,224,224,RGB
data/raw/kaggle/extracted/train/gorebyss/1745426399.jpg,kaggle/extracted/train/gorebyss/1745426399.jpg,train,gorebyss,1745426399,1c4ba07e4dfa2998f6329ef526a25a5b5cc7478a58a5c72b2799b17e5d6ac17a,224,224,RGB
data/raw/kaggle/extracted/train/gorebyss/1745502543.jpg,kaggle/extracted/train/gorebyss/1745502543.jpg,train,gorebyss,1745502543,771efaf7ff817d73ced285f5e9b9ce45dd4ea2a6f4aec5c3ca950ef428f0ae35,224,224,RGB
data/raw/kaggle/extracted/train/gorebyss/1745560173.jpg,kaggle/extracted/train/gorebyss/1745560173.jpg,train,gorebyss,1745560173,efcbfdab52384a8e169fdc72690c9705c89e543cbd564feaf8b23e49371877da,224,224,RGB
data/raw/kaggle/extracted/train/gorebyss/1745587914.jpg,kaggle/extracted/train/gorebyss/1745587914.jpg,train,gorebyss,1745587914,c064407c050e1fd9661a9e427e6ee50254f4390a6cb22b34f02f9116d327ae28,224,224,RGB
data/raw/kaggle/extracted/train/gorebyss/1745648213.jpg,kaggle/extracted/train/gorebyss/1745648213.jpg,train,gorebyss,1745648213,f673714c7eec4939e5ffdfc7f410e9148b4faf2668b7948f86f3b1b6de8df647,224,224,RGB
data/raw/kaggle/extracted/train/gorebyss/1745657722.jpg,kaggle/extracted/train/gorebyss/1745657722.jpg,train,gorebyss,1745657722,0931e76334c31af0a47b09d5db27ad1b4f68783d6612bb7f32356d9a7ec07344,224,224,RGB
data/raw/kaggle/extracted/train/gorebyss/1745661677.jpg,kaggle/extracted/train/gorebyss/1745661677.jpg,train,gorebyss,1745661677,0e012bea662f0092a7b2a663c2f9a4ffb1606947b29ee74ebd65766ed4b7628d,224,224,RGB
data/raw/kaggle/extracted/train/gorebyss/1745661816.jpg,kaggle/extracted/train/gorebyss/1745661816.jpg,train,gorebyss,1745661816,663bb2024f4dea5cb93b3ba2191861dc65645d26e11dad496e40d325bad36fa8,224,224,RGB
data/raw/kaggle/extracted/train/gorebyss/1745958457.jpg,kaggle/extracted/train/gorebyss/1745958457.jpg,train,gorebyss,1745958457,2f3ce8d342829ef9374ba4f7a6a96d1ffe9c1e451993f0ae14f08a170cb2c58b,224,224,RGB
data/raw/kaggle/extracted/train/gorebyss/1745991354.jpg,kaggle/extracted/train/gorebyss/1745991354.jpg,train,gorebyss,1745991354,56ca53ca94c82d7efac67b5c945b0e90d55a2ee9f39aaae3b98537d2da2e6e21,224,224,RGB
data/raw/kaggle/extracted/train/gorebyss/1745992028.jpg,kaggle/extracted/train/gorebyss/1745992028.jpg,train,gorebyss,1745992028,6ddf3f06fea3d2ca80fe8b224a9bc8357206a0c410184cd9d5515708cfe386cd,224,224,RGB
data/raw/kaggle/extracted/train/gorebyss/1746133302.jpg,kaggle/extracted/train/gorebyss/1746133302.jpg,train,gorebyss,1746133302,d15c74bf00abfc669c5d44ca32644d434d278f33d56ac785ed96c2540454a7b4,224,224,RGB
data/raw/kaggle/extracted/train/gorebyss/1746135898.jpg,kaggle/extracted/train/gorebyss/1746135898.jpg,train,gorebyss,1746135898,409569c6c235c4d6393a1a9eb4eae2291773168c8e8bd99d881ecb4dd3d69827,224,224,RGB
data/raw/kaggle/extracted/train/gorebyss/1746204785.jpg,kaggle/extracted/train/gorebyss/1746204785.jpg,train,gorebyss,1746204785,996977c18277a261fee36adfd875abcb7a985dba844d55f008d4368a8d92c2c6,224,224,RGB
data/raw/kaggle/extracted/train/gorebyss/1746214725.jpg,kaggle/extracted/train/gorebyss/1746214725.jpg,train,gorebyss,1746214725,ea9fbbd26c9400d17e4694745bca7312197ac986e0e01350f2eede86a56760ed,224,224,RGB
data/raw/kaggle/extracted/train/gorebyss/1746342262.jpg,kaggle/extracted/train/gorebyss/1746342262.jpg,train,gorebyss,1746342262,39e23cf7431c2f6a80f8def5a5580ad3f4abebe08967411b7a93e83990a4d5c6,224,224,RGB
data/raw/kaggle/extracted/train/gorebyss/1746378721.jpg,kaggle/extracted/train/gorebyss/1746378721.jpg,train,gorebyss,1746378721,a407161f3f8676feac761b5f9e5b0b9749eeb3a788521253c44c74a1ddb413f4,224,224,RGB
data/raw/kaggle/extracted/train/gorebyss/1746385654.jpg,kaggle/extracted/train/gorebyss/1746385654.jpg,train,gorebyss,1746385654,e15f1e38d30fa4942abb848dfdedbf0c0c109393b0a45e52c780379453d3bad4,224,224,RGB
data/raw/kaggle/extracted/train/gorebyss/1746427764.jpg,kaggle/extracted/train/gorebyss/1746427764.jpg,train,gorebyss,1746427764,3e1b0fbd0e3b9eb98e1096944563f60d35339ffe5edf68c6b7b3fdbd55dc50fd,224,224,RGB
data/raw/kaggle/extracted/train/gorebyss/1746440482.jpg,kaggle/extracted/train/gorebyss/1746440482.jpg,train,gorebyss,1746440482,ad5b28fdff2acb3d71f15750400950ff40c094abe1c7a36a4a2ef29077d0ef8c,224,224,RGB
data/raw/kaggle/extracted/train/gorebyss/1746522272.jpg,kaggle/extracted/train/gorebyss/1746522272.jpg,train,gorebyss,1746522272,04d640044ef3ac41e75bb10f8d07babdb49a3e84d315dc5939f3e36ff57d4d3b,224,224,RGB
data/raw/kaggle/extracted/train/gorebyss/1746529632.jpg,kaggle/extracted/train/gorebyss/1746529632.jpg,train,gorebyss,1746529632,7542d01e2a4dba5030470a8165d99df6d42d2ea9ac3fd54a9b6662c726be3503,224,224,RGB
data/raw/kaggle/extracted/train/gorebyss/1746548790.jpg,kaggle/extracted/train/gorebyss/1746548790.jpg,train,gorebyss,1746548790,ebe830b103d837953e515c3930eae11204ce4e97971094ae3351d537097a3541,224,224,RGB
data/raw/kaggle/extracted/train/gorebyss/1746549169.jpg,kaggle/extracted/train/gorebyss/1746549169.jpg,train,gorebyss,1746549169,7a82934fb641e3ba10c967e5b9a93087b97a1a953e57206a6bec5e4adddaa66b,224,224,RGB
data/raw/kaggle/extracted/train/gossifleur/1745391712.jpg,kaggle/extracted/train/gossifleur/1745391712.jpg,train,gossifleur,1745391712,4efd351e0efe5e12813b21a6c23fd503b5dcd4dace63765dabc6dbe922a81f8d,224,224,RGB
data/raw/kaggle/extracted/train/gossifleur/1745392361.jpg,kaggle/extracted/train/gossifleur/1745392361.jpg,train,gossifleur,1745392361,a1a307a99ec2ecf33b7094f7d54e9bcc33b00d6a1933405927e9d19ea2dd0afc,224,224,RGB
data/raw/kaggle/extracted/train/gossifleur/1745424599.jpg,kaggle/extracted/train/gossifleur/1745424599.jpg,train,gossifleur,1745424599,ad1ba0e14b2f3b015b4612bf40e9e2eeb69e34be361315f5e01d2abe4783cbcb,224,224,RGB
data/raw/kaggle/extracted/train/gossifleur/1745434218.jpg,kaggle/extracted/train/gossifleur/1745434218.jpg,train,gossifleur,1745434218,29429acce1fc5cfe441bdbe2e89a4b341049ff404f93f9f56f561853afbc7e2e,224,224,RGB
data/raw/kaggle/extracted/train/gossifleur/1745435478.jpg,kaggle/extracted/train/gossifleur/1745435478.jpg,train,gossifleur,1745435478,c64e28276e51d1803f47c7450edd99fa59720521824855464c4c3641efcbf11e,224,224,RGB
data/raw/kaggle/extracted/train/gossifleur/1745499574.jpg,kaggle/extracted/train/gossifleur/1745499574.jpg,train,gossifleur,1745499574,3c882860dca61feb8c61c8258b509a377a511a2ba1536304d6995ac72d0d426c,224,224,RGB
data/raw/kaggle/extracted/train/gossifleur/1745524232.jpg,kaggle/extracted/train/gossifleur/1745524232.jpg,train,gossifleur,1745524232,4d0fdc22c118b8b9ac10d6ccb01e09101214abbda7f08d17466a2fa23a30f2de,224,224,RGB
data/raw/kaggle/extracted/train/gossifleur/1745528996.jpg,kaggle/extracted/train/gossifleur/1745528996.jpg,train,gossifleur,1745528996,0acd775d5c7577d493624460f0928f89599d55089cc88e2eff5e8274470d5eec,224,224,RGB
data/raw/kaggle/extracted/train/gossifleur/1745559828.jpg,kaggle/extracted/train/gossifleur/1745559828.jpg,train,gossifleur,1745559828,9f4c7867f14f688545cf94cdcce019f25fd0b11123b59f0151f23999e9c6bfdc,224,224,RGB
data/raw/kaggle/extracted/train/gossifleur/1745562476.jpg,kaggle/extracted/train/gossifleur/1745562476.jpg,train,gossifleur,1745562476,91696202b73c223cbe2039e43fe9587fcc900ede8c8d007a1c864cd39db4009e,224,224,RGB
data/raw/kaggle/extracted/train/gossifleur/1745568390.jpg,kaggle/extracted/train/gossifleur/1745568390.jpg,train,gossifleur,1745568390,1162668bf1b66e0520cb41ce53f31ec2b9804813bdc76226175e61c460e0a89f,224,224,RGB
data/raw/kaggle/extracted/train/gossifleur/1745570137.jpg,kaggle/extracted/train/gossifleur/1745570137.jpg,train,gossifleur,1745570137,f8f0a6ff77647665a0d5693a9517e2ce70ac9d9af3e0f282e7821f34e456d4e5,224,224,RGB
data/raw/kaggle/extracted/train/gossifleur/1745592569.jpg,kaggle/extracted/train/gossifleur/1745592569.jpg,train,gossifleur,1745592569,6ba7ed2f467521757a056d3884c513df5c7a0414c3335634c5658acf7c6282d9,224,224,RGB
data/raw/kaggle/extracted/train/gossifleur/1745596121.jpg,kaggle/extracted/train/gossifleur/1745596121.jpg,train,gossifleur,1745596121,379fbc1f651993523b56b906b423c384823c7a4f70dc89facedfb6c842571eb2,224,224,RGB
data/raw/kaggle/extracted/train/gossifleur/1745659709.jpg,kaggle/extracted/train/gossifleur/1745659709.jpg,train,gossifleur,1745659709,7819d831053c650fe0bd42d630134c47856093f554ad1cef05568d938dc4b5cc,224,224,RGB
data/raw/kaggle/extracted/train/gossifleur/1745659856.jpg,kaggle/extracted/train/gossifleur/1745659856.jpg,train,gossifleur,1745659856,c7a3caa7f3a85d373994a5928ffe4cbfb95166063a0871af15503282a41c8265,224,224,RGB
data/raw/kaggle/extracted/train/gossifleur/1745664102.jpg,kaggle/extracted/train/gossifleur/1745664102.jpg,train,gossifleur,1745664102,682397defec3131d5a202ee55b73cdb9ed817aded15526f65d3dc3c8f6ae9567,224,224,RGB
data/raw/kaggle/extracted/train/gossifleur/1745756716.jpg,kaggle/extracted/train/gossifleur/1745756716.jpg,train,gossifleur,1745756716,8dd8a9edf037f1507141b4a4f7ce158a3c77f1a95be1f9c1316373b2ef933aea,224,224,RGB
data/raw/kaggle/extracted/train/gossifleur/1745862370.jpg,kaggle/extracted/train/gossifleur/1745862370.jpg,train,gossifleur,1745862370,b06f857b1accf4983ded5423bd167fffb132082eaa4d654b0f5021b1e081bc90,224,224,RGB
data/raw/kaggle/extracted/train/gossifleur/1745955280.jpg,kaggle/extracted/train/gossifleur/1745955280.jpg,train,gossifleur,1745955280,20a320d1fcad9290e4403c5b879e1749792af625b8d055482ade55d292a31faa,224,224,RGB
data/raw/kaggle/extracted/train/gossifleur/1745955698.jpg,kaggle/extracted/train/gossifleur/1745955698.jpg,train,gossifleur,1745955698,eb3388c795dfc6c6757724213d25a4a5ccc962d09f621c356d480faa2919ff3f,224,224,RGB
data/raw/kaggle/extracted/train/gossifleur/1745959110.jpg,kaggle/extracted/train/gossifleur/1745959110.jpg,train,gossifleur,1745959110,938d9851d3d25815ae151f3d5d89a2fb6de793c02c2e3fd21a0b1a4337a622e2,224,224,RGB
data/raw/kaggle/extracted/train/gossifleur/1745963946.jpg,kaggle/extracted/train/gossifleur/1745963946.jpg,train,gossifleur,1745963946,6e251da0dbd2a8bd036e56d9a301cd0670e7168d44b03ddcf38b1c390b2109cd,224,224,RGB
data/raw/kaggle/extracted/train/gossifleur/1745986218.jpg,kaggle/extracted/train/gossifleur/1745986218.jpg,train,gossifleur,1745986218,ff9da79bffb016f2fb0c73970f0d03045cfb493555e6c1960d45ecd8472ed80f,224,224,RGB
data/raw/kaggle/extracted/train/gossifleur/1745988508.jpg,kaggle/extracted/train/gossifleur/1745988508.jpg,train,gossifleur,1745988508,152151f1ded4d2bfa2309f7bdf46142cf0ca6fac778f55e340f64f954d08742d,224,224,RGB
data/raw/kaggle/extracted/train/gossifleur/1745995854.jpg,kaggle/extracted/train/gossifleur/1745995854.jpg,train,gossifleur,1745995854,41a27411b16678dd5868b2d89815e3bf30cc8a6d92ee2edb3d266117a859f5a6,224,224,RGB
data/raw/kaggle/extracted/train/gossifleur/1745996264.jpg,kaggle/extracted/train/gossifleur/1745996264.jpg,train,gossifleur,1745996264,5b8d7b1aca0365fdbc2dafb5ec06c128895b569c110ddfbccb1882a853510b5d,224,224,RGB
data/raw/kaggle/extracted/train/gossifleur/1746005034.jpg,kaggle/extracted/train/gossifleur/1746005034.jpg,train,gossifleur,1746005034,6f98ba57b9ff7ae0a83f0132448911c869be9cdb2bfebfa6aa16d86beb0b9b04,224,224,RGB
data/raw/kaggle/extracted/train/gossifleur/1746005405.jpg,kaggle/extracted/train/gossifleur/1746005405.jpg,train,gossifleur,1746005405,b29ec65a08a549dabe68c50d339ed8caa248183b3323ab08ab832f67ef18656e,224,224,RGB
data/raw/kaggle/extracted/train/gossifleur/1746016204.jpg,kaggle/extracted/train/gossifleur/1746016204.jpg,train,gossifleur,1746016204,1a649af0eaa0dab9be22175341af6874ba0066c12393cc37968bf44d1fcca58a,224,224,RGB
data/raw/kaggle/extracted/train/gossifleur/1746016505.jpg,kaggle/extracted/train/gossifleur/1746016505.jpg,train,gossifleur,1746016505,bb6d90c0274585a856bcfa03d4214286ef086329de816dd38a78290b5cd82add,224,224,RGB
data/raw/kaggle/extracted/train/gossifleur/1746018223.jpg,kaggle/extracted/train/gossifleur/1746018223.jpg,train,gossifleur,1746018223,575b433e4c814a514cd3a8aec28e33dfad473dba2befa2ad490ee106f500f720,224,224,RGB
data/raw/kaggle/extracted/train/gossifleur/1746019775.jpg,kaggle/extracted/train/gossifleur/1746019775.jpg,train,gossifleur,1746019775,9bdbdad0bfd7c344c7711dc291809da38f9e78718e72eae88e71fac23251c49f,224,224,RGB
data/raw/kaggle/extracted/train/gossifleur/1746025783.jpg,kaggle/extracted/train/gossifleur/1746025783.jpg,train,gossifleur,1746025783,e86ca1a6fc635a5c47c1194601564e775a2a0fb809d6aa587c42a7e988a1183b,224,224,RGB
data/raw/kaggle/extracted/train/gossifleur/1746030584.jpg,kaggle/extracted/train/gossifleur/1746030584.jpg,train,gossifleur,1746030584,36b68dbb45f27a84520535b92548dd322cd2357292ff03425efb95f6d44ffce6,224,224,RGB
data/raw/kaggle/extracted/train/gossifleur/1746114562.jpg,kaggle/extracted/train/gossifleur/1746114562.jpg,train,gossifleur,1746114562,68b4cb8c9dbfc7bea048ff1ed74d8229a6955f7d6e59b62462ca5a5c382dba00,224,224,RGB
data/raw/kaggle/extracted/train/gossifleur/1746117425.jpg,kaggle/extracted/train/gossifleur/1746117425.jpg,train,gossifleur,1746117425,63d865cb5a0df0f6e21b3708ed42f9c8f3d2fa296ffab61fe0618d9740b67e9a,224,224,RGB
data/raw/kaggle/extracted/train/gossifleur/1746119017.jpg,kaggle/extracted/train/gossifleur/1746119017.jpg,train,gossifleur,1746119017,bb39050fba1a7bd6e1b29d34d985aef02ebed382aa14fb45d23addb985d3543a,224,224,RGB
data/raw/kaggle/extracted/train/gossifleur/1746122018.jpg,kaggle/extracted/train/gossifleur/1746122018.jpg,train,gossifleur,1746122018,0cf701b36338897536ae355a7bdf82ae0d224b08cf4845c2a24dd164de2b4ee2,224,224,RGB
data/raw/kaggle/extracted/train/gossifleur/1746122223.jpg,kaggle/extracted/train/gossifleur/1746122223.jpg,train,gossifleur,1746122223,fde93988063129ba5f72d88880969bd53c2971a3abd9d7aeabec5a79877c3a90,224,224,RGB
data/raw/kaggle/extracted/train/gossifleur/1746133490.jpg,kaggle/extracted/train/gossifleur/1746133490.jpg,train,gossifleur,1746133490,38b78e21203d9b9afee2b4359793daad805b5e95621d0dc255a00a9e84c40ee9,224,224,RGB
data/raw/kaggle/extracted/train/gossifleur/1746134766.jpg,kaggle/extracted/train/gossifleur/1746134766.jpg,train,gossifleur,1746134766,48eac1911c690225a69b34a227a009d95c63a8831d8f19c6464a0a3629738be8,224,224,RGB
data/raw/kaggle/extracted/train/gossifleur/1746136254.jpg,kaggle/extracted/train/gossifleur/1746136254.jpg,train,gossifleur,1746136254,8ac53410fd5edc469183083c35637f8c262210e4746fce66d600e2f30af079e6,224,224,RGB
data/raw/kaggle/extracted/train/gossifleur/1746143495.jpg,kaggle/extracted/train/gossifleur/1746143495.jpg,train,gossifleur,1746143495,df94f472dc56d209c7501e24fa25f16bf782efb634c95b3d4e91cd3c8cffdb09,224,224,RGB
data/raw/kaggle/extracted/train/gossifleur/1746205803.jpg,kaggle/extracted/train/gossifleur/1746205803.jpg,train,gossifleur,1746205803,dc92d4682f5049df83d72f5732a002642d0e01595960dfa5c91a14327fd9ad63,224,224,RGB
data/raw/kaggle/extracted/train/gossifleur/1746211778.jpg,kaggle/extracted/train/gossifleur/1746211778.jpg,train,gossifleur,1746211778,25fa925c0eaa13e2ef2b2876e4942cb6f12f7d29600692b3756e023e7ba42d1e,224,224,RGB
data/raw/kaggle/extracted/train/gossifleur/1746212764.jpg,kaggle/extracted/train/gossifleur/1746212764.jpg,train,gossifleur,1746212764,8d151774faf1db83f56e1c28fca51f9d1681a0acc3323f91b48241134affbdaa,224,224,RGB
data/raw/kaggle/extracted/train/gossifleur/1746218774.jpg,kaggle/extracted/train/gossifleur/1746218774.jpg,train,gossifleur,1746218774,6e2dbeaac770bd78aaae00889cd324797d9058e21f35e1ae5c5c1f2486f5fdc5,224,224,RGB
data/raw/kaggle/extracted/train/gossifleur/1746224887.jpg,kaggle/extracted/train/gossifleur/1746224887.jpg,train,gossifleur,1746224887,e71202667c1b6fa05080b62ae796ed16aaa953315f65b3de1c13e9758ebae497,224,224,RGB
data/raw/kaggle/extracted/train/gossifleur/1746252908.jpg,kaggle/extracted/train/gossifleur/1746252908.jpg,train,gossifleur,1746252908,fbf167d08d4631acc7988d2655179cee7523a46d182434f6bc0891a9ab7cda95,224,224,RGB
data/raw/kaggle/extracted/train/gossifleur/1746253357.jpg,kaggle/extracted/train/gossifleur/1746253357.jpg,train,gossifleur,1746253357,c473c1732d9e7f524305ca79deb27353762eee772f33893f6744295119d1a372,224,224,RGB
data/raw/kaggle/extracted/train/gossifleur/1746253357_hflip.jpg,kaggle/extracted/train/gossifleur/1746253357_hflip.jpg,train,gossifleur,1746253357,7c7a579864c1bed27cbbb7283aa08836cfdc6f5fd8c238f4a8f1fc1ac464dc4a,224,224,RGB
data/raw/kaggle/extracted/train/gossifleur/1746343528.jpg,kaggle/extracted/train/gossifleur/1746343528.jpg,train,gossifleur,1746343528,666a4c8ef511d360bd8e2e6512ab2b1adbe10d6c8603622fdf0c3234c4e2c12b,224,224,RGB
data/raw/kaggle/extracted/train/gossifleur/1746346650.jpg,kaggle/extracted/train/gossifleur/1746346650.jpg,train,gossifleur,1746346650,cd4d7ffdadc3b830158e9bc9854b5ce4387f7d515fce573aae738c5fa0cc2203,224,224,RGB
data/raw/kaggle/extracted/train/gossifleur/1746354593.jpg,kaggle/extracted/train/gossifleur/1746354593.jpg,train,gossifleur,1746354593,fc0212862a5ba9d9c3d111b3d6dd425ae037e899a99ab51825cae9c458c5de92,224,224,RGB
data/raw/kaggle/extracted/train/gossifleur/1746379275.jpg,kaggle/extracted/train/gossifleur/1746379275.jpg,train,gossifleur,1746379275,c2da4886139a05935129cbe87d4a293abdb9671813c6592703a236f3b8266e2e,224,224,RGB
data/raw/kaggle/extracted/train/gossifleur/1746381112.jpg,kaggle/extracted/train/gossifleur/1746381112.jpg,train,gossifleur,1746381112,b7df95fa66e9f70bb8dbf3e78180b70440dacffdc3c03a1d4f159cbfecbc3710,224,224,RGB
data/raw/kaggle/extracted/train/gossifleur/1746382141.jpg,kaggle/extracted/train/gossifleur/1746382141.jpg,train,gossifleur,1746382141,dd0d2c57bbfbde3b1b5720831c143ec32fd483cf78a3193fd5434138500bfe26,224,224,RGB
data/raw/kaggle/extracted/train/gossifleur/1746384032.jpg,kaggle/extracted/train/gossifleur/1746384032.jpg,train,gossifleur,1746384032,a98d08322b2273761524e80efab5b66ecb44a4e359fdd3f2a37f1473cec6a5e1,224,224,RGB
data/raw/kaggle/extracted/train/gossifleur/1746385762.jpg,kaggle/extracted/train/gossifleur/1746385762.jpg,train,gossifleur,1746385762,30a3cf98bf437e965c7c09a6ef32333df8ba94ccdbc9a530f3a86e7981ee7025,224,224,RGB
data/raw/kaggle/extracted/train/gossifleur/1746386693.jpg,kaggle/extracted/train/gossifleur/1746386693.jpg,train,gossifleur,1746386693,feaafe6081b626f1c51f655cd7047cc19c632016b813eaebb742120212c5d822,224,224,RGB
data/raw/kaggle/extracted/train/gossifleur/1746390268.jpg,kaggle/extracted/train/gossifleur/1746390268.jpg,train,gossifleur,1746390268,1df8d82fe672e61e679f4e1c2c67e97a6d6a8cc679996b3eede029e5e5ed8839,224,224,RGB
data/raw/kaggle/extracted/train/gossifleur/1746396034.jpg,kaggle/extracted/train/gossifleur/1746396034.jpg,train,gossifleur,1746396034,f5ecf81cbfbc7363d61f47fab7227048670bf94827da19acabf7da33a88fbc3b,224,224,RGB
data/raw/kaggle/extracted/train/gossifleur/1746396854.jpg,kaggle/extracted/train/gossifleur/1746396854.jpg,train,gossifleur,1746396854,d8e7e40d7b187953edd97c0e881a512cd1e595b9915e7793a07cee56e57c1d8b,224,224,RGB
data/raw/kaggle/extracted/train/gossifleur/1746430741.jpg,kaggle/extracted/train/gossifleur/1746430741.jpg,train,gossifleur,1746430741,4bb8a3842b60a15ecc17a15d4b526cd9fec0a07d4da537213b85bb2a5a2ff46a,224,224,RGB
data/raw/kaggle/extracted/train/gossifleur/1746435593.jpg,kaggle/extracted/train/gossifleur/1746435593.jpg,train,gossifleur,1746435593,62e697ed9c48c22058e488f92f8c7d2f729f231f3c23900f483bd28437ad835b,224,224,RGB
data/raw/kaggle/extracted/train/gossifleur/1746436322.jpg,kaggle/extracted/train/gossifleur/1746436322.jpg,train,gossifleur,1746436322,00cf4b1ec6ddaede6336925734b4e213d5bb544f6ba6933109e4f71e5d4daffd,224,224,RGB
data/raw/kaggle/extracted/train/gossifleur/1746436682.jpg,kaggle/extracted/train/gossifleur/1746436682.jpg,train,gossifleur,1746436682,9cb106ece5e9516835cd5bfe24ea9980443585d1df3d73fa7dff7f8b877d7cd9,224,224,RGB
data/raw/kaggle/extracted/train/gossifleur/1746440128.jpg,kaggle/extracted/train/gossifleur/1746440128.jpg,train,gossifleur,1746440128,54a89efa2a7fac3eb1706800075dfced524b1e88ef9bfad7b281219db5614228,224,224,RGB
data/raw/kaggle/extracted/train/gossifleur/1746445178.jpg,kaggle/extracted/train/gossifleur/1746445178.jpg,train,gossifleur,1746445178,ea36e20d101670f700131b58cf2a80a304d96c72cf8223f0436ac51699a7194d,224,224,RGB
data/raw/kaggle/extracted/train/gossifleur/1746446532.jpg,kaggle/extracted/train/gossifleur/1746446532.jpg,train,gossifleur,1746446532,05ad55d9b4917ec03211c1d6c09ac4a9306cb921e9acb6ae9ac61c1003de3f57,224,224,RGB
data/raw/kaggle/extracted/train/gossifleur/1746463448.jpg,kaggle/extracted/train/gossifleur/1746463448.jpg,train,gossifleur,1746463448,96c295f865b828ce5f1e4d9bb02c8c646bed42ab8bcbe4c097619a86e093f836,224,224,RGB
data/raw/kaggle/extracted/train/gossifleur/1746464092.jpg,kaggle/extracted/train/gossifleur/1746464092.jpg,train,gossifleur,1746464092,c9e608569cd8b9c5deae0dc340befbfc052acfb1345ff1c02168ae04eac89590,224,224,RGB
data/raw/kaggle/extracted/train/gothita/1745384878.jpg,kaggle/extracted/train/gothita/1745384878.jpg,train,gothita,1745384878,16fe56e1596216ec2fa14b080cc28036f53755140868866e6a037e2cb1bbd7eb,224,224,RGB
data/raw/kaggle/extracted/train/gothita/1745386442.jpg,kaggle/extracted/train/gothita/1745386442.jpg,train,gothita,1745386442,91867778eb247f0a798572742b7f86c2d46074c7de7f2f6f89b27cb5ee7b0d13,224,224,RGB
data/raw/kaggle/extracted/train/gothita/1745390272.jpg,kaggle/extracted/train/gothita/1745390272.jpg,train,gothita,1745390272,7661e71948e2fbca23163c125d6c8528d9b2d70f282c895c3eafc0aaa52f13cf,224,224,RGB
data/raw/kaggle/extracted/train/gothita/1745392101.jpg,kaggle/extracted/train/gothita/1745392101.jpg,train,gothita,1745392101,12a91be9c852baaaca07f3be6b5ccb3bfd0b7c1f69836af04527d7351b0a82a2,224,224,RGB
data/raw/kaggle/extracted/train/gothita/1745402451.jpg,kaggle/extracted/train/gothita/1745402451.jpg,train,gothita,1745402451,bab850039a56e4a79c019b288110f69200bc1bd929ab09a55c46759816c482e8,224,224,RGB
data/raw/kaggle/extracted/train/gothita/1745404462.jpg,kaggle/extracted/train/gothita/1745404462.jpg,train,gothita,1745404462,3274a9c85a39921e0a01189756fcfa5d17b5fc4be9fa26981cac05cae1e30f33,224,224,RGB
data/raw/kaggle/extracted/train/gothita/1745404933.jpg,kaggle/extracted/train/gothita/1745404933.jpg,train,gothita,1745404933,c63c9ff9be16c00837474ee9c3773bd7916d5081387b7abdf8b52b4a2a32eb18,224,224,RGB
data/raw/kaggle/extracted/train/gothita/1745405221.jpg,kaggle/extracted/train/gothita/1745405221.jpg,train,gothita,1745405221,e6d85377b957167e072d3d5f7d137b1d168a685118cc8892ee1fa70d67ecf6fa,224,224,RGB
data/raw/kaggle/extracted/train/gothita/1745406253.jpg,kaggle/extracted/train/gothita/1745406253.jpg,train,gothita,1745406253,0c8c6cf788daf15f146a180ebc07031b487f27a17ce52098d555b5a1198e1a7a,224,224,RGB
data/raw/kaggle/extracted/train/gothita/1745406479.jpg,kaggle/extracted/train/gothita/1745406479.jpg,train,gothita,1745406479,fb5cbf309824592dbbdcbf490cb39009a9a34f1aad3dd1f8569cae6cab635a0a,224,224,RGB
data/raw/kaggle/extracted/train/gothita/1745406712.jpg,kaggle/extracted/train/gothita/1745406712.jpg,train,gothita,1745406712,99782b7aeb949befb50e4d270ea2e2f6abf1913e3387e6a0e3eb47c01b86157f,224,224,RGB
data/raw/kaggle/extracted/train/gothita/1745407500.jpg,kaggle/extracted/train/gothita/1745407500.jpg,train,gothita,1745407500,a5481b5ad6044596148f01b266b961c16052f1287ebe0f3c0e49cce94a466613,224,224,RGB
data/raw/kaggle/extracted/train/gothita/1745410711.jpg,kaggle/extracted/train/gothita/1745410711.jpg,train,gothita,1745410711,020a47ec2728407de176fd5627cb3edfbe5a917ada18c3ded9ac7e5d99dbb6e2,224,224,RGB
data/raw/kaggle/extracted/train/gothita/1745412971.jpg,kaggle/extracted/train/gothita/1745412971.jpg,train,gothita,1745412971,84c51b5399ac66a4591032c70c50a22b404274b78cb705a0011d0423ddaddc8b,224,224,RGB
data/raw/kaggle/extracted/train/gothita/1745414489.jpg,kaggle/extracted/train/gothita/1745414489.jpg,train,gothita,1745414489,0090b95a54d5809795f22b7dcac48d3b39a94f23b86b91a4357464c88e18f57f,224,224,RGB
data/raw/kaggle/extracted/train/gothita/1745415278.jpg,kaggle/extracted/train/gothita/1745415278.jpg,train,gothita,1745415278,91e4913b73ae09e4384228349542a182bea42fbb947eb61a82a7ac5d842a9148,224,224,RGB
data/raw/kaggle/extracted/train/gothita/1745416007.jpg,kaggle/extracted/train/gothita/1745416007.jpg,train,gothita,1745416007,aa2d3edaf610df1a8e7e68da38f369e4d218f401feaaa60a1576aca2bb0cf405,224,224,RGB
data/raw/kaggle/extracted/train/gothita/1745419815.jpg,kaggle/extracted/train/gothita/1745419815.jpg,train,gothita,1745419815,adde440e168ff5d6d6a09a2d57d8fbdcc41086cfecc3a93f5094ed8288c510d5,224,224,RGB
data/raw/kaggle/extracted/train/gothita/1745422511.jpg,kaggle/extracted/train/gothita/1745422511.jpg,train,gothita,1745422511,8a960fc8fffd8999a0f5d56615c1c57e3d7bcc9271b9d5f432c081e739dbb31b,224,224,RGB
data/raw/kaggle/extracted/train/gothita/1745423558.jpg,kaggle/extracted/train/gothita/1745423558.jpg,train,gothita,1745423558,7f0b8a89e04fec57d0c0601ebbbd39ca579c0ba8a0a5e503d702624374451e39,224,224,RGB
data/raw/kaggle/extracted/train/gothita/1745424990.jpg,kaggle/extracted/train/gothita/1745424990.jpg,train,gothita,1745424990,c4cf788740ebd1990645d2333eb0f69e2f05d5231a0f72718eec4f534940e17b,224,224,RGB
data/raw/kaggle/extracted/train/gothita/1745426477.jpg,kaggle/extracted/train/gothita/1745426477.jpg,train,gothita,1745426477,fdf7124f8ad81a772c3f2a2cea467a0f2d062231a81885f581aedfd5c5c2f3bb,224,224,RGB
data/raw/kaggle/extracted/train/gothita/1745428690.jpg,kaggle/extracted/train/gothita/1745428690.jpg,train,gothita,1745428690,3d2b992fc1dc72c4d4724ba08d49f5f133073b4e6503f220219b1031491f874f,224,224,RGB
data/raw/kaggle/extracted/train/gothita/1745429677.jpg,kaggle/extracted/train/gothita/1745429677.jpg,train,gothita,1745429677,b0945eb6278c5b25cc9b9a04bd79a2a855297be8e91e07b6e0c8ff61bfbd7b33,224,224,RGB
data/raw/kaggle/extracted/train/gothita/1745434856.jpg,kaggle/extracted/train/gothita/1745434856.jpg,train,gothita,1745434856,3f7e90e1c93b8672e102e8deaf229011e41c4801cf8c373e66662bff525ef275,224,224,RGB
data/raw/kaggle/extracted/train/gothita/1745435714.jpg,kaggle/extracted/train/gothita/1745435714.jpg,train,gothita,1745435714,190e8cf0fc379eba85db6c9f0ceb85a73ace92b51af37fa74deee2296ea927d8,224,224,RGB
data/raw/kaggle/extracted/train/gothita/1745438200.jpg,kaggle/extracted/train/gothita/1745438200.jpg,train,gothita,1745438200,7ab5ef6bfc6f4624fc96870dae0a9bb111756c34c6b89b0557964aa6e946dcda,224,224,RGB
data/raw/kaggle/extracted/train/gothita/1745439858.jpg,kaggle/extracted/train/gothita/1745439858.jpg,train,gothita,1745439858,6cb00c51cdd833d51258a670be37be52a3bb0a936726b5459153e0e4924af23a,224,224,RGB
data/raw/kaggle/extracted/train/gothita/1745498215.jpg,kaggle/extracted/train/gothita/1745498215.jpg,train,gothita,1745498215,25f15cd54dc2f505b53e06a7c688a20a87e9c57f3721c2435cb3867892f1c0aa,224,224,RGB
data/raw/kaggle/extracted/train/gothita/1745502433.jpg,kaggle/extracted/train/gothita/1745502433.jpg,train,gothita,1745502433,18d6a2a9a6944b26d831426aea6c05b52e9dd6225fb6ae1100556a69678a6c61,224,224,RGB
data/raw/kaggle/extracted/train/gothita/1745506856.jpg,kaggle/extracted/train/gothita/1745506856.jpg,train,gothita,1745506856,4d050b138fd11aa1825021e73d65b8078be74cb67ad3e7927f472b29196b5a89,224,224,RGB
data/raw/kaggle/extracted/train/gothita/1745525536.jpg,kaggle/extracted/train/gothita/1745525536.jpg,train,gothita,1745525536,1b4306e690a7755e1cca215df6ab6ce9df30f4b95e9d58a7dd221d5e42335e9d,224,224,RGB
data/raw/kaggle/extracted/train/gothita/1745526876.jpg,kaggle/extracted/train/gothita/1745526876.jpg,train,gothita,1745526876,e0453fdfafdf475b6000e98bae8e8525ccc5d6da17f025aec50b8e4a3a35c959,224,224,RGB
data/raw/kaggle/extracted/train/gothita/1745529915.jpg,kaggle/extracted/train/gothita/1745529915.jpg,train,gothita,1745529915,28b98e53642177b0e538eccf9d3732d1ff2c90741bd88b8c2ae96ac019ab6c5d,224,224,RGB
data/raw/kaggle/extracted/train/gothita/1745533014.jpg,kaggle/extracted/train/gothita/1745533014.jpg,train,gothita,1745533014,75bd4a94094bd3e92767527ebafe927fcdf079c5139d7ab41d3d6a94e07c3adc,224,224,RGB
data/raw/kaggle/extracted/train/gothita/1745533515.jpg,kaggle/extracted/train/gothita/1745533515.jpg,train,gothita,1745533515,b33f29af3857f2a05abc31ce11578cb236dd54463fa7b3490d5a09d723169bfd,224,224,RGB
data/raw/kaggle/extracted/train/gothita/1745538018.jpg,kaggle/extracted/train/gothita/1745538018.jpg,train,gothita,1745538018,94d8487ff07146779c9de6bc308cb7ad643230a85ad6dc0a95945a9336428946,224,224,RGB
data/raw/kaggle/extracted/train/gothita/1745538173.jpg,kaggle/extracted/train/gothita/1745538173.jpg,train,gothita,1745538173,e2a2a543249ccf431e56ef310850c5be2370cfa7957fba80bfa076d88ae15b90,224,224,RGB
data/raw/kaggle/extracted/train/gothita/1745538389.jpg,kaggle/extracted/train/gothita/1745538389.jpg,train,gothita,1745538389,57e5a9838c53b029bae81f1c56283c361f9fcf405b8a4e60931bf81c6e3452e7,224,224,RGB
data/raw/kaggle/extracted/train/gothita/1745538638.jpg,kaggle/extracted/train/gothita/1745538638.jpg,train,gothita,1745538638,4459582a0a4f0e5419047b1e2fa8478ecd4209a6b5409f1346510834a765a9d9,224,224,RGB
data/raw/kaggle/extracted/train/gothita/1745540213.jpg,kaggle/extracted/train/gothita/1745540213.jpg,train,gothita,1745540213,4a96ca7825d26b4e114a49a1ee77d0f162af600a2aaf03d8dbb7d61a3d63f980,224,224,RGB
data/raw/kaggle/extracted/train/gothita/1745560049.jpg,kaggle/extracted/train/gothita/1745560049.jpg,train,gothita,1745560049,cd966454ad1360d3b5f6f7135612b306c0efeca44a7503294c8086299a225983,224,224,RGB
data/raw/kaggle/extracted/train/gothita/1745561922.jpg,kaggle/extracted/train/gothita/1745561922.jpg,train,gothita,1745561922,926b966fc14816fddd3f79d72bb877d84afd2d1d9d8037baa477043e3842f494,224,224,RGB
data/raw/kaggle/extracted/train/gothita/1745563972.jpg,kaggle/extracted/train/gothita/1745563972.jpg,train,gothita,1745563972,5cf5cf45311aefe12547dcf80cf4cfc44b1a49707a928f74a13a744fa4be31d8,224,224,RGB
data/raw/kaggle/extracted/train/gothita/1745564496.jpg,kaggle/extracted/train/gothita/1745564496.jpg,train,gothita,1745564496,1209d7e924b8826480d0961e21da838d40425db550b41476599d5c605b47ab7c,224,224,RGB
data/raw/kaggle/extracted/train/gothita/1745564833.jpg,kaggle/extracted/train/gothita/1745564833.jpg,train,gothita,1745564833,09e3c79a5377c813404c3c198e836e8a72910c5f0f69854ef6bb7389ecb1b871,224,224,RGB
data/raw/kaggle/extracted/train/gothita/1745566530.jpg,kaggle/extracted/train/gothita/1745566530.jpg,train,gothita,1745566530,3b1c324893f660db680515a1b7137da685f4b0245d12347e03c10da47016085c,224,224,RGB
data/raw/kaggle/extracted/train/gothita/1745567599.jpg,kaggle/extracted/train/gothita/1745567599.jpg,train,gothita,1745567599,4f4e38ef002ae1c5e3438e6d578a3ed9a3fdec771c7608c58393e8ca53833bc0,224,224,RGB
data/raw/kaggle/extracted/train/gothita/1745567758.jpg,kaggle/extracted/train/gothita/1745567758.jpg,train,gothita,1745567758,93e727f184704edbc551b547bc7bce6572b1c3d674d90b07a1f3a31ee02ce648,224,224,RGB
data/raw/kaggle/extracted/train/gothita/1745567815.jpg,kaggle/extracted/train/gothita/1745567815.jpg,train,gothita,1745567815,a6e2b770c335fe9dff2d3c6fc7a686bd0b66f1ec5738ba5e8a4e51c3cdfddb5e,224,224,RGB
data/raw/kaggle/extracted/train/gothita/1745568171.jpg,kaggle/extracted/train/gothita/1745568171.jpg,train,gothita,1745568171,69d65d4e36696a783d3698b3ac339542003e8b9118d6f7319e4e3609d7464688,224,224,RGB
data/raw/kaggle/extracted/train/gothita/1745570690.jpg,kaggle/extracted/train/gothita/1745570690.jpg,train,gothita,1745570690,cb608759455ed96435ef5559d04d76ae61e6184351dbb36e408fc3150223c5a4,224,224,RGB
data/raw/kaggle/extracted/train/gothita/1745572218.jpg,kaggle/extracted/train/gothita/1745572218.jpg,train,gothita,1745572218,5ae88db9a7bb4337c7728a81060a98173eaba16c0e66634bbd2a2b2ffc5ebab3,224,224,RGB
data/raw/kaggle/extracted/train/gothita/1745591135.jpg,kaggle/extracted/train/gothita/1745591135.jpg,train,gothita,1745591135,80f96249503f4be989fd4cdc70a2f4d46395c2f2068913ccde87c6061f49a338,224,224,RGB
data/raw/kaggle/extracted/train/gothita/1745592855.jpg,kaggle/extracted/train/gothita/1745592855.jpg,train,gothita,1745592855,1cd9fa5a26d1f346dbc1ada34c1dba25dcb0f7e26d1ae14067fab9df6b58e059,224,224,RGB
data/raw/kaggle/extracted/train/gothita/1745593371.jpg,kaggle/extracted/train/gothita/1745593371.jpg,train,gothita,1745593371,a8bcf45f62cf1de3f150ba0648715e52724fe37edbe9fc62545839473fb98cc4,224,224,RGB
data/raw/kaggle/extracted/train/gothita/1745594294.jpg,kaggle/extracted/train/gothita/1745594294.jpg,train,gothita,1745594294,a995a0706dc67925874bf78b5d0afdab3237964ebd0dbda4dcbe10626dff59e1,224,224,RGB
data/raw/kaggle/extracted/train/gothita/1745594964.jpg,kaggle/extracted/train/gothita/1745594964.jpg,train,gothita,1745594964,7280f56c983cb835a4e46cd5b626fe3834a5be1bfb16292a14896d9bd7f6db89,224,224,RGB
data/raw/kaggle/extracted/train/gothita/1745595037.jpg,kaggle/extracted/train/gothita/1745595037.jpg,train,gothita,1745595037,6379130749668e88b5104ece878fb2d47a4f4e2359c44e549eb8a345851c6fcb,224,224,RGB
data/raw/kaggle/extracted/train/gothita/1745595957.jpg,kaggle/extracted/train/gothita/1745595957.jpg,train,gothita,1745595957,69f139d6409d33a006f9e2c832b0a26bcfdee949e07737a50e0ba9018b1f31aa,224,224,RGB
data/raw/kaggle/extracted/train/gothita/1745597354.jpg,kaggle/extracted/train/gothita/1745597354.jpg,train,gothita,1745597354,78f9ce715a912b4f3e49bc576f1aebe26978dc98a3b441764c3ce9c19a21e086,224,224,RGB
data/raw/kaggle/extracted/train/gothita/1745606364.jpg,kaggle/extracted/train/gothita/1745606364.jpg,train,gothita,1745606364,9a2c55b2a3f89d8082606c8ede76932c2de6f7a46e695d3029a84b98ba543c8e,224,224,RGB
data/raw/kaggle/extracted/train/gothita/1745611408.jpg,kaggle/extracted/train/gothita/1745611408.jpg,train,gothita,1745611408,36f0bd7f037d411eed717f6d9d4cadca83834c92e92143414264bffb141598f5,224,224,RGB
data/raw/kaggle/extracted/train/gothita/1745612061.jpg,kaggle/extracted/train/gothita/1745612061.jpg,train,gothita,1745612061,9356bcaac33d78eab244faff8e0c298da80993ddabfa9f8ac793b8b25e95e523,224,224,RGB
data/raw/kaggle/extracted/train/gothita/1745612561.jpg,kaggle/extracted/train/gothita/1745612561.jpg,train,gothita,1745612561,387ed88dc8b9db4743f7422e8e8a36cd496b411e4cba7999e9d3d8dd2992b5ce,224,224,RGB
data/raw/kaggle/extracted/train/gothita/1745650967.jpg,kaggle/extracted/train/gothita/1745650967.jpg,train,gothita,1745650967,e5c1d6fb556fce15daae058915f2aef9cf2b0412c1de6da173cb83fb0e483fd9,224,224,RGB
data/raw/kaggle/extracted/train/gothita/1745652226.jpg,kaggle/extracted/train/gothita/1745652226.jpg,train,gothita,1745652226,b66cec47c69f5da6af7fd0632ea2c16ad3d2fa88b632499d7912501381c14370,224,224,RGB
data/raw/kaggle/extracted/train/gothita/1745652407.jpg,kaggle/extracted/train/gothita/1745652407.jpg,train,gothita,1745652407,72ee55bf2161d1af33b360144220c37e4a4d63b35510bd81d960619d827e6551,224,224,RGB
data/raw/kaggle/extracted/train/gothita/1745652682.jpg,kaggle/extracted/train/gothita/1745652682.jpg,train,gothita,1745652682,32b8c397a9d4887897095a19e52acc3dcf1e0e36c91a550136f69b0f0fded812,224,224,RGB
data/raw/kaggle/extracted/train/gothita/1745653461.jpg,kaggle/extracted/train/gothita/1745653461.jpg,train,gothita,1745653461,31a711a90786fab70e8179f52b1b0eaf52f79ac4d1230331c2892bbdb0ed16ed,224,224,RGB
data/raw/kaggle/extracted/train/gothita/1745653869.jpg,kaggle/extracted/train/gothita/1745653869.jpg,train,gothita,1745653869,b47401e4999052e8aafbff74d123adeb01bedf37ecd819561a83d5bf24bf5a28,224,224,RGB
data/raw/kaggle/extracted/train/gothita/1745653947.jpg,kaggle/extracted/train/gothita/1745653947.jpg,train,gothita,1745653947,358284c5dafd8a2dae53744e6c9dc307c6c658d6797b6fecd799ffd5c08bf0f2,224,224,RGB
data/raw/kaggle/extracted/train/gothitelle/1745410094.jpg,kaggle/extracted/train/gothitelle/1745410094.jpg,train,gothitelle,1745410094,173e200083ab1ccabaa2c48ce1f4470113176acf25ca94b7c561c07713f3fca0,224,224,RGB
data/raw/kaggle/extracted/train/gothitelle/1745662639.jpg,kaggle/extracted/train/gothitelle/1745662639.jpg,train,gothitelle,1745662639,08f386081fd62e4ceb545a0cc83e37d85d6de74acfea778bc14fa0027c6e2bdb,224,224,RGB
data/raw/kaggle/extracted/train/gothitelle/1745769919.jpg,kaggle/extracted/train/gothitelle/1745769919.jpg,train,gothitelle,1745769919,80c795eda73a5f14aa1bdaeb78c179490f4dd2ab435f6f16f0bb5360da474502,224,224,RGB
data/raw/kaggle/extracted/train/gothitelle/1745778595.jpg,kaggle/extracted/train/gothitelle/1745778595.jpg,train,gothitelle,1745778595,31887c332b1290bcbc699c4cf15ff76b7539cb512b95306129eaaeb8f4295953,224,224,RGB
data/raw/kaggle/extracted/train/gothitelle/1745958695.jpg,kaggle/extracted/train/gothitelle/1745958695.jpg,train,gothitelle,1745958695,524a1a15e56bd299c1add606ce8a39631eb70a02d3fd1888f9aa665f50b6c076,224,224,RGB
data/raw/kaggle/extracted/train/gothitelle/1745959593.jpg,kaggle/extracted/train/gothitelle/1745959593.jpg,train,gothitelle,1745959593,b1706601afc187ba67043a3d90f5afed3cfae2b5797bf220fdf3934e43a29109,224,224,RGB
data/raw/kaggle/extracted/train/gothitelle/1745985489.jpg,kaggle/extracted/train/gothitelle/1745985489.jpg,train,gothitelle,1745985489,f4d7ce2527f69f3ae022f6dc8432f04f3fd995c4b48ba71a5140802d03fa377f,224,224,RGB
data/raw/kaggle/extracted/train/gothitelle/1746015523.jpg,kaggle/extracted/train/gothitelle/1746015523.jpg,train,gothitelle,1746015523,bcf1a8ddbe58f7ba5686a40be60f3c9dfa306e68b66e1e6bf667f4ad3120d87a,224,224,RGB
data/raw/kaggle/extracted/train/gothitelle/1746126602.jpg,kaggle/extracted/train/gothitelle/1746126602.jpg,train,gothitelle,1746126602,c2508ad2654c586562717f82e006cf499ac5820ae6bf642cf713e92221056749,224,224,RGB
data/raw/kaggle/extracted/train/gothitelle/1746254490.jpg,kaggle/extracted/train/gothitelle/1746254490.jpg,train,gothitelle,1746254490,7adbfb3e7ca7fb0283bc3ed325facba56e990d2d0fc0e59e13f0f00a63c5654b,224,224,RGB
data/raw/kaggle/extracted/train/gothitelle/1746441642.jpg,kaggle/extracted/train/gothitelle/1746441642.jpg,train,gothitelle,1746441642,e74842d7f9937460b30ba258593e1950cd18e251572131b66010ddac5064b243,224,224,RGB
data/raw/kaggle/extracted/train/gothitelle/1746447600.jpg,kaggle/extracted/train/gothitelle/1746447600.jpg,train,gothitelle,1746447600,3ced534477ad1e773b1e1f4256d1ce861afbd1942f82aa3f99a558c371d7834f,224,224,RGB
data/raw/kaggle/extracted/train/gothitelle/1746466285.jpg,kaggle/extracted/train/gothitelle/1746466285.jpg,train,gothitelle,1746466285,0ba342c2095662a7a3b3db7913e090a73222c60630e7fc1b036c85f38204290c,224,224,RGB
data/raw/kaggle/extracted/train/gothitelle/1746466579.jpg,kaggle/extracted/train/gothitelle/1746466579.jpg,train,gothitelle,1746466579,1579a315a9e55ece8bbb52160e6d9385472dd635fac39e0d9686d7b3a22f123f,224,224,RGB
data/raw/kaggle/extracted/train/gothitelle/1746527849.jpg,kaggle/extracted/train/gothitelle/1746527849.jpg,train,gothitelle,1746527849,59e212ce7e4e56678de1400d3d4a5c8f05f7871d2b3fae682f3cd8f5d60ed0a9,224,224,RGB
data/raw/kaggle/extracted/train/gothitelle/1746547152.jpg,kaggle/extracted/train/gothitelle/1746547152.jpg,train,gothitelle,1746547152,fc42e51cb9a3ffdf9bb2a498053102165fbbe7f7dd92cd813c7ad70cdee67c35,224,224,RGB
data/raw/kaggle/extracted/train/gothitelle/1746550952.jpg,kaggle/extracted/train/gothitelle/1746550952.jpg,train,gothitelle,1746550952,12b3d060c5edd2fe1e1f2ee1e88026b237219000baf5a437c15b7baa78bf494e,224,224,RGB
data/raw/kaggle/extracted/train/gothitelle/1746551690.jpg,kaggle/extracted/train/gothitelle/1746551690.jpg,train,gothitelle,1746551690,c5522bdc504ffa10b66745556fe51581638a7173d4450d961807c10d87b386ee,224,224,RGB
data/raw/kaggle/extracted/train/gothorita/1745389492.jpg,kaggle/extracted/train/gothorita/1745389492.jpg,train,gothorita,1745389492,f6cb7fdcac9b1cbb05955a7d41a0927928c8e87e9c6356ba31a5b9f9f31fc124,224,224,RGB
data/raw/kaggle/extracted/train/gothorita/1745494522.jpg,kaggle/extracted/train/gothorita/1745494522.jpg,train,gothorita,1745494522,e50df15b4ee523c65da962c9388afc29a8d3ac88e6e9fd16c82b1361c55e3106,224,224,RGB
data/raw/kaggle/extracted/train/gothorita/1745496773.jpg,kaggle/extracted/train/gothorita/1745496773.jpg,train,gothorita,1745496773,1c0d250b5a52a1fe4e521389d9e60ebfade28b7469ea3fcbd3fb2581ef4ea1f2,224,224,RGB
data/raw/kaggle/extracted/train/gothorita/1745496793.jpg,kaggle/extracted/train/gothorita/1745496793.jpg,train,gothorita,1745496793,0a943f138c0f6d53296f07920a42aca24a3e3db5e80d5a4272247a63ff7b6d9d,224,224,RGB
data/raw/kaggle/extracted/train/gothorita/1745500116.jpg,kaggle/extracted/train/gothorita/1745500116.jpg,train,gothorita,1745500116,cb3f3ec695e426223abbae194badfa9f2e7863041e427053cf0f82f3536eec9f,224,224,RGB
data/raw/kaggle/extracted/train/gothorita/1745534275.jpg,kaggle/extracted/train/gothorita/1745534275.jpg,train,gothorita,1745534275,43d3521d330e3637eb4939cbdb5b2d3f8ddcd267c57aea891ce8396df449ec65,224,224,RGB
data/raw/kaggle/extracted/train/gothorita/1745563049.jpg,kaggle/extracted/train/gothorita/1745563049.jpg,train,gothorita,1745563049,bee40a140e3e4726ff6b8ab5e3bb8ac86bff33131ea5c479f846f9ff0fcf5f3f,224,224,RGB
data/raw/kaggle/extracted/train/gothorita/1745564617.jpg,kaggle/extracted/train/gothorita/1745564617.jpg,train,gothorita,1745564617,d9f2e24a890b8cc88f6b62d621258c0ab49032903627266222ec7adb66c63ccd,224,224,RGB
data/raw/kaggle/extracted/train/gothorita/1745567949.jpg,kaggle/extracted/train/gothorita/1745567949.jpg,train,gothorita,1745567949,5660b1895312a57f68885a874d6a02e810e9becad35dda24a11b726fe3791457,224,224,RGB
data/raw/kaggle/extracted/train/gothorita/1745570834.jpg,kaggle/extracted/train/gothorita/1745570834.jpg,train,gothorita,1745570834,612435fb5e69567c309f6a43dbe78e6d81f7eaa73134a677930d6f3b1f849af6,224,224,RGB
data/raw/kaggle/extracted/train/gothorita/1745593132.jpg,kaggle/extracted/train/gothorita/1745593132.jpg,train,gothorita,1745593132,0e30da6878d2d66433b815e7c5eea467d7daae284d48f617946b7d20e61168da,224,224,RGB
data/raw/kaggle/extracted/train/gothorita/1745594679.jpg,kaggle/extracted/train/gothorita/1745594679.jpg,train,gothorita,1745594679,8cf812a0af90b73c1f86b6d08ebc44286d6c4fb31e465941d55e7de66fba7d4e,224,224,RGB
data/raw/kaggle/extracted/train/gothorita/1745598017.jpg,kaggle/extracted/train/gothorita/1745598017.jpg,train,gothorita,1745598017,8b57c90580b6eeabba63677cf936b5a37823f668fcb381ade33c36719509adff,224,224,RGB
data/raw/kaggle/extracted/train/gothorita/1745751156.jpg,kaggle/extracted/train/gothorita/1745751156.jpg,train,gothorita,1745751156,c1998d322ab353900518f8303829b5cc82a8ba075c51b4d6bc42de57c4e37f51,224,224,RGB
data/raw/kaggle/extracted/train/gothorita/1745753029.jpg,kaggle/extracted/train/gothorita/1745753029.jpg,train,gothorita,1745753029,1d733c8e1f96cbf87747aa9260d55cfbd5a6c8da5794ed18c85c77e38d18e33e,224,224,RGB
data/raw/kaggle/extracted/train/gothorita/1745753510.jpg,kaggle/extracted/train/gothorita/1745753510.jpg,train,gothorita,1745753510,bfed7ca29d28f88b0c5f3f5279e057bbfc9782025486c10e031923612bdeb77c,224,224,RGB
data/raw/kaggle/extracted/train/gothorita/1745753863.jpg,kaggle/extracted/train/gothorita/1745753863.jpg,train,gothorita,1745753863,e57077e16c74701e152954e8cee62ad529980771d91e32db9d99a39f9bbbc04d,224,224,RGB
data/raw/kaggle/extracted/train/gothorita/1745756289.jpg,kaggle/extracted/train/gothorita/1745756289.jpg,train,gothorita,1745756289,b9e7c59deb5966eafd2cb0dbbeb4a00617647192de00a78cf6be639923e65890,224,224,RGB
data/raw/kaggle/extracted/train/gothorita/1745759224.jpg,kaggle/extracted/train/gothorita/1745759224.jpg,train,gothorita,1745759224,9d0b7bfd7cffefefde18c97e58d3d7c80da90ea18ee91090731d6d568111a61e,224,224,RGB
data/raw/kaggle/extracted/train/gothorita/1745759785.jpg,kaggle/extracted/train/gothorita/1745759785.jpg,train,gothorita,1745759785,2ff55f479cddf0410a0ca6450baa688beb9effe560b153319493652dbd147e3a,224,224,RGB
data/raw/kaggle/extracted/train/gothorita/1745760149.jpg,kaggle/extracted/train/gothorita/1745760149.jpg,train,gothorita,1745760149,013b3de8318f119ced7352c52716ae6fc1ba2c1ac4ed7f9d829895b514a71b49,224,224,RGB
data/raw/kaggle/extracted/train/gothorita/1745770298.jpg,kaggle/extracted/train/gothorita/1745770298.jpg,train,gothorita,1745770298,0feba6020bd7ae8e3a90291b4dab4d99a8961a701de9a82f1ecef0ac39625185,224,224,RGB
data/raw/kaggle/extracted/train/gothorita/1745864129.jpg,kaggle/extracted/train/gothorita/1745864129.jpg,train,gothorita,1745864129,7a48c540296bf564df4e41b794e4669488507b1b0cfdb03d6c40cac2099ac590,224,224,RGB
data/raw/kaggle/extracted/train/gothorita/1745956930.jpg,kaggle/extracted/train/gothorita/1745956930.jpg,train,gothorita,1745956930,63143945c31f62158008170b14125bfe86106e2b2c06bf8e0049856798b0d78e,224,224,RGB
data/raw/kaggle/extracted/train/gothorita/1745957270.jpg,kaggle/extracted/train/gothorita/1745957270.jpg,train,gothorita,1745957270,0b5c757a943991beaed1162578a887f2f3710dd7d172f6d01018ebf35b7fbeb8,224,224,RGB
data/raw/kaggle/extracted/train/gothorita/1745961628.jpg,kaggle/extracted/train/gothorita/1745961628.jpg,train,gothorita,1745961628,3d74fed9711382cbf3104c53f38479bab5ff902145529e26d79610ca7725cf65,224,224,RGB
data/raw/kaggle/extracted/train/gothorita/1745961847.jpg,kaggle/extracted/train/gothorita/1745961847.jpg,train,gothorita,1745961847,fbb8a1f910a09f7c2e435b387eeb1e6377c772495789e83eceb4de1f679319c9,224,224,RGB
data/raw/kaggle/extracted/train/gothorita/1745962639.jpg,kaggle/extracted/train/gothorita/1745962639.jpg,train,gothorita,1745962639,9fe2fbe1198aabaf06db7008f75980bf7713d67f759aeacdd711e73dcbc82dd7,224,224,RGB
data/raw/kaggle/extracted/train/gothorita/1745986280.jpg,kaggle/extracted/train/gothorita/1745986280.jpg,train,gothorita,1745986280,ef81446c60863a5b110c18397ab30b3140849073970addfabd75643b6264a486,224,224,RGB
data/raw/kaggle/extracted/train/gothorita/1745986714.jpg,kaggle/extracted/train/gothorita/1745986714.jpg,train,gothorita,1745986714,44c0a12250d25db0c6667b1343ed2832ee72881f63be3d92a5c1725c6edc1172,224,224,RGB
data/raw/kaggle/extracted/train/gothorita/1745987010.jpg,kaggle/extracted/train/gothorita/1745987010.jpg,train,gothorita,1745987010,5eb8ef80660f96a8c55b6f5d74c6fdd72848a9e779761bba54e96d7b774e97be,224,224,RGB
data/raw/kaggle/extracted/train/gothorita/1745995744.jpg,kaggle/extracted/train/gothorita/1745995744.jpg,train,gothorita,1745995744,c4ba650775fd2befdd0bb7959c33a5445f1cf9635eb256bd8884ff5d5a11c8fa,224,224,RGB
data/raw/kaggle/extracted/train/gothorita/1745996230.jpg,kaggle/extracted/train/gothorita/1745996230.jpg,train,gothorita,1745996230,a6d219aeb0db5847d4105c7c1ca3e7c56c6e1cb96dd6c713584f5181ac86f880,224,224,RGB
data/raw/kaggle/extracted/train/gothorita/1745997344.jpg,kaggle/extracted/train/gothorita/1745997344.jpg,train,gothorita,1745997344,60a6a9210270e0823f0bd681c9e57004008e427d30c49b50e626218a2a2a8052,224,224,RGB
data/raw/kaggle/extracted/train/gothorita/1745998328.jpg,kaggle/extracted/train/gothorita/1745998328.jpg,train,gothorita,1745998328,05d2fc7ca17e6e5afe66eef8d80d23346eaaf36427392d1d04a66f76d1dd719c,224,224,RGB
data/raw/kaggle/extracted/train/gothorita/1745998767.jpg,kaggle/extracted/train/gothorita/1745998767.jpg,train,gothorita,1745998767,86077130fae03dc46b3015fbdd57a8cf67a88232845f1f5e5f6365dd61dc4f07,224,224,RGB
data/raw/kaggle/extracted/train/gothorita/1746000246.jpg,kaggle/extracted/train/gothorita/1746000246.jpg,train,gothorita,1746000246,309d93443cd04326a8fdb192e7ed33372fe9d7d3f4d0d402657016d1457fa2c6,224,224,RGB
data/raw/kaggle/extracted/train/gothorita/1746001043.jpg,kaggle/extracted/train/gothorita/1746001043.jpg,train,gothorita,1746001043,0a197cfecf91484d5862defcc4c2bd7f62e23f79e21436301f62a02a6638a9b6,224,224,RGB
data/raw/kaggle/extracted/train/gothorita/1746021365.jpg,kaggle/extracted/train/gothorita/1746021365.jpg,train,gothorita,1746021365,22c5934b2624b2e6607601d5e31f52aba36f78a85e158bbb5bb9618220ad201e,224,224,RGB
data/raw/kaggle/extracted/train/gothorita/1746057448.jpg,kaggle/extracted/train/gothorita/1746057448.jpg,train,gothorita,1746057448,da75dba33262cbe048b8675a3fe529549487f5b503658c125ba401df9c8b2e0d,224,224,RGB
data/raw/kaggle/extracted/train/gothorita/1746122483.jpg,kaggle/extracted/train/gothorita/1746122483.jpg,train,gothorita,1746122483,fcd917829089c311cfdafbe021c58ea710edc437174098e8b82c316022eda768,224,224,RGB
data/raw/kaggle/extracted/train/gothorita/1746130618.jpg,kaggle/extracted/train/gothorita/1746130618.jpg,train,gothorita,1746130618,f67a768ba94beec9a2030ae4267888d4116dbc8da00452e6200bfb4ca790a7b3,224,224,RGB
data/raw/kaggle/extracted/train/gothorita/1746136190.jpg,kaggle/extracted/train/gothorita/1746136190.jpg,train,gothorita,1746136190,adf21c6637084e32bef4f0bc2bfa405223c945ec232a183760ca9ea7836b9335,224,224,RGB
data/raw/kaggle/extracted/train/gothorita/1746220914.jpg,kaggle/extracted/train/gothorita/1746220914.jpg,train,gothorita,1746220914,4918ad1f50571e0068e2e9792f0ecfce3fea56379e747a35e5f432f84e6e0b5c,224,224,RGB
data/raw/kaggle/extracted/train/gothorita/1746254877.jpg,kaggle/extracted/train/gothorita/1746254877.jpg,train,gothorita,1746254877,9dc22e35562b147b543a693fa12c43f2e8f8f0bda282cdfc21d69d9f2bfd1be4,224,224,RGB
data/raw/kaggle/extracted/train/gothorita/1746350041.jpg,kaggle/extracted/train/gothorita/1746350041.jpg,train,gothorita,1746350041,66cf3d19e854fce54da0989e4d95c8782bfd5efa3d0b89ab4d16ad47a528fa12,224,224,RGB
data/raw/kaggle/extracted/train/gothorita/1746383923.jpg,kaggle/extracted/train/gothorita/1746383923.jpg,train,gothorita,1746383923,c361b0fd277315afc52ce705e1e005c6c2534b860846abac8471a92d325d9897,224,224,RGB
data/raw/kaggle/extracted/train/gothorita/1746389813.jpg,kaggle/extracted/train/gothorita/1746389813.jpg,train,gothorita,1746389813,afc6e6970af46067cb0a25b803c8e45479d9f692eaa84e4342b7917bc203c923,224,224,RGB
data/raw/kaggle/extracted/train/gothorita/1746389894.jpg,kaggle/extracted/train/gothorita/1746389894.jpg,train,gothorita,1746389894,896e4a0c9f97da4e7868402666b43dc6b671dd606e4f648944b0955598ff372f,224,224,RGB
data/raw/kaggle/extracted/train/gothorita/1746393794.jpg,kaggle/extracted/train/gothorita/1746393794.jpg,train,gothorita,1746393794,f3a71f48759d4adacce81fe1bd85799a6c7538e59b50bb94cf0346cfb12d1d7a,224,224,RGB
data/raw/kaggle/extracted/train/gothorita/1746394734.jpg,kaggle/extracted/train/gothorita/1746394734.jpg,train,gothorita,1746394734,b3f4b4924b5aa434f5926d2f987f6c7af4f32995d0694e27ea12197d5c2dc9fa,224,224,RGB
data/raw/kaggle/extracted/train/gothorita/1746428452.jpg,kaggle/extracted/train/gothorita/1746428452.jpg,train,gothorita,1746428452,4446f4450b434e375f13b2b61950de4dc7c94912eb9368716457af111c5c8067,224,224,RGB
data/raw/kaggle/extracted/train/gothorita/1746430118.jpg,kaggle/extracted/train/gothorita/1746430118.jpg,train,gothorita,1746430118,4b4991ebdd15f9e24f90b5baaacc7903ed20bcdc38210fb14a9745ff0d1a058f,224,224,RGB
data/raw/kaggle/extracted/train/gothorita/1746430168.jpg,kaggle/extracted/train/gothorita/1746430168.jpg,train,gothorita,1746430168,6a1aa0bde85c92a89ff5d83dae9cb87964b49395c3dd66e17ef4d487006a938c,224,224,RGB
data/raw/kaggle/extracted/train/gothorita/1746434521.jpg,kaggle/extracted/train/gothorita/1746434521.jpg,train,gothorita,1746434521,2bf9c567536dcf70d7ad12adb080969bee1b9f7cfa08e02ec8fefd8ae7e89f23,224,224,RGB
data/raw/kaggle/extracted/train/gothorita/1746434572.jpg,kaggle/extracted/train/gothorita/1746434572.jpg,train,gothorita,1746434572,fa732a67ad211e1b7b74608683ea7a13b9d329e978d869e9455323e242254ed1,224,224,RGB
data/raw/kaggle/extracted/train/gothorita/1746439322.jpg,kaggle/extracted/train/gothorita/1746439322.jpg,train,gothorita,1746439322,e97ccb16fe3b059d31b6f7400741e4dcece56584d52dec46562c90c597255b14,224,224,RGB
data/raw/kaggle/extracted/train/gothorita/1746439381.jpg,kaggle/extracted/train/gothorita/1746439381.jpg,train,gothorita,1746439381,aa9995b561d34faef57730b088be3582d6d3234f319af49482f99955fb36cf5b,224,224,RGB
data/raw/kaggle/extracted/train/gothorita/1746439680.jpg,kaggle/extracted/train/gothorita/1746439680.jpg,train,gothorita,1746439680,93cfe578943d29ffe9e66f3cb69e15faaec7554cc0dfa7a40e066639d8619f6b,224,224,RGB
data/raw/kaggle/extracted/train/gothorita/1746442363.jpg,kaggle/extracted/train/gothorita/1746442363.jpg,train,gothorita,1746442363,9a1f1fe0f4d5d27a2874728b914ae564e26fee7040008f2a646bcb03f0733435,224,224,RGB
data/raw/kaggle/extracted/train/gothorita/1746462712.jpg,kaggle/extracted/train/gothorita/1746462712.jpg,train,gothorita,1746462712,02000cb4193d2f97f9d5cd6d4c403e3c64d70a3135230ff07633db67e83ca5ec,224,224,RGB
data/raw/kaggle/extracted/train/gothorita/1746463057.jpg,kaggle/extracted/train/gothorita/1746463057.jpg,train,gothorita,1746463057,5c290adb2ac5cee7e7fbe377aed4278626d516ccf40a66f1a44f0cc23638a4c0,224,224,RGB
data/raw/kaggle/extracted/train/gothorita/1746465532.jpg,kaggle/extracted/train/gothorita/1746465532.jpg,train,gothorita,1746465532,a018c9c0230ffa814fff576a4f063e561a8740034edf0708454834401a3a3571,224,224,RGB
data/raw/kaggle/extracted/train/gothorita/1746468291.jpg,kaggle/extracted/train/gothorita/1746468291.jpg,train,gothorita,1746468291,3a95d1637ed012171e7e43eeeccb7a5bf750454a8571886a74f3029d2c35aa57,224,224,RGB
data/raw/kaggle/extracted/train/gothorita/1746469088.jpg,kaggle/extracted/train/gothorita/1746469088.jpg,train,gothorita,1746469088,5d47b54ad0f311d86d12af4d9cd1092d680956f7850ceedc2a471c7fd4ba054e,224,224,RGB
data/raw/kaggle/extracted/train/gothorita/1746469253.jpg,kaggle/extracted/train/gothorita/1746469253.jpg,train,gothorita,1746469253,d0e8be3360400b3d13509e0500616db8cbf33cd3643cb21fddb618e5490d239d,224,224,RGB
data/raw/kaggle/extracted/train/gothorita/1746469432.jpg,kaggle/extracted/train/gothorita/1746469432.jpg,train,gothorita,1746469432,68d3472fcb5691a212dc7cddd9320779d3fcac7bca98fba52d85db06c744a102,224,224,RGB
data/raw/kaggle/extracted/train/gothorita/1746471682.jpg,kaggle/extracted/train/gothorita/1746471682.jpg,train,gothorita,1746471682,a5507ed6aeced7c365011146f08750d20939bcc31dd696c225845bc8bc00d64f,224,224,RGB
data/raw/kaggle/extracted/train/gothorita/1746479025.jpg,kaggle/extracted/train/gothorita/1746479025.jpg,train,gothorita,1746479025,b9ac2b6283ca3cdd0d876ce1c52752b3f114906272d5b6fc7c24bf908889aec1,224,224,RGB
data/raw/kaggle/extracted/train/gothorita/1746480778.jpg,kaggle/extracted/train/gothorita/1746480778.jpg,train,gothorita,1746480778,efb7f25df85d44a8dd10d6a4b03fd5f613025ec4d40d810c6d0beacb5b72d535,224,224,RGB
data/raw/kaggle/extracted/train/gothorita/1746482312.jpg,kaggle/extracted/train/gothorita/1746482312.jpg,train,gothorita,1746482312,9bb3e76f2a157b12d9b38b6375117b055d829d51dc0fe2ad02b4c17fc7a99313,224,224,RGB
data/raw/kaggle/extracted/train/gothorita/1746482872.jpg,kaggle/extracted/train/gothorita/1746482872.jpg,train,gothorita,1746482872,24544f591843ac72b590e66738e179be60a976f67b66707ba2a4a1483b957e9f,224,224,RGB
data/raw/kaggle/extracted/train/gouging fire/1746550935.jpg,kaggle/extracted/train/gouging fire/1746550935.jpg,train,gouging fire,1746550935,c4a444c0628bdd9a4adcf575a181b91a2b824b0a27e7821efd5d3209c3393e47,224,224,RGB
data/raw/kaggle/extracted/train/gourgeist/1745500893.jpg,kaggle/extracted/train/gourgeist/1745500893.jpg,train,gourgeist,1745500893,66d2cd84dce2321c55e16952153ddd99aba03753743ecf1decb584deeec04038,224,224,RGB
data/raw/kaggle/extracted/train/gourgeist/1745526915.jpg,kaggle/extracted/train/gourgeist/1745526915.jpg,train,gourgeist,1745526915,c45bacf4d0f7b0e69d2de36941acb8196f8eac9179e38c8d093eb8fcadd299e6,224,224,RGB
data/raw/kaggle/extracted/train/gourgeist/1745527557.jpg,kaggle/extracted/train/gourgeist/1745527557.jpg,train,gourgeist,1745527557,15ab9a5cc1db678ab855ec99b5c757d7dbe4140cfdc6e8ff24a879a164d9a724,224,224,RGB
data/raw/kaggle/extracted/train/gourgeist/1745569468.jpg,kaggle/extracted/train/gourgeist/1745569468.jpg,train,gourgeist,1745569468,855c3d8da8f05fe22b899757e8e15f6ae3e81686a73e5544a18bacfeafbf0325,224,224,RGB
data/raw/kaggle/extracted/train/gourgeist/1745660701.jpg,kaggle/extracted/train/gourgeist/1745660701.jpg,train,gourgeist,1745660701,3a0ce737be7065bce083a13310c990ece65daa018cc53653e721ec421aa6e237,224,224,RGB
data/raw/kaggle/extracted/train/gourgeist/1745663236.jpg,kaggle/extracted/train/gourgeist/1745663236.jpg,train,gourgeist,1745663236,3b12d5534a505371c4995bb9e44273faffdef32b7b555865f53e861aadec2daa,224,224,RGB
data/raw/kaggle/extracted/train/gourgeist/1745955770.jpg,kaggle/extracted/train/gourgeist/1745955770.jpg,train,gourgeist,1745955770,e68b9bf684165c4828211f566a33547c35b6946c88d6fb7d3d381cfba98dee9b,224,224,RGB
data/raw/kaggle/extracted/train/gourgeist/1746030080.jpg,kaggle/extracted/train/gourgeist/1746030080.jpg,train,gourgeist,1746030080,5632cc6846d3f210f5cc087399f0494956e047e5d7f78a1afa8dde958ce1c960,224,224,RGB
data/raw/kaggle/extracted/train/gourgeist/1746127528.jpg,kaggle/extracted/train/gourgeist/1746127528.jpg,train,gourgeist,1746127528,fdc639f1a228e041c5c3ec4d590a814973009bc346069bbcef6395d28de1bafb,224,224,RGB
data/raw/kaggle/extracted/train/gourgeist/1746211654.jpg,kaggle/extracted/train/gourgeist/1746211654.jpg,train,gourgeist,1746211654,f3bf683bea3ecc22b5cbefa61254b719fde7ca8028ec077f612a39e9550f9de6,224,224,RGB
data/raw/kaggle/extracted/train/gourgeist/1746259635.jpg,kaggle/extracted/train/gourgeist/1746259635.jpg,train,gourgeist,1746259635,705c59f98c14baaef834843754824529b7ff898aead2ba0114b253330c9360a1,224,224,RGB
data/raw/kaggle/extracted/train/gourgeist/1746387232.jpg,kaggle/extracted/train/gourgeist/1746387232.jpg,train,gourgeist,1746387232,0138b89170eff81bde3d5c274187670a5de4fddf438d90a03c5c6112b3994651,224,224,RGB
data/raw/kaggle/extracted/train/gourgeist/1746388875.jpg,kaggle/extracted/train/gourgeist/1746388875.jpg,train,gourgeist,1746388875,52acaeed7f120e7eee18a47f396ea27a177fa5c609809aa3259b291ca48df888,224,224,RGB
data/raw/kaggle/extracted/train/gourgeist/1746426960.jpg,kaggle/extracted/train/gourgeist/1746426960.jpg,train,gourgeist,1746426960,d88b8b0cf6cbf31e3a8220977d40fa6a4e93db5f60689f9d8e4caa06ae3f8292,224,224,RGB
data/raw/kaggle/extracted/train/gourgeist/1746437795.jpg,kaggle/extracted/train/gourgeist/1746437795.jpg,train,gourgeist,1746437795,30a9506b9a76eb219b4ee6591147450a031a628c5554cfc3b1998b3b9312b95f,224,224,RGB
data/raw/kaggle/extracted/train/gourgeist/1746445850.jpg,kaggle/extracted/train/gourgeist/1746445850.jpg,train,gourgeist,1746445850,bb45c9fccb6d23807b7c6eb7958d5173f138ef936ded2aadb4c08a8b20e0cedd,224,224,RGB
data/raw/kaggle/extracted/train/gourgeist/1746482892.jpg,kaggle/extracted/train/gourgeist/1746482892.jpg,train,gourgeist,1746482892,a5c2fd8197b8a2ba64bf5354ea45629ac131b02b660f5bb235c158938d4f46b8,224,224,RGB
data/raw/kaggle/extracted/train/gourgeist/1746527822.jpg,kaggle/extracted/train/gourgeist/1746527822.jpg,train,gourgeist,1746527822,80b9ddeacf1627333124b929139cf667a78a8dba48ff9e727ba6b31d46a30dec,224,224,RGB
data/raw/kaggle/extracted/train/gourgeist/1746543931.jpg,kaggle/extracted/train/gourgeist/1746543931.jpg,train,gourgeist,1746543931,2b279d9e7365083f795f74cc9773cc9c6b81ae38cbc567b211f5fa4cc368e5ed,224,224,RGB
data/raw/kaggle/extracted/train/grafaiai/1745395211.jpg,kaggle/extracted/train/grafaiai/1745395211.jpg,train,grafaiai,1745395211,af4ffe5a6e940c7d3a4c3eb03742f2a7dcc9fcd4998908527d7361ab7dabb132,224,224,RGB
data/raw/kaggle/extracted/train/grafaiai/1745419207.jpg,kaggle/extracted/train/grafaiai/1745419207.jpg,train,grafaiai,1745419207,19be55875465b9f8e4b07791f7598172fb8bfa791b4ce6e7e557b79b4826a093,224,224,RGB
data/raw/kaggle/extracted/train/grafaiai/1745420631.jpg,kaggle/extracted/train/grafaiai/1745420631.jpg,train,grafaiai,1745420631,2f6b0b0f2d486835acf947a72327095243b2682e8ea84ebdccb9619fa28a457f,224,224,RGB
data/raw/kaggle/extracted/train/grafaiai/1745428317.jpg,kaggle/extracted/train/grafaiai/1745428317.jpg,train,grafaiai,1745428317,0a704ebf854cbb0d55d881e828babebda6e139edee67879508eb2b8318ce3aec,224,224,RGB
data/raw/kaggle/extracted/train/grafaiai/1745508315.jpg,kaggle/extracted/train/grafaiai/1745508315.jpg,train,grafaiai,1745508315,b5156608f388b19fbd9c660dd15f07141e21b1eb204e5f4062d3582dff69ad6c,224,224,RGB
data/raw/kaggle/extracted/train/grafaiai/1745525235.jpg,kaggle/extracted/train/grafaiai/1745525235.jpg,train,grafaiai,1745525235,4044c465ea26fd54ad167d37e151b0e4f50cc13d9af73504b176985cf11c181d,224,224,RGB
data/raw/kaggle/extracted/train/grafaiai/1745529080.jpg,kaggle/extracted/train/grafaiai/1745529080.jpg,train,grafaiai,1745529080,73494375a875859c34ba6c7141db79fe4498da757121c59aefd84f1938c6d7ae,224,224,RGB
data/raw/kaggle/extracted/train/grafaiai/1745530378.jpg,kaggle/extracted/train/grafaiai/1745530378.jpg,train,grafaiai,1745530378,9ba8cd272939736e2dbe2592e0868c301fad84f2a2e25249f724aa895b6bdde1,224,224,RGB
data/raw/kaggle/extracted/train/grafaiai/1745531615.jpg,kaggle/extracted/train/grafaiai/1745531615.jpg,train,grafaiai,1745531615,1e37e2c9bb7425bdd7beb9a8515512e1a389732060194f121c12145ce0a761da,224,224,RGB
data/raw/kaggle/extracted/train/grafaiai/1745535988.jpg,kaggle/extracted/train/grafaiai/1745535988.jpg,train,grafaiai,1745535988,d1e96eb0c59776f47aedbd506a830c0e3ac5a31243e4f6e0d47dd5d557d59d42,224,224,RGB
data/raw/kaggle/extracted/train/grafaiai/1745562256.jpg,kaggle/extracted/train/grafaiai/1745562256.jpg,train,grafaiai,1745562256,bd533e2e624c13af298636afc4be61d4bca53da8fc2d938c4a4e1dd40b33cb21,224,224,RGB
data/raw/kaggle/extracted/train/grafaiai/1745566069.jpg,kaggle/extracted/train/grafaiai/1745566069.jpg,train,grafaiai,1745566069,494fa277749bd9b2b2608ac97a08f7cf90bd35bf9dcad8cce4873012436c04ad,224,224,RGB
data/raw/kaggle/extracted/train/grafaiai/1745566357.jpg,kaggle/extracted/train/grafaiai/1745566357.jpg,train,grafaiai,1745566357,d5feb8ffc74f924ba83406b4eb3a425cf541ef68f6c939c9bc6c90ca17c44d75,224,224,RGB
data/raw/kaggle/extracted/train/grafaiai/1745572973.jpg,kaggle/extracted/train/grafaiai/1745572973.jpg,train,grafaiai,1745572973,208c00101eb8ffc81f359ae7a3221d4e038860147a7bb968148a35345bbb8f07,224,224,RGB
data/raw/kaggle/extracted/train/grafaiai/1745609958.jpg,kaggle/extracted/train/grafaiai/1745609958.jpg,train,grafaiai,1745609958,579f561a4be7cea9c1c63b8828879f2ba74b2072008ff0ffc5441c4aee608637,224,224,RGB
data/raw/kaggle/extracted/train/grafaiai/1745655207.jpg,kaggle/extracted/train/grafaiai/1745655207.jpg,train,grafaiai,1745655207,d7c5d885ce808d6770f37b1153ce939edf6ea9618c0fcab41e866b43b3dd4fdf,224,224,RGB
data/raw/kaggle/extracted/train/grafaiai/1745656929.jpg,kaggle/extracted/train/grafaiai/1745656929.jpg,train,grafaiai,1745656929,496eabd0ff7f349abfd324c53abb939442a37e0aa2e91e7a4c3c3bd693918cfb,224,224,RGB
data/raw/kaggle/extracted/train/grafaiai/1745657916.jpg,kaggle/extracted/train/grafaiai/1745657916.jpg,train,grafaiai,1745657916,8ff0fce853d2b0748b1c64f273bd54e9c06569c20450c93f05e98e31a3b558cc,224,224,RGB
data/raw/kaggle/extracted/train/grafaiai/1745658281.jpg,kaggle/extracted/train/grafaiai/1745658281.jpg,train,grafaiai,1745658281,c24d06fa4fdb983426c57ee1042483aba7e1c6d427ee7829a0b88aa0d40861fc,224,224,RGB
data/raw/kaggle/extracted/train/grafaiai/1745659619.jpg,kaggle/extracted/train/grafaiai/1745659619.jpg,train,grafaiai,1745659619,646c3c0b0cb6b709e5b5203513689131cf262b91891885d2b3ef80b19ba5f44c,224,224,RGB
data/raw/kaggle/extracted/train/grafaiai/1745760284.jpg,kaggle/extracted/train/grafaiai/1745760284.jpg,train,grafaiai,1745760284,81f11d91093e02aabac453ccab024f32a2665e1e5de4f79e7b0bb8c7402b417e,224,224,RGB
data/raw/kaggle/extracted/train/grafaiai/1745773469.jpg,kaggle/extracted/train/grafaiai/1745773469.jpg,train,grafaiai,1745773469,f2e6956e0bb65dde9be385fccb8bf06c9d232aeea4fa54d4dcad9e69ccac9215,224,224,RGB
data/raw/kaggle/extracted/train/grafaiai/1745784349.jpg,kaggle/extracted/train/grafaiai/1745784349.jpg,train,grafaiai,1745784349,acccc138f750992f83f92ca2927ed0efda70a67f59be5e852667a5c27801e671,224,224,RGB
data/raw/kaggle/extracted/train/grafaiai/1745866792.jpg,kaggle/extracted/train/grafaiai/1745866792.jpg,train,grafaiai,1745866792,3f5f16e8d03af0720da790a622018baab4e078dd3886238f2eb01e7845aba53f,224,224,RGB
data/raw/kaggle/extracted/train/grafaiai/1745957641.jpg,kaggle/extracted/train/grafaiai/1745957641.jpg,train,grafaiai,1745957641,8389aba3aed25f924e38bcc68ac0ec3f3d22a1f7a8e5652867e5b1528ee38d08,224,224,RGB
data/raw/kaggle/extracted/train/grafaiai/1745959003.jpg,kaggle/extracted/train/grafaiai/1745959003.jpg,train,grafaiai,1745959003,8afe25ef8dca509d9263c77ea47c07befa9cf75ffd8541ebd2653f9b4555bfbc,224,224,RGB
data/raw/kaggle/extracted/train/grafaiai/1745973515.jpg,kaggle/extracted/train/grafaiai/1745973515.jpg,train,grafaiai,1745973515,2db63f64e884aae883c4bcd5a869488064d8b49e01597ac12088d87b7211b939,224,224,RGB
data/raw/kaggle/extracted/train/grafaiai/1745995618.jpg,kaggle/extracted/train/grafaiai/1745995618.jpg,train,grafaiai,1745995618,cfa11f4c2b4b2e531e652c3ff24d2898791a7bffd6be0305fd72623463f9e58b,224,224,RGB
data/raw/kaggle/extracted/train/grafaiai/1745997890.jpg,kaggle/extracted/train/grafaiai/1745997890.jpg,train,grafaiai,1745997890,1dd4c02a2ad23c9677a8b598d473dd3a558e055f6966012d50afce03e4e222d6,224,224,RGB
data/raw/kaggle/extracted/train/grafaiai/1745998743.jpg,kaggle/extracted/train/grafaiai/1745998743.jpg,train,grafaiai,1745998743,db533900148904f85bbd5fa65a8789dc4b8634641afabfaa775f0476519db703,224,224,RGB
data/raw/kaggle/extracted/train/grafaiai/1746001343.jpg,kaggle/extracted/train/grafaiai/1746001343.jpg,train,grafaiai,1746001343,d2297a1443390a63a7527333da622c3f9a51064b01208fe0b15ca23d9badf505,224,224,RGB
data/raw/kaggle/extracted/train/grafaiai/1746005463.jpg,kaggle/extracted/train/grafaiai/1746005463.jpg,train,grafaiai,1746005463,1a25fbcd14d028c86f8b20f1e6c99d806c74d4434101952607c234578c0f7365,224,224,RGB
data/raw/kaggle/extracted/train/grafaiai/1746006516.jpg,kaggle/extracted/train/grafaiai/1746006516.jpg,train,grafaiai,1746006516,4b6652c262ce78211e20a89ed5b33c6d547e85fccd74b1a2c23250fcd5801c87,224,224,RGB
data/raw/kaggle/extracted/train/grafaiai/1746016662.jpg,kaggle/extracted/train/grafaiai/1746016662.jpg,train,grafaiai,1746016662,3de206c190f35233e6dc969725905706e0443500bc11102c1aad36fe7d0de465,224,224,RGB
data/raw/kaggle/extracted/train/grafaiai/1746026090.jpg,kaggle/extracted/train/grafaiai/1746026090.jpg,train,grafaiai,1746026090,ebb89495ae0e4eb236e427ac5158f06c393e8950e723aecf80a74ca93d21f48f,224,224,RGB
data/raw/kaggle/extracted/train/grafaiai/1746053105.jpg,kaggle/extracted/train/grafaiai/1746053105.jpg,train,grafaiai,1746053105,07e06738c465b7096d828e94785fafca43444ba0d6a8de15b8a7e40050103165,224,224,RGB
data/raw/kaggle/extracted/train/grafaiai/1746055264.jpg,kaggle/extracted/train/grafaiai/1746055264.jpg,train,grafaiai,1746055264,d22d9f41983627b6e6b7e62284a8554e29116e236a5a4f932ce531b0d82f0524,224,224,RGB
data/raw/kaggle/extracted/train/grafaiai/1746059344.jpg,kaggle/extracted/train/grafaiai/1746059344.jpg,train,grafaiai,1746059344,b93deb7bb1c5d7b09f617984d7563c4a495336fd99d77fcb261c2b68d357e7e3,224,224,RGB
data/raw/kaggle/extracted/train/grafaiai/1746137548.jpg,kaggle/extracted/train/grafaiai/1746137548.jpg,train,grafaiai,1746137548,a0b7f41af6de67a70417a140c6effd1bb5dc87ac662a7d693dcad5c92bcb6c67,224,224,RGB
data/raw/kaggle/extracted/train/grafaiai/1746138094.jpg,kaggle/extracted/train/grafaiai/1746138094.jpg,train,grafaiai,1746138094,0c1295420d48eafaa522d23660db469393b27ebaae4ff647ed1081e13afac689,224,224,RGB
data/raw/kaggle/extracted/train/grafaiai/1746141620.jpg,kaggle/extracted/train/grafaiai/1746141620.jpg,train,grafaiai,1746141620,e0d14c8238ec7c658c016e385248eae7fc9af4e01b3faa8a3cde665cceeb5e10,224,224,RGB
data/raw/kaggle/extracted/train/grafaiai/1746206964.jpg,kaggle/extracted/train/grafaiai/1746206964.jpg,train,grafaiai,1746206964,a137f4023db724d3dcde5da7bb8441cbfc97f098431873cc391804750e70256c,224,224,RGB
data/raw/kaggle/extracted/train/grafaiai/1746218163.jpg,kaggle/extracted/train/grafaiai/1746218163.jpg,train,grafaiai,1746218163,a1dfe9048625f8fbc423be67d67ff321660e56543f5f772170e49e636533c5bc,224,224,RGB
data/raw/kaggle/extracted/train/grafaiai/1746220686.jpg,kaggle/extracted/train/grafaiai/1746220686.jpg,train,grafaiai,1746220686,f50c37bffa9c6b5bec6f0d44761a3956819c7d3e2cd824ce38115dab2234c007,224,224,RGB
data/raw/kaggle/extracted/train/grafaiai/1746225234.jpg,kaggle/extracted/train/grafaiai/1746225234.jpg,train,grafaiai,1746225234,b5ed874b028601228fba67cb796035d99e501a749abc7422dc5c9b7e817ace79,224,224,RGB
data/raw/kaggle/extracted/train/grafaiai/1746226738.jpg,kaggle/extracted/train/grafaiai/1746226738.jpg,train,grafaiai,1746226738,a4d9ffd52cbfddc62d8a325d922430220bac6f9e6a84e4bec4894cc81fd96f18,224,224,RGB
data/raw/kaggle/extracted/train/grafaiai/1746254229.jpg,kaggle/extracted/train/grafaiai/1746254229.jpg,train,grafaiai,1746254229,ed5433aac8884f2ede62e1cc4aa214834eec56c08bbb31192cf39a2556e2021d,224,224,RGB
data/raw/kaggle/extracted/train/grafaiai/1746346521.jpg,kaggle/extracted/train/grafaiai/1746346521.jpg,train,grafaiai,1746346521,54cfeb7e924735085a486bc89c227d7bd3f319e73f59d322b9f3da1e1b4b1c3b,224,224,RGB
data/raw/kaggle/extracted/train/grafaiai/1746347712.jpg,kaggle/extracted/train/grafaiai/1746347712.jpg,train,grafaiai,1746347712,7e1c09c7b1c080c17cadff7ad8fac871c8c8ad463d5a54e18e820a91614181b8,224,224,RGB
data/raw/kaggle/extracted/train/grafaiai/1746350152.jpg,kaggle/extracted/train/grafaiai/1746350152.jpg,train,grafaiai,1746350152,14873ace1372623060ab18984afbdf600178ddb31355ae4c17e077b81033b77f,224,224,RGB
data/raw/kaggle/extracted/train/grafaiai/1746387519.jpg,kaggle/extracted/train/grafaiai/1746387519.jpg,train,grafaiai,1746387519,e152c10ffd4bbf418271f9fc0cf995a382ec1774c2f192d3f7e6c10614eb130e,224,224,RGB
data/raw/kaggle/extracted/train/grafaiai/1746388092.jpg,kaggle/extracted/train/grafaiai/1746388092.jpg,train,grafaiai,1746388092,bb7d9f0474ddac83e967b6063134e2e22409a2d64013d27d3883607079c81e28,224,224,RGB
data/raw/kaggle/extracted/train/grafaiai/1746389075.jpg,kaggle/extracted/train/grafaiai/1746389075.jpg,train,grafaiai,1746389075,5240a694203ed85bc7d5803fd01e865c14fe5a65b727050592003f8ce9fcb31a,224,224,RGB
data/raw/kaggle/extracted/train/grafaiai/1746390196.jpg,kaggle/extracted/train/grafaiai/1746390196.jpg,train,grafaiai,1746390196,228f524628a52f201eda24e20071260807bd4d04484f9d7472cf7a6c156e9404,224,224,RGB
data/raw/kaggle/extracted/train/grafaiai/1746429617.jpg,kaggle/extracted/train/grafaiai/1746429617.jpg,train,grafaiai,1746429617,23df2f45a4512dd2de78817fb92456b01fbe60bc3ee08736b6801cf597d4171a,224,224,RGB
data/raw/kaggle/extracted/train/grafaiai/1746433822.jpg,kaggle/extracted/train/grafaiai/1746433822.jpg,train,grafaiai,1746433822,7158ac4b0965f769a838e34b1859532ff73c64333fa647b2208aedcc196307c5,224,224,RGB
data/raw/kaggle/extracted/train/grafaiai/1746436312.jpg,kaggle/extracted/train/grafaiai/1746436312.jpg,train,grafaiai,1746436312,b43d6a7d14408254c6df18374e084f2655e7449c4fec543ce0f0b4484a629c31,224,224,RGB
data/raw/kaggle/extracted/train/grafaiai/1746437065.jpg,kaggle/extracted/train/grafaiai/1746437065.jpg,train,grafaiai,1746437065,4b4b83b3843f10a69b57eccce673c89fc05f99ee37dc8f8e9a731deafc9243ad,224,224,RGB
data/raw/kaggle/extracted/train/grafaiai/1746437804.jpg,kaggle/extracted/train/grafaiai/1746437804.jpg,train,grafaiai,1746437804,b4a47fcfc860755104a7a5d7ce2308f65999f0b3e2a8d4cd861e6ffd679d0461,224,224,RGB
data/raw/kaggle/extracted/train/grafaiai/1746440772.jpg,kaggle/extracted/train/grafaiai/1746440772.jpg,train,grafaiai,1746440772,bf3979cea74fffe4cede4f6a64f36f37df659c0b43d47a903f53fedd41eccc56,224,224,RGB
data/raw/kaggle/extracted/train/grafaiai/1746441390.jpg,kaggle/extracted/train/grafaiai/1746441390.jpg,train,grafaiai,1746441390,169233a09e7a98547bcea94b869bbc386dfd4e02a31bec7b5c059a33a1cb85ed,224,224,RGB
data/raw/kaggle/extracted/train/grafaiai/1746441441.jpg,kaggle/extracted/train/grafaiai/1746441441.jpg,train,grafaiai,1746441441,ec7573ffe640402bb8617461f386d232723779da448f5bdbc88997a3efb640a9,224,224,RGB
data/raw/kaggle/extracted/train/grafaiai/1746463819.jpg,kaggle/extracted/train/grafaiai/1746463819.jpg,train,grafaiai,1746463819,b2316ac4afbb7358b9da795dc7b33549a11cf35d79ae8650a8f6432f6949d4d5,224,224,RGB
data/raw/kaggle/extracted/train/grafaiai/1746464842.jpg,kaggle/extracted/train/grafaiai/1746464842.jpg,train,grafaiai,1746464842,268908107a79a05b4f6b66f34a653dbe41f19b7160950270727ae2108dc9d602,224,224,RGB
data/raw/kaggle/extracted/train/grafaiai/1746466079.jpg,kaggle/extracted/train/grafaiai/1746466079.jpg,train,grafaiai,1746466079,155381cf768a6f1572a79da2967dfb344376d41fd4c9f7242fa3ab7285a45bbf,224,224,RGB
data/raw/kaggle/extracted/train/grafaiai/1746466572.jpg,kaggle/extracted/train/grafaiai/1746466572.jpg,train,grafaiai,1746466572,dab0f1a4f81367de23803f5e096206c5adeac3adfc7c617562b43060a2d8965e,224,224,RGB
data/raw/kaggle/extracted/train/grafaiai/1746467693.jpg,kaggle/extracted/train/grafaiai/1746467693.jpg,train,grafaiai,1746467693,5596c1359dc100a1ac0e0d2594a4bfc77d5ff5c6f19dd20cd3dad6fc9273708b,224,224,RGB
data/raw/kaggle/extracted/train/grafaiai/1746471710.jpg,kaggle/extracted/train/grafaiai/1746471710.jpg,train,grafaiai,1746471710,829b84a35e8b578f314e3f1819d7b6f8f7f3f1d9c26a424a423e543b788ee13a,224,224,RGB
data/raw/kaggle/extracted/train/grafaiai/1746473607.jpg,kaggle/extracted/train/grafaiai/1746473607.jpg,train,grafaiai,1746473607,ef594199e11919ebddc6ed5fd556127c31dc0a53b28288c1acbeb1e4256c3d7d,224,224,RGB
data/raw/kaggle/extracted/train/pikachu/1745413972.jpg,kaggle/extracted/train/pikachu/1745413972.jpg,train,pikachu,1745413972,8a47fd8441ac2f6003d662d55ee3c61e43901e10d912d6d5046f8e929c39f95f,224,224,RGB
data/raw/kaggle/extracted/train/pikachu/1745420215.jpg,kaggle/extracted/train/pikachu/1745420215.jpg,train,pikachu,1745420215,426c735259161c353ddfa516c8a9b8cd697f127cb91cbd001d4beb5f8d3b1249,224,224,RGB
data/raw/kaggle/extracted/train/pikachu/1745493972.jpg,kaggle/extracted/train/pikachu/1745493972.jpg,train,pikachu,1745493972,dbe1b67ffa05dc248d6bb11aef2fc54b96d703f2e7c5022004b1b997a5010246,224,224,RGB
data/raw/kaggle/extracted/train/pikachu/1745498943.jpg,kaggle/extracted/train/pikachu/1745498943.jpg,train,pikachu,1745498943,d56a945dd28026035f44cbb5bf1f5edfa5b58720c3954fe267c17f1b09749744,224,224,RGB
data/raw/kaggle/extracted/train/pikachu/1745532319.jpg,kaggle/extracted/train/pikachu/1745532319.jpg,train,pikachu,1745532319,1645387668420be35aa6e6c890dd3ed6fb3bcfef1783903885f3f8474e0c460e,224,224,RGB
data/raw/kaggle/extracted/train/pikachu/1745533696.jpg,kaggle/extracted/train/pikachu/1745533696.jpg,train,pikachu,1745533696,721da3c8b8dc1105dde44072248c9750243e1e3c0d6833656f8443bf6a41c917,224,224,RGB
data/raw/kaggle/extracted/train/pikachu/1745538071.jpg,kaggle/extracted/train/pikachu/1745538071.jpg,train,pikachu,1745538071,1ec470ea497fcc0ffe291ecc0100605da81f9da84c89ff95d30751adb17da56c,224,224,RGB
data/raw/kaggle/extracted/train/pikachu/1745567330.jpg,kaggle/extracted/train/pikachu/1745567330.jpg,train,pikachu,1745567330,43796fa185507e514a8b6e3986e6cb11a14cce678500f178cc28f2c068731152,224,224,RGB
data/raw/kaggle/extracted/train/pikachu/1745570791.jpg,kaggle/extracted/train/pikachu/1745570791.jpg,train,pikachu,1745570791,b6329ca16fcb69735410fc416ab9b04b6972195e791c8b5724a86a8ff202e6d4,224,224,RGB
data/raw/kaggle/extracted/train/pikachu/1745571208.jpg,kaggle/extracted/train/pikachu/1745571208.jpg,train,pikachu,1745571208,4a910bec66c15696d25263ea555cc0666c10ba596192690b6ad5492337f830d6,224,224,RGB
data/raw/kaggle/extracted/train/pikachu/1745591813.jpg,kaggle/extracted/train/pikachu/1745591813.jpg,train,pikachu,1745591813,9810f558798faabb235bf5dc2678c74de8b3e5300e270f9686f3fe8f8eb7a6b8,224,224,RGB
data/raw/kaggle/extracted/train/pikachu/1745598009.jpg,kaggle/extracted/train/pikachu/1745598009.jpg,train,pikachu,1745598009,1f101ed306c23b777f1bfcc82aecd94e416fc42d8b840cc8b3f491cdaa1f9a72,224,224,RGB
data/raw/kaggle/extracted/train/pikachu/1745657648.jpg,kaggle/extracted/train/pikachu/1745657648.jpg,train,pikachu,1745657648,b14dde5840ca89583e351b98dfa430305d4e9cc6222e519381536e6ccc802e9c,224,224,RGB
data/raw/kaggle/extracted/train/pikachu/1745659889.jpg,kaggle/extracted/train/pikachu/1745659889.jpg,train,pikachu,1745659889,6675658b8ea7bfb6b5dc40bb89694e40b9b24a262b0d378389761421f3a7f718,224,224,RGB
data/raw/kaggle/extracted/train/pikachu/1745752908.jpg,kaggle/extracted/train/pikachu/1745752908.jpg,train,pikachu,1745752908,342eee6512a1479a04d398e3e26f8968e5372fdfa71fdabdf92ad7b4fd3f3c99,224,224,RGB
data/raw/kaggle/extracted/train/pikachu/1745754168.jpg,kaggle/extracted/train/pikachu/1745754168.jpg,train,pikachu,1745754168,2a6891374c29e41d3212d7e4e298ef84b83c03618aea2c8fde3821a653b4a39b,224,224,RGB
data/raw/kaggle/extracted/train/pikachu/1745756960.jpg,kaggle/extracted/train/pikachu/1745756960.jpg,train,pikachu,1745756960,b4f82c7c2160791948888124e8f53a67649bdf94cc9bc5a828a36a33d0eeae3a,224,224,RGB
data/raw/kaggle/extracted/train/pikachu/1745758269.jpg,kaggle/extracted/train/pikachu/1745758269.jpg,train,pikachu,1745758269,32e2b75c046ea6ed9d43e73d96a119533694cf585d96a1bcc17a87645f59fa4c,224,224,RGB
data/raw/kaggle/extracted/train/pikachu/1745759195.jpg,kaggle/extracted/train/pikachu/1745759195.jpg,train,pikachu,1745759195,7053b4503a7f87b50fd8f9b6ebb8f95aa97c6984b75e538c8342645ad0d3f627,224,224,RGB
data/raw/kaggle/extracted/train/pikachu/1745768236.jpg,kaggle/extracted/train/pikachu/1745768236.jpg,train,pikachu,1745768236,efef28e8ed1d21096534d9ffe76fbabfcd6ac37dde119dd45d2951bf1d208d89,224,224,RGB
data/raw/kaggle/extracted/train/pikachu/1745956427.jpg,kaggle/extracted/train/pikachu/1745956427.jpg,train,pikachu,1745956427,48c63925b82a26483fd8756e7f3d786086ed2165521cc9f9e542c9ec1da2a5c8,224,224,RGB
data/raw/kaggle/extracted/train/pikachu/1745958395.jpg,kaggle/extracted/train/pikachu/1745958395.jpg,train,pikachu,1745958395,5d306b7fe068861123d3790b7dd2577563cd1cb04802efd6a61231bed18a9cc2,224,224,RGB
data/raw/kaggle/extracted/train/pikachu/1745958869.jpg,kaggle/extracted/train/pikachu/1745958869.jpg,train,pikachu,1745958869,ec2689fc85548e997ed240f9c7270464dc78b9dee1989c26c864d163fd1a55fd,224,224,RGB
data/raw/kaggle/extracted/train/pikachu/1745989564.jpg,kaggle/extracted/train/pikachu/1745989564.jpg,train,pikachu,1745989564,d530135276fe1aabef2eb00cbdbe9420d0d951c45d1c040ccf861d3b5d416527,224,224,RGB
data/raw/kaggle/extracted/train/pikachu/1745991224.jpg,kaggle/extracted/train/pikachu/1745991224.jpg,train,pikachu,1745991224,67e5adb54e3ba2d1261dc9e8058decf375b69858c304cd5cb8ae015fa623b327,224,224,RGB
data/raw/kaggle/extracted/train/pikachu/1745991704.jpg,kaggle/extracted/train/pikachu/1745991704.jpg,train,pikachu,1745991704,dba7745ac5e1b5ce31a76ab4ca99d9e3de95cbe193e2bdcda7fb14719eef7666,224,224,RGB
data/raw/kaggle/extracted/train/pikachu/1745995529.jpg,kaggle/extracted/train/pikachu/1745995529.jpg,train,pikachu,1745995529,12b94e7f150e5b7efa19372eda92a98246f978c92991af5762bdd8cbe751459b,224,224,RGB
data/raw/kaggle/extracted/train/pikachu/1745996270.jpg,kaggle/extracted/train/pikachu/1745996270.jpg,train,pikachu,1745996270,ec655cd4ad7d9b45b9394855ca47d223c1a20907eb4175b6fd1dffbc732a8b38,224,224,RGB
data/raw/kaggle/extracted/train/pikachu/1745997336.jpg,kaggle/extracted/train/pikachu/1745997336.jpg,train,pikachu,1745997336,af5e830f3d7fe92242eed0da3028d9fad4048e6ddfaafd824f3ebe01b5bfa99f,224,224,RGB
data/raw/kaggle/extracted/train/pikachu/1746004310.jpg,kaggle/extracted/train/pikachu/1746004310.jpg,train,pikachu,1746004310,1de49c61719879e8413cd41f5f75f73f0d2dcd0f9a6255217d833feb39b051c0,224,224,RGB
data/raw/kaggle/extracted/train/pikachu/1746008240.jpg,kaggle/extracted/train/pikachu/1746008240.jpg,train,pikachu,1746008240,053ecbd6e1167cfab4988ba5d0e2f192264d6b2b543209b75fe78212998019e5,224,224,RGB
data/raw/kaggle/extracted/train/pikachu/1746020085.jpg,kaggle/extracted/train/pikachu/1746020085.jpg,train,pikachu,1746020085,f273c99ccbaf3d325e5449ecd3d0842b8ee010f2eec002f18d475732cb06678d,224,224,RGB
data/raw/kaggle/extracted/train/pikachu/1746026183.jpg,kaggle/extracted/train/pikachu/1746026183.jpg,train,pikachu,1746026183,87bd89c73f703ac19e4b5839e4283d19d9c23adb4b42991cd432db505dffddbd,224,224,RGB
data/raw/kaggle/extracted/train/pikachu/1746031341.jpg,kaggle/extracted/train/pikachu/1746031341.jpg,train,pikachu,1746031341,eee18408fdc12586bd65ee391333384029fa5307473f0df81d806996cf8e9113,224,224,RGB
data/raw/kaggle/extracted/train/pikachu/1746033003.jpg,kaggle/extracted/train/pikachu/1746033003.jpg,train,pikachu,1746033003,828df69b19aed66ddc7dcb94018be164f8290d89bb22a9eba5f6056e264cb083,224,224,RGB
data/raw/kaggle/extracted/train/pikachu/1746039119.jpg,kaggle/extracted/train/pikachu/1746039119.jpg,train,pikachu,1746039119,64b3d1f6743f41833292c99dde7912e09ca93c109269618b7aa0be1ae9e54f51,224,224,RGB
data/raw/kaggle/extracted/train/pikachu/1746040043.jpg,kaggle/extracted/train/pikachu/1746040043.jpg,train,pikachu,1746040043,8868acfd1a33e449e89fd5abeb87f79a5226d186f0e83e83db586bd368bc0c28,224,224,RGB
data/raw/kaggle/extracted/train/pikachu/1746045568.jpg,kaggle/extracted/train/pikachu/1746045568.jpg,train,pikachu,1746045568,61c13516e96bf0058ee7531ed4412ba91da5f2376d04a9b0e70885f8e0c8f7df,224,224,RGB
data/raw/kaggle/extracted/train/pikachu/1746056705.jpg,kaggle/extracted/train/pikachu/1746056705.jpg,train,pikachu,1746056705,361e1c9063d203b80fdbbc458d997226670c83c67e4db66fc628e77c5b90e419,224,224,RGB
data/raw/kaggle/extracted/train/pikachu/1746116288.jpg,kaggle/extracted/train/pikachu/1746116288.jpg,train,pikachu,1746116288,1d6105d4edbf2d319bc786b997f2c42cf4b9145eeb3e61f22dc69b26b1532365,224,224,RGB
data/raw/kaggle/extracted/train/pikachu/1746119709.jpg,kaggle/extracted/train/pikachu/1746119709.jpg,train,pikachu,1746119709,3e3c7a8615e19b75271c23097c7d9f195c9d3c91f2f30b52c6c073929fb31fa7,224,224,RGB
data/raw/kaggle/extracted/train/pikachu/1746125525.jpg,kaggle/extracted/train/pikachu/1746125525.jpg,train,pikachu,1746125525,ee32a29c0d76a5fc9139dbc148663847417d737cd9b05c8228ba68de0b18a946,224,224,RGB
data/raw/kaggle/extracted/train/pikachu/1746140855.jpg,kaggle/extracted/train/pikachu/1746140855.jpg,train,pikachu,1746140855,db5026ccc0d6448bd2cd3c9899cebb2daa4398f1a55611d464b3b12337146660,224,224,RGB
data/raw/kaggle/extracted/train/pikachu/1746153368.jpg,kaggle/extracted/train/pikachu/1746153368.jpg,train,pikachu,1746153368,9dca99a124dbfd8798b2a0aa22fa09d502288100a08d0b2fc3355beb8a309cc7,224,224,RGB
data/raw/kaggle/extracted/train/pikachu/1746204624.jpg,kaggle/extracted/train/pikachu/1746204624.jpg,train,pikachu,1746204624,883baddeefac1f4d2f72e692a66829fe1624bc926b51b41d720bf70afa422c87,224,224,RGB
data/raw/kaggle/extracted/train/pikachu/1746206524.jpg,kaggle/extracted/train/pikachu/1746206524.jpg,train,pikachu,1746206524,3541381b7c40ba3640ca36b4fac74c567af94474325cf59bc05af2a5ec162c81,224,224,RGB
data/raw/kaggle/extracted/train/pikachu/1746214271.jpg,kaggle/extracted/train/pikachu/1746214271.jpg,train,pikachu,1746214271,2961b8ffc5a430dabd0799f1e934a9a5de28e2291e088fbbec52032c8be12512,224,224,RGB
data/raw/kaggle/extracted/train/pikachu/1746225958.jpg,kaggle/extracted/train/pikachu/1746225958.jpg,train,pikachu,1746225958,61c7d11bbae5d51cad1a4627fa5c075e5d31e725cc32480b22253537c7d2e367,224,224,RGB
data/raw/kaggle/extracted/train/pikachu/1746255636.jpg,kaggle/extracted/train/pikachu/1746255636.jpg,train,pikachu,1746255636,c7c9be7916131fcacc7198db937281b41915eda38a9acc36a3d478b420458237,224,224,RGB
data/raw/kaggle/extracted/train/pikachu/1746345702.jpg,kaggle/extracted/train/pikachu/1746345702.jpg,train,pikachu,1746345702,051fc1da406d43fec97c792d1cf791c552d8b4fb553c0dda6baec40a99715e62,224,224,RGB
data/raw/kaggle/extracted/train/pikachu/1746348660.jpg,kaggle/extracted/train/pikachu/1746348660.jpg,train,pikachu,1746348660,2b15496afe0fda80ba41599dfc70e69d31bbbfadeba92bc42eb08f2f4b3e0b61,224,224,RGB
data/raw/kaggle/extracted/train/pikachu/1746348742.jpg,kaggle/extracted/train/pikachu/1746348742.jpg,train,pikachu,1746348742,27f706c90928d9bec83d8966a2853e4916f08680d51c83c660db102f796cd5aa,224,224,RGB
data/raw/kaggle/extracted/train/pikachu/1746379562.jpg,kaggle/extracted/train/pikachu/1746379562.jpg,train,pikachu,1746379562,059dc14bef26e9e98311ba59fb9632d9397aec059f428a985dd6feeeee73b777,224,224,RGB
data/raw/kaggle/extracted/train/pikachu/1746382382.jpg,kaggle/extracted/train/pikachu/1746382382.jpg,train,pikachu,1746382382,5204980dcb53507f70209982361b095a939ce5e3c71e5e8237ed1ba1e6ed4a96,224,224,RGB
data/raw/kaggle/extracted/train/pikachu/1746384739.jpg,kaggle/extracted/train/pikachu/1746384739.jpg,train,pikachu,1746384739,f3352359f304d77e36ed155d42a83bffff95bc777b4bfb08632274a0b16a112d,224,224,RGB
data/raw/kaggle/extracted/train/pikachu/1746386135.jpg,kaggle/extracted/train/pikachu/1746386135.jpg,train,pikachu,1746386135,7d6f9fe8de7784d816d73d2a506e7cc8179387f1e8345831ffd8fce5b4af5e99,224,224,RGB
data/raw/kaggle/extracted/train/pikachu/1746386452.jpg,kaggle/extracted/train/pikachu/1746386452.jpg,train,pikachu,1746386452,2a44a39ef9cd7f1c8ab85de57e59587693cf6cd41adcd0248f367ce6d71327b2,224,224,RGB
data/raw/kaggle/extracted/train/pikachu/1746388614.jpg,kaggle/extracted/train/pikachu/1746388614.jpg,train,pikachu,1746388614,a667acd8a38bfbc5b07c3a353e9c06b8fe03a5805fae3b85e857a61c4f213649,224,224,RGB
data/raw/kaggle/extracted/train/pikachu/1746388734.jpg,kaggle/extracted/train/pikachu/1746388734.jpg,train,pikachu,1746388734,d6dc6f28065b1a2106ed4049778e00aadde28c6fcc6a65667ff675dee10ea8db,224,224,RGB
data/raw/kaggle/extracted/train/pikachu/1746428432.jpg,kaggle/extracted/train/pikachu/1746428432.jpg,train,pikachu,1746428432,816821bb3179074e8e2edec04716bd16080f835fa9e3be4d18ab86d391151c10,224,224,RGB
data/raw/kaggle/extracted/train/pikachu/1746428553.jpg,kaggle/extracted/train/pikachu/1746428553.jpg,train,pikachu,1746428553,40a6ac7643fdc07c57907dab6b2fc80d7bca08c7f782b72c6b24d6b70ac22769,224,224,RGB
data/raw/kaggle/extracted/train/pikachu/1746428912.jpg,kaggle/extracted/train/pikachu/1746428912.jpg,train,pikachu,1746428912,0e77fac5eab1685a503534bbb0c91090ad51b58d5888bd337d341e571b617572,224,224,RGB
data/raw/kaggle/extracted/train/pikachu/1746431150.jpg,kaggle/extracted/train/pikachu/1746431150.jpg,train,pikachu,1746431150,485ee78575e7a90b1a14d249a3ad48e4e22b17061ca31203d6499b22e6e40e28,224,224,RGB
data/raw/kaggle/extracted/train/pikachu/1746435642.jpg,kaggle/extracted/train/pikachu/1746435642.jpg,train,pikachu,1746435642,03c7d14d90fdcb72e606564be9ef5d70002a5422f822c8b6ec6151fcce3d8d58,224,224,RGB
data/raw/kaggle/extracted/train/pikachu/1746437735.jpg,kaggle/extracted/train/pikachu/1746437735.jpg,train,pikachu,1746437735,250a28c98004568dbac662b20e2e81796a6ecd5e8b1479f075ca72c5effe2979,224,224,RGB
data/raw/kaggle/extracted/train/pikachu/1746443025.jpg,kaggle/extracted/train/pikachu/1746443025.jpg,train,pikachu,1746443025,7255c72739b54c39548a311397ae407ff28f7e4c8e4b879d7120b38b9584381e,224,224,RGB
data/raw/kaggle/extracted/train/pikachu/1746445002.jpg,kaggle/extracted/train/pikachu/1746445002.jpg,train,pikachu,1746445002,c38d93f43730d8be8639c495cc6dfeb5723b8422d157c8dbf937a80538e14636,224,224,RGB
data/raw/kaggle/extracted/train/pikachu/1746446108.jpg,kaggle/extracted/train/pikachu/1746446108.jpg,train,pikachu,1746446108,0d69dfac294d40d1e57ca0bd25edd1ae2cf07a57bed52d9cf78b9a98947f320b,224,224,RGB
data/raw/kaggle/extracted/train/pikachu/1746463681.jpg,kaggle/extracted/train/pikachu/1746463681.jpg,train,pikachu,1746463681,3db3b6fc310faab42472744f7a8b71d5336ee03e271e82d82bdb842044edc758,224,224,RGB
data/raw/kaggle/extracted/train/pikachu/1746464451.jpg,kaggle/extracted/train/pikachu/1746464451.jpg,train,pikachu,1746464451,7c5e0bce1ec1cb950f9cc94fd0ee0607a876edbfc7fd7adc6ebf9273bd1bd767,224,224,RGB
data/raw/kaggle/extracted/train/pikachu/1746465797.jpg,kaggle/extracted/train/pikachu/1746465797.jpg,train,pikachu,1746465797,9b247956d949c954293454b669b0255aed0068d7a85ad6e374cc4eb4eb19ecd0,224,224,RGB
data/raw/kaggle/extracted/val/10% zygarde/1746479412.jpg,kaggle/extracted/val/10% zygarde/1746479412.jpg,val,10% zygarde,1746479412,7ba59490d06176020883e63921be3c681c6780781fcd3cd5893a1adc2bfa1e98,224,224,RGB
data/raw/kaggle/extracted/val/arctovish/1746003260.jpg,kaggle/extracted/val/arctovish/1746003260.jpg,val,arctovish,1746003260,302d4b0fcf61120128cc8c5cd17a3fd3affde4e27db7b7d2e7e90e2c37104089,224,224,RGB
data/raw/kaggle/extracted/val/arctovish/1746029905.jpg,kaggle/extracted/val/arctovish/1746029905.jpg,val,arctovish,1746029905,bfd63d2ab63e2d3e8227fbbb5ad849211be11a29e63417e04215289926354688,224,224,RGB
data/raw/kaggle/extracted/val/arctozolt/1745535858.jpg,kaggle/extracted/val/arctozolt/1745535858.jpg,val,arctozolt,1745535858,7419e76c83443bbefea688b4f2c2c2a5901c146663585184791e49ea4ba6b61b,224,224,RGB
data/raw/kaggle/extracted/val/arctozolt/1745612270.jpg,kaggle/extracted/val/arctozolt/1745612270.jpg,val,arctozolt,1745612270,49300cdf976eb3b8286429141f8729fa56e5fc652eae156137b71ca6f74c4c4d,224,224,RGB
data/raw/kaggle/extracted/val/arctozolt/1745656359.jpg,kaggle/extracted/val/arctozolt/1745656359.jpg,val,arctozolt,1745656359,ff90ac9111cd4481e3ca2cbab5ac588c61567aceb2328ecd5a3d1ef8fbbef15c,224,224,RGB
data/raw/kaggle/extracted/val/arctozolt/1746431972.jpg,kaggle/extracted/val/arctozolt/1746431972.jpg,val,arctozolt,1746431972,11504e56ca78e07fe96ca3f19afa9cf235d2ac02cb73184116f9710e2a02e280,224,224,RGB
data/raw/kaggle/extracted/val/ariados/1745957230.jpg,kaggle/extracted/val/ariados/1745957230.jpg,val,ariados,1745957230,6e6ee7fff37816fb4baa82ceac81106fd9a9dcc06037ba23dc6688579f09eddb,224,224,RGB
data/raw/kaggle/extracted/val/ariados/1745995950.jpg,kaggle/extracted/val/ariados/1745995950.jpg,val,ariados,1745995950,3328fccf7afa64396a08aa94240b74a63b53a570d52140f62e97063cc7c01da0,224,224,RGB
data/raw/kaggle/extracted/val/ariados/1746021515.jpg,kaggle/extracted/val/ariados/1746021515.jpg,val,ariados,1746021515,249ca357119c548eafe46c7df58841291d3d1b7ddde49c94cb75cfa09ffe1015,224,224,RGB
data/raw/kaggle/extracted/val/armaldo/1746254617.jpg,kaggle/extracted/val/armaldo/1746254617.jpg,val,armaldo,1746254617,f83d93976569a57d5520018659cce39fde3d340fed68a88da151144f232707a6,224,224,RGB
data/raw/kaggle/extracted/val/armaldo/1746448354.jpg,kaggle/extracted/val/armaldo/1746448354.jpg,val,armaldo,1746448354,0acca41ab5c8c89b7ac76a15cfcb2c4ce64d5fe6c5b973bb6eb4ae950dbf3b7e,224,224,RGB
data/raw/kaggle/extracted/val/armaldo/1746967169.jpg,kaggle/extracted/val/armaldo/1746967169.jpg,val,armaldo,1746967169,c5b9891e042d96bbe4aba797a8293be9c469a4df1a42a2f684888bf7bee76764,224,224,RGB
data/raw/kaggle/extracted/val/armaldo/1747176221.jpg,kaggle/extracted/val/armaldo/1747176221.jpg,val,armaldo,1747176221,ef342e9f940e70d7574e2f6e97a6586f5d9334310c9e48f4456a81df05b83730,224,224,RGB
data/raw/kaggle/extracted/val/armarouge/1745395361.jpg,kaggle/extracted/val/armarouge/1745395361.jpg,val,armarouge,1745395361,07e01dbf9d0ce0e9c6e704aa748a6d00591cf4914b66333ea0e841217af5de96,224,224,RGB
data/raw/kaggle/extracted/val/armarouge/1745567157.jpg,kaggle/extracted/val/armarouge/1745567157.jpg,val,armarouge,1745567157,026b394d823746ab459e6edbb927fda10e9dfb7c58a218e51d5c9e4d366a7dcf,224,224,RGB
data/raw/kaggle/extracted/val/armarouge/1746005483.jpg,kaggle/extracted/val/armarouge/1746005483.jpg,val,armarouge,1746005483,aa47fd43f6da508b23362f55cccb12f59017c686c64bb67908c85d581a66dc32,224,224,RGB
data/raw/kaggle/extracted/val/armarouge/1746016315.jpg,kaggle/extracted/val/armarouge/1746016315.jpg,val,armarouge,1746016315,08c0e12e2e4fdf51474aa7b5f0e5c608b594682499a9968d1d0be435dbe4e70c,224,224,RGB
data/raw/kaggle/extracted/val/armarouge/1746120779.jpg,kaggle/extracted/val/armarouge/1746120779.jpg,val,armarouge,1746120779,b1e8c8b64756fffb8dfff5d38436b7a7536f08c3ab4242f343bce961111cce10,224,224,RGB
data/raw/kaggle/extracted/val/armarouge/1746428680.jpg,kaggle/extracted/val/armarouge/1746428680.jpg,val,armarouge,1746428680,3901e38f42b21285c867995193f7fedc45dfcdada82930a24817b41df4b8a377,224,224,RGB
data/raw/kaggle/extracted/val/armarouge/1746444659.jpg,kaggle/extracted/val/armarouge/1746444659.jpg,val,armarouge,1746444659,ed62b953ee474fc86a2a5119eed7e026dd9d277ca37cfa4e23705b376d9bbb0a,224,224,RGB
data/raw/kaggle/extracted/val/armarouge/1746445382.jpg,kaggle/extracted/val/armarouge/1746445382.jpg,val,armarouge,1746445382,1346e50fee20ef14116b3ce5af4a0a969a67d8bfe97313c2aa1894bc4c68da11,224,224,RGB
data/raw/kaggle/extracted/val/armarouge/1746447952.jpg,kaggle/extracted/val/armarouge/1746447952.jpg,val,armarouge,1746447952,d0d7af65ba39bc665828575e121029c9766ae9e54f6b1f2c4d7d7a72a0d503f2,224,224,RGB
data/raw/kaggle/extracted/val/aromatisse/1745425558.jpg,kaggle/extracted/val/aromatisse/1745425558.jpg,val,aromatisse,1745425558,95ab65127ac93a3b3b6bd3ee85477b7b5025cbf0003ed2a3b6f12199f3febb9f,224,224,RGB
data/raw/kaggle/extracted/val/aromatisse/1745497843.jpg,kaggle/extracted/val/aromatisse/1745497843.jpg,val,aromatisse,1745497843,29a92ad9074e3fe6f16f19368dad59556b773d5cbf029137acf15f65bb7656af,224,224,RGB
data/raw/kaggle/extracted/val/aromatisse/1746472198.jpg,kaggle/extracted/val/aromatisse/1746472198.jpg,val,aromatisse,1746472198,e5a39b51f07ed6e82b5af06a9261e7dedeab5b312d7a55295cdd83abe02ee715,224,224,RGB
data/raw/kaggle/extracted/val/aron/1745411877.jpg,kaggle/extracted/val/aron/1745411877.jpg,val,aron,1745411877,6efa7a5eaf590a6746b7c0269b68959ddb21f8f2aa213e7af69850b44084559b,224,224,RGB
data/raw/kaggle/extracted/val/aron/1745413755.jpg,kaggle/extracted/val/aron/1745413755.jpg,val,aron,1745413755,8079a42c2d93ba759b828255d66cbdd50f665b52ccc6c58f124a61a4137e7483,224,224,RGB
data/raw/kaggle/extracted/val/aron/1745428420.jpg,kaggle/extracted/val/aron/1745428420.jpg,val,aron,1745428420,54eef43c8e02f2ce2cc8c5285229a015ce55805db36744548fa054a74d84f8f1,224,224,RGB
data/raw/kaggle/extracted/val/aron/1745526608.jpg,kaggle/extracted/val/aron/1745526608.jpg,val,aron,1745526608,6cf9b0745eef4c30c48c04761def1cdd17d0e8076ea7162ad8bbf2ff9fe4b77c,224,224,RGB
data/raw/kaggle/extracted/val/aron/1745540078.jpg,kaggle/extracted/val/aron/1745540078.jpg,val,aron,1745540078,4afe889d65fbcb40392c705a1379806c46fdcebb9ae0b8043f3aadcd564581a6,224,224,RGB
data/raw/kaggle/extracted/val/aron/1745568514.jpg,kaggle/extracted/val/aron/1745568514.jpg,val,aron,1745568514,979a03f1cb868cfabfe62f14a17df77a2f0c4862bd5a8e4aa465b5be12d01e77,224,224,RGB
data/raw/kaggle/extracted/val/aron/1745570355.jpg,kaggle/extracted/val/aron/1745570355.jpg,val,aron,1745570355,ae20accf35af9ae818599297bdfee104a6b9d38c58ba184c650a9e72ec68777a,224,224,RGB
data/raw/kaggle/extracted/val/aron/1745651487.jpg,kaggle/extracted/val/aron/1745651487.jpg,val,aron,1745651487,202b55b65ed3906f226b80e6361fc3bf3e818cfee348a77a188791186b28db4a,224,224,RGB
data/raw/kaggle/extracted/val/aron/1745651949.jpg,kaggle/extracted/val/aron/1745651949.jpg,val,aron,1745651949,3e835d55d80a67b11ffb379aecadde703151da82733703be4f59f56cde1156b3,224,224,RGB
data/raw/kaggle/extracted/val/arrokuda/1745571028.jpg,kaggle/extracted/val/arrokuda/1745571028.jpg,val,arrokuda,1745571028,f90c952e2c2e83b04c90a8da571ff994e763f1391b0eb09630c82d4211099fd6,224,224,RGB
data/raw/kaggle/extracted/val/arrokuda/1745662468.jpg,kaggle/extracted/val/arrokuda/1745662468.jpg,val,arrokuda,1745662468,b2f192e15e60238a855a3726226a2ef50e223672f141d1dfd8f235233f5c2ab9,224,224,RGB
data/raw/kaggle/extracted/val/arrokuda/1745752397.jpg,kaggle/extracted/val/arrokuda/1745752397.jpg,val,arrokuda,1745752397,63c24977eab54c1e2a8483e352254b9a24f74c57de3cc2f089656ee83442901a,224,224,RGB
data/raw/kaggle/extracted/val/arrokuda/1745961457.jpg,kaggle/extracted/val/arrokuda/1745961457.jpg,val,arrokuda,1745961457,a8bf51bc71d2b08ccb8edc089e1858d8390aedd92dca672ac4dbbe7c2a7a716c,224,224,RGB
data/raw/kaggle/extracted/val/arrokuda/1746007843.jpg,kaggle/extracted/val/arrokuda/1746007843.jpg,val,arrokuda,1746007843,9ffd4d16b91325a69a68245777bbdafa1757a2b4076bca8f92dd37720de49630,224,224,RGB
data/raw/kaggle/extracted/val/arrokuda/1746048514.jpg,kaggle/extracted/val/arrokuda/1746048514.jpg,val,arrokuda,1746048514,08263ffc6c1251aa8a356633c952ca0790dc1a1d5f3863bf95248e86af54aa50,224,224,RGB
data/raw/kaggle/extracted/val/arrokuda/1746343112.jpg,kaggle/extracted/val/arrokuda/1746343112.jpg,val,arrokuda,1746343112,91cefeb490121971ecc2e020e3a07dc092be76c61c5840e932f2718b1699fc76,224,224,RGB
data/raw/kaggle/extracted/val/arrokuda/1746343194.jpg,kaggle/extracted/val/arrokuda/1746343194.jpg,val,arrokuda,1746343194,2b2bf463196b81f38e530a3fdc65ddedd3c31175c1cb1eaa5c0cae6bbb4bf6a4,224,224,RGB
data/raw/kaggle/extracted/val/attack deoxys/1746121822.jpg,kaggle/extracted/val/attack deoxys/1746121822.jpg,val,attack deoxys,1746121822,31385fea3fd4ea3fc1ad5aef3c9a493f971d8c8b1a57db2d07b76a68fd26ae1a,224,224,RGB
data/raw/kaggle/extracted/val/audino/1745567768.jpg,kaggle/extracted/val/audino/1745567768.jpg,val,audino,1745567768,505879a98c489548a76d849cd6e0ac70608da4ff6e95c7747ab40c4fc2154a1b,224,224,RGB
data/raw/kaggle/extracted/val/audino/1745659886.jpg,kaggle/extracted/val/audino/1745659886.jpg,val,audino,1745659886,aca6ca5cc5b98de93e2ba7eb0f3fce1799f8549ae9f7d38edb58a528d009cd37,224,224,RGB
data/raw/kaggle/extracted/val/audino/1746140915.jpg,kaggle/extracted/val/audino/1746140915.jpg,val,audino,1746140915,4fd0eadc24ba1f48f7c15ee84448dc7946802d46a02d50648a7914612d0a3f03,224,224,RGB
data/raw/kaggle/extracted/val/audino/1746435623.jpg,kaggle/extracted/val/audino/1746435623.jpg,val,audino,1746435623,a6ced70bf70cbebdfc2b120518a63db281a1bae0596e0e9348c810138952dccb,224,224,RGB
data/raw/kaggle/extracted/val/aurorus/1745388700.jpg,kaggle/extracted/val/aurorus/1745388700.jpg,val,aurorus,1745388700,74230deb94ffbf6821d0661437c67e57e9d50ad3b16a73e679190976d3d2ea7f,224,224,RGB
data/raw/kaggle/extracted/val/aurorus/1746348472.jpg,kaggle/extracted/val/aurorus/1746348472.jpg,val,aurorus,1746348472,66d5329cf9647d56011e18b5cc5baf080ba2dd040db207f37e20a4704aac86ed,224,224,RGB
data/raw/kaggle/extracted/val/aurorus/1746963710.jpg,kaggle/extracted/val/aurorus/1746963710.jpg,val,aurorus,1746963710,e9042482ee76656d288911889c07ba15e79c9f5205d9fe94bf456c0b55927ad0,224,224,RGB
data/raw/kaggle/extracted/val/aurorus/1747232809.jpg,kaggle/extracted/val/aurorus/1747232809.jpg,val,aurorus,1747232809,14aafe26d7f796ecf6c44cd91d84b1b11f79efff548ddfc8aa2bdf84f5432147,224,224,RGB
data/raw/kaggle/extracted/val/avalugg/1745954117.jpg,kaggle/extracted/val/avalugg/1745954117.jpg,val,avalugg,1745954117,32193f8dc56014c363f188c61138e34c500ba7565dccba8eb428446371449383,224,224,RGB
data/raw/kaggle/extracted/val/avalugg/1746041202.jpg,kaggle/extracted/val/avalugg/1746041202.jpg,val,avalugg,1746041202,1c8dd6d6914f19845ebcff7aa6a5776101e4a856dfb65df473702e4a00bd5fc7,224,224,RGB
data/raw/kaggle/extracted/val/axew/1745389310.jpg,kaggle/extracted/val/axew/1745389310.jpg,val,axew,1745389310,0aeb935533b9c65f3a3e882f516ba271a0d66e85e3f8ef2cfaedab79ec1f70bb,224,224,RGB
data/raw/kaggle/extracted/val/axew/1745440677.jpg,kaggle/extracted/val/axew/1745440677.jpg,val,axew,1745440677,5b1e6fefa867753b655d6ba5692ef98ae4b56b0af0337d246592ce7cd55e5e23,224,224,RGB
data/raw/kaggle/extracted/val/axew/1745505737.jpg,kaggle/extracted/val/axew/1745505737.jpg,val,axew,1745505737,b7d6c04a7d3f3e37a3c7f5f17958ef9d2ed1be05cdbdf31f26b8c3c628dc115e,224,224,RGB
data/raw/kaggle/extracted/val/axew/1745509818.jpg,kaggle/extracted/val/axew/1745509818.jpg,val,axew,1745509818,15e7276e1b385ea0e5c264a1350c2f935a7e7773c5c3c8fec4927a4c3f583878,224,224,RGB
data/raw/kaggle/extracted/val/axew/1745598655.jpg,kaggle/extracted/val/axew/1745598655.jpg,val,axew,1745598655,08b96672c1545b97f8c1b69850e1469142b79b942d7db5d0dc65d25598d6bb66,224,224,RGB
data/raw/kaggle/extracted/val/axew/1745611918.jpg,kaggle/extracted/val/axew/1745611918.jpg,val,axew,1745611918,fa595b02a8406880920ddd53412b88ea708087af804afc583c73bd7591c1e105,224,224,RGB
data/raw/kaggle/extracted/val/axew/1745651757.jpg,kaggle/extracted/val/axew/1745651757.jpg,val,axew,1745651757,62eff8aadeeee1215844875547e9960e774c1e5ccbb15cc3f01b46537d82a3ce,224,224,RGB
data/raw/kaggle/extracted/val/axew/1745659522.jpg,kaggle/extracted/val/axew/1745659522.jpg,val,axew,1745659522,50ea8040420f2798316757e23164c212b29e06fb344183bf6339af92c32e5fc7,224,224,RGB
data/raw/kaggle/extracted/val/azelf/1746003875.jpg,kaggle/extracted/val/azelf/1746003875.jpg,val,azelf,1746003875,d6d8c6b4279e30c5b2666868f5a6ce3acb087be42c040b7d1deff96b5c36e2d9,224,224,RGB
data/raw/kaggle/extracted/val/azumarill/1745990645.jpg,kaggle/extracted/val/azumarill/1745990645.jpg,val,azumarill,1745990645,c74afbb919ded71502b5db24e34dc23294b02dcc8b0949517570768478ef2519,224,224,RGB
data/raw/kaggle/extracted/val/azumarill/1746390188.jpg,kaggle/extracted/val/azumarill/1746390188.jpg,val,azumarill,1746390188,0cc3d529b43309aa98b75c1fe6e30ee83882555105af6c93512f6d36950b6af0,224,224,RGB
data/raw/kaggle/extracted/val/azumarill/1746595492.jpg,kaggle/extracted/val/azumarill/1746595492.jpg,val,azumarill,1746595492,f848a38f88bad5b27194316023f0ad93aaae8a33cbb961a83c49b884eda12257,224,224,RGB
data/raw/kaggle/extracted/val/azurill/1745525952.jpg,kaggle/extracted/val/azurill/1745525952.jpg,val,azurill,1745525952,c5b1eab00784bd7eb114139b718bd90bb2f23ece2a0ae35cff0dd371c0b76054,224,224,RGB
data/raw/kaggle/extracted/val/azurill/1745760041.jpg,kaggle/extracted/val/azurill/1745760041.jpg,val,azurill,1745760041,942a6c11f2b2513c8579ff389862dabd4f337d6341b4ed1a644fe97e3b706f99,224,224,RGB
data/raw/kaggle/extracted/val/azurill/1746039164.jpg,kaggle/extracted/val/azurill/1746039164.jpg,val,azurill,1746039164,67a39edc1ac870b23e3a25f3b2fbb630b1040253132b2a47cc01ecb06699c315,224,224,RGB
data/raw/kaggle/extracted/val/azurill/1746525492.jpg,kaggle/extracted/val/azurill/1746525492.jpg,val,azurill,1746525492,deebd941671a8938af39630cdc1992cbbda63a390525c2eca471376eecb26fa2,224,224,RGB
data/raw/kaggle/extracted/val/bagon/1745404498.jpg,kaggle/extracted/val/bagon/1745404498.jpg,val,bagon,1745404498,5a08d46c9712abd84990f54676c0d696c7ce396f325d55952f02f8e2b10c28d4,224,224,RGB
data/raw/kaggle/extracted/val/bagon/1745418735.jpg,kaggle/extracted/val/bagon/1745418735.jpg,val,bagon,1745418735,a53f559d0cc35bfb2100b4a88a4a5e86d3573fce63a6315997bdcda482e36d97,224,224,RGB
data/raw/kaggle/extracted/val/bagon/1745430652.jpg,kaggle/extracted/val/bagon/1745430652.jpg,val,bagon,1745430652,6a67b879df5b7df25c01a66209acd1d80202d7b2d63dc4dfbe4e5d332fe0d23f,224,224,RGB
data/raw/kaggle/extracted/val/bagon/1745598318.jpg,kaggle/extracted/val/bagon/1745598318.jpg,val,bagon,1745598318,88c8f2615755a2249708d5e8de70edf157c93eccadb90f6c975c957022835577,224,224,RGB
data/raw/kaggle/extracted/val/bagon/1745606215.jpg,kaggle/extracted/val/bagon/1745606215.jpg,val,bagon,1745606215,7da443bf0b87ed58065510b6beb9c3a3e6689e686e67f6739dccb28d4bdc1fe1,224,224,RGB
data/raw/kaggle/extracted/val/bagon/1745751357.jpg,kaggle/extracted/val/bagon/1745751357.jpg,val,bagon,1745751357,efea7ffdb828d0bf32928eaa82e7e9359b364a703c0e13d12849d1aa2ff5a751,224,224,RGB
data/raw/kaggle/extracted/val/bagon/1745767825.jpg,kaggle/extracted/val/bagon/1745767825.jpg,val,bagon,1745767825,7c260158c180f6f26bfc66658f3d84cb865d1e5fe645e9956eb1d78c7dbb2ba1,224,224,RGB
data/raw/kaggle/extracted/val/bagon/1745780233.jpg,kaggle/extracted/val/bagon/1745780233.jpg,val,bagon,1745780233,8d128ecd28c4932454e9647c1886ca2f7225d2654ebdc01f59ef38c6417ece1f,224,224,RGB
data/raw/kaggle/extracted/val/bagon/1745875694.jpg,kaggle/extracted/val/bagon/1745875694.jpg,val,bagon,1745875694,867f117761ee5fcf2c6aec94076d49e3b8db6bf3b1a010b66b84456c891c84c4,224,224,RGB
data/raw/kaggle/extracted/val/baltoy/1745402301.jpg,kaggle/extracted/val/baltoy/1745402301.jpg,val,baltoy,1745402301,4fb0e9805d0a077db89f307ba532461761be4bcae39e3fb38d55b6babf1f5a8f,224,224,RGB
data/raw/kaggle/extracted/val/baltoy/1745655629.jpg,kaggle/extracted/val/baltoy/1745655629.jpg,val,baltoy,1745655629,cd772f9087baff70b49ba3876e6548ef56935fb68bc509115a6baa4b83400a38,224,224,RGB
data/raw/kaggle/extracted/val/baltoy/1745759410.jpg,kaggle/extracted/val/baltoy/1745759410.jpg,val,baltoy,1745759410,57e4467ec6b2da1fc3fbf713daa9e3be4cb0d544d4f5096e05be0b6ea4bfb619,224,224,RGB
data/raw/kaggle/extracted/val/baltoy/1746007895.jpg,kaggle/extracted/val/baltoy/1746007895.jpg,val,baltoy,1746007895,582c4653aa393043e656625fc76ce9ff1573ed92f57363957d200e464189108d,224,224,RGB
data/raw/kaggle/extracted/val/baltoy/1746049843.jpg,kaggle/extracted/val/baltoy/1746049843.jpg,val,baltoy,1746049843,d021eca5e4b272d5eca6655577fe9a03c4e331c4bd9bb37c63b81ccc7deb2cb2,224,224,RGB
data/raw/kaggle/extracted/val/baltoy/1746116723.jpg,kaggle/extracted/val/baltoy/1746116723.jpg,val,baltoy,1746116723,f9df9a9bd12cea6b6e7967749e07fb1f2cdc400f6256d86161722370dc10da0a,224,224,RGB
data/raw/kaggle/extracted/val/baltoy/1746136148.jpg,kaggle/extracted/val/baltoy/1746136148.jpg,val,baltoy,1746136148,832a819c9f497e74ba15b442a3fb5bee4fb9aaa2425518e2c1204e20c727c17f,224,224,RGB
data/raw/kaggle/extracted/val/baltoy/1746201107.jpg,kaggle/extracted/val/baltoy/1746201107.jpg,val,baltoy,1746201107,169bec3b0dc0c9f96e7e3a40a995158e871b2dedeb64c82d0d70235ad29d6669,224,224,RGB
data/raw/kaggle/extracted/val/baltoy/1746381501.jpg,kaggle/extracted/val/baltoy/1746381501.jpg,val,baltoy,1746381501,b0cadabd2cf991c1045ea55236be55e9843b9c9d698138c09990a6d639c520b5,224,224,RGB
data/raw/kaggle/extracted/val/banette/1745661929.jpg,kaggle/extracted/val/banette/1745661929.jpg,val,banette,1745661929,ae05bbee85d207676ab4fe619b3aee1a5602d34e4c24cee429d5e8ff04862143,224,224,RGB
data/raw/kaggle/extracted/val/banette/1745749499.jpg,kaggle/extracted/val/banette/1745749499.jpg,val,banette,1745749499,7586c449a3d37563f88c013fe2f15e46a24e3905bb313829fa456693d7520908,224,224,RGB
data/raw/kaggle/extracted/val/banette/1745771757.jpg,kaggle/extracted/val/banette/1745771757.jpg,val,banette,1745771757,9924859b86a1cd27ab71b5b2454fcc03732839aeb9e214c2e8ea42027cb81d0d,224,224,RGB
data/raw/kaggle/extracted/val/barbaracle/1745758124.jpg,kaggle/extracted/val/barbaracle/1745758124.jpg,val,barbaracle,1745758124,145e1bb6c6b4abb61cc155dff1a2f3d9e87c3c14cefc18c029550387f6504ab1,224,224,RGB
data/raw/kaggle/extracted/val/barbaracle/1746464329.jpg,kaggle/extracted/val/barbaracle/1746464329.jpg,val,barbaracle,1746464329,17056de48999da15122b0fbf39588c4a673e1a3a9c4c6ae57a60e7ba0b21e060,224,224,RGB
data/raw/kaggle/extracted/val/barbaracle/1746485252.jpg,kaggle/extracted/val/barbaracle/1746485252.jpg,val,barbaracle,1746485252,0319996b48a595b96a49afaafdccc57351b13bf637ca165d0a0a6a9275e1d2d9,224,224,RGB
data/raw/kaggle/extracted/val/barboach/1745773535.jpg,kaggle/extracted/val/barboach/1745773535.jpg,val,barboach,1745773535,bab302c7c6e34921575ff9acd9da58f18f6c74521d641289183224290e9ee973,224,224,RGB
data/raw/kaggle/extracted/val/barboach/1745988135.jpg,kaggle/extracted/val/barboach/1745988135.jpg,val,barboach,1745988135,fd0372fd516dc5ae8f799ee223c56f8ccfc64aa414140da3a60c5262819f68bc,224,224,RGB
data/raw/kaggle/extracted/val/barboach/1745996263.jpg,kaggle/extracted/val/barboach/1745996263.jpg,val,barboach,1745996263,7989a85caef29a4423e2610513e17ef20527ea18c31fdd9d05bb59f18e693dce,224,224,RGB
data/raw/kaggle/extracted/val/barboach/1746024096.jpg,kaggle/extracted/val/barboach/1746024096.jpg,val,barboach,1746024096,b99f713677fcb004d32c0987086e7b5dbac808b27b8b21204a1c50572d4acbf2,224,224,RGB
data/raw/kaggle/extracted/val/barboach/1746042538.jpg,kaggle/extracted/val/barboach/1746042538.jpg,val,barboach,1746042538,f9a207718fbf724231381b8bdfe4092411dba9a0db6c92c4846766fe9d723365,224,224,RGB
data/raw/kaggle/extracted/val/barboach/1746047165.jpg,kaggle/extracted/val/barboach/1746047165.jpg,val,barboach,1746047165,e00130c2545ed5db7cff9b6f113138ccca8513dc2f009aa378d114a9e3f61ee8,224,224,RGB
data/raw/kaggle/extracted/val/barboach/1746218375.jpg,kaggle/extracted/val/barboach/1746218375.jpg,val,barboach,1746218375,ef601dbacd4525722b4aa99ce69b9f1ac370bd36e231b04f7068dcbfa36ebbe3,224,224,RGB
data/raw/kaggle/extracted/val/barboach/1746355273.jpg,kaggle/extracted/val/barboach/1746355273.jpg,val,barboach,1746355273,45dba0013d99943905a0b9cb20f516c47b998d9c72e494935be19d80cd6043e5,224,224,RGB
data/raw/kaggle/extracted/val/barboach/1746389961.jpg,kaggle/extracted/val/barboach/1746389961.jpg,val,barboach,1746389961,9511ccfec7843a8e3d9cdfa7f0848c3b4db68974ff0c1e7df32ef60c365163a9,224,224,RGB
data/raw/kaggle/extracted/val/barraskewda/1746345501.jpg,kaggle/extracted/val/barraskewda/1746345501.jpg,val,barraskewda,1746345501,77cc7538afc4701932458da3b6a7cd943f979503e23065b2be9fbc963ae37269,224,224,RGB
data/raw/kaggle/extracted/val/barraskewda/1746444532.jpg,kaggle/extracted/val/barraskewda/1746444532.jpg,val,barraskewda,1746444532,fe75540ee8e5dde6d4b1645b6d62310c735f6afae7c9a521ee9157197c2ef78b,224,224,RGB
data/raw/kaggle/extracted/val/basculegion/1746966969.jpg,kaggle/extracted/val/basculegion/1746966969.jpg,val,basculegion,1746966969,2c0a94720419241590eeaafdea612a3282ea27139bcacb702402f8a02b4a1d8e,224,224,RGB
data/raw/kaggle/extracted/val/basculin/1745654941.jpg,kaggle/extracted/val/basculin/1745654941.jpg,val,basculin,1745654941,32392ce308272d42b0a337a99f55b46523bd072c455783fc6c5cedec6ebccc02,224,224,RGB
data/raw/kaggle/extracted/val/basculin/1745986414.jpg,kaggle/extracted/val/basculin/1745986414.jpg,val,basculin,1745986414,a6028b7eddbd29c03a0224b5319c4f3b4e98babe55aeaaf1ee97c8efb3a0ee3e,224,224,RGB
data/raw/kaggle/extracted/val/basculin/1746152289.jpg,kaggle/extracted/val/basculin/1746152289.jpg,val,basculin,1746152289,beaab0f8416f9a77a6f1371fd6efc49840fab6955ca1881c224b98d196c81ba4,224,224,RGB
data/raw/kaggle/extracted/val/bastiodon/1745596324.jpg,kaggle/extracted/val/bastiodon/1745596324.jpg,val,bastiodon,1745596324,43ec6bb19990e98dd35e8d35e224cd54d8c387716eddc88d8e4bcb509d74aa07,224,224,RGB
data/raw/kaggle/extracted/val/bastiodon/1746200765.jpg,kaggle/extracted/val/bastiodon/1746200765.jpg,val,bastiodon,1746200765,74b4b8d4fa8761db6b540ced2b1af241f70e14e415568919d1fc73c94b8b4ced,224,224,RGB
data/raw/kaggle/extracted/val/bastiodon/1746528361.jpg,kaggle/extracted/val/bastiodon/1746528361.jpg,val,bastiodon,1746528361,e3e422795df4c345e6d4e86c9f53a1c6129ab25a03e8623f6147ebf66ab78088,224,224,RGB
data/raw/kaggle/extracted/val/baxcalibur/1745529839.jpg,kaggle/extracted/val/baxcalibur/1745529839.jpg,val,baxcalibur,1745529839,c9f0f09c9059efa3a5640d03caede372efd8f34af9f7f1d76a488f24902e9291,224,224,RGB
data/raw/kaggle/extracted/val/baxcalibur/1746205563.jpg,kaggle/extracted/val/baxcalibur/1746205563.jpg,val,baxcalibur,1746205563,127ea2a9749026ffbd143664dbe1d22e403b62462f42e64946963aeec3f15370,224,224,RGB
data/raw/kaggle/extracted/val/baxcalibur/1746389775.jpg,kaggle/extracted/val/baxcalibur/1746389775.jpg,val,baxcalibur,1746389775,0d6505f329c64af06fd3eb57f38ac49c33b35604791b701f4abc5f0d9868a47a,224,224,RGB
data/raw/kaggle/extracted/val/bayleef/1745405079.jpg,kaggle/extracted/val/bayleef/1745405079.jpg,val,bayleef,1745405079,4eebbd83e7156c7143f5837ab28f16e4c4fcd5a8d134ff07a0e085b934cbb8f5,224,224,RGB
data/raw/kaggle/extracted/val/bayleef/1745504263.jpg,kaggle/extracted/val/bayleef/1745504263.jpg,val,bayleef,1745504263,1f201cec07e68f50f19b95aa1e92d9aeb809b79c938ecb1e14e3fcabbb9eabee,224,224,RGB
data/raw/kaggle/extracted/val/bayleef/1745598915.jpg,kaggle/extracted/val/bayleef/1745598915.jpg,val,bayleef,1745598915,2cd555d6879686df5345d44f5576312b9d37ed0b8a1e028f55d7de506ad97019,224,224,RGB
data/raw/kaggle/extracted/val/bayleef/1745755535.jpg,kaggle/extracted/val/bayleef/1745755535.jpg,val,bayleef,1745755535,fdc232dd123f1ce7618d6a18cf924a6759f3afcb9d2d3af53a8e7ab6ba9663c3,224,224,RGB
data/raw/kaggle/extracted/val/bayleef/1746007353.jpg,kaggle/extracted/val/bayleef/1746007353.jpg,val,bayleef,1746007353,ef8ec3b464d57fbf7e5c553138438c672b097e68c83e8fa531acd7c4d16c6315,224,224,RGB
data/raw/kaggle/extracted/val/bayleef/1746049504.jpg,kaggle/extracted/val/bayleef/1746049504.jpg,val,bayleef,1746049504,d603ddaf9b2d3bf6839e891ffaf050dcc70e5a60a7d695162985da712801c57b,224,224,RGB
data/raw/kaggle/extracted/val/bayleef/1746118432.jpg,kaggle/extracted/val/bayleef/1746118432.jpg,val,bayleef,1746118432,d5d8ff79436d3907f0b30e1011f35bc76020fb0525bf953be0b4ec411ddca28f,224,224,RGB
data/raw/kaggle/extracted/val/bayleef/1746206768.jpg,kaggle/extracted/val/bayleef/1746206768.jpg,val,bayleef,1746206768,01cc5d36d10c1c74bb3e7737d8f041132e954a532adda231c69fd0e93fe9f603,224,224,RGB
data/raw/kaggle/extracted/val/beartic/1745657256.jpg,kaggle/extracted/val/beartic/1745657256.jpg,val,beartic,1745657256,766c1a4f5e1a3bcbf5359dea8acc275c60e8b2e4a16aa067340853bd3f9b3afa,224,224,RGB
data/raw/kaggle/extracted/val/beartic/1745662940.jpg,kaggle/extracted/val/beartic/1745662940.jpg,val,beartic,1745662940,294ba1d104b3352b6e2023ca33b0b7f8c63ba9b60add8bcead9fb08b376d17e1,224,224,RGB
data/raw/kaggle/extracted/val/beartic/1745965325.jpg,kaggle/extracted/val/beartic/1745965325.jpg,val,beartic,1745965325,7ad34a3b8cfc7208ad8764bf724afb0a5567c4205ef6492af70ce60f4aa351e1,224,224,RGB
data/raw/kaggle/extracted/val/beautifly/1745429797.jpg,kaggle/extracted/val/beautifly/1745429797.jpg,val,beautifly,1745429797,7396d120cb6e37bd046e0b2eb5c3037578a05622ad8e9117b3a82ec56f136bc1,224,224,RGB
data/raw/kaggle/extracted/val/beautifly/1745662797.jpg,kaggle/extracted/val/beautifly/1745662797.jpg,val,beautifly,1745662797,6f93ca9cf8ae9f6f6f78297d1a18d365ee05d893c4c8d94bbe8c1347953a5238,224,224,RGB
data/raw/kaggle/extracted/val/beautifly/1745986397.jpg,kaggle/extracted/val/beautifly/1745986397.jpg,val,beautifly,1745986397,55a7c5fe0af836bff517f95e130ae2b6251dfe20b06bea0dcab6174332c44395,224,224,RGB
data/raw/kaggle/extracted/val/beautifly/1746464022.jpg,kaggle/extracted/val/beautifly/1746464022.jpg,val,beautifly,1746464022,1fea6f944576bdbf40a68e05229a9f5090b5bd2a98c843f61945992d9a276683,224,224,RGB
data/raw/kaggle/extracted/val/beedrill/1745434319.jpg,kaggle/extracted/val/beedrill/1745434319.jpg,val,beedrill,1745434319,f31d8cc1c755be53387f13ebeb1c1661486ce51cdb9151acfdfaa81179b30e1c,224,224,RGB
data/raw/kaggle/extracted/val/beedrill/1745758773.jpg,kaggle/extracted/val/beedrill/1745758773.jpg,val,beedrill,1745758773,4ef58b593517995bbb7bf6713d4056bf4d2ac53672c63e1364d826ce52e96b6c,224,224,RGB
data/raw/kaggle/extracted/val/beedrill/1746127888.jpg,kaggle/extracted/val/beedrill/1746127888.jpg,val,beedrill,1746127888,ec901025dea1aacc48f5d65457517a89a14ba478afa5ad03f202626e9d67c3d6,224,224,RGB
data/raw/kaggle/extracted/val/beedrill/1746969311.jpg,kaggle/extracted/val/beedrill/1746969311.jpg,val,beedrill,1746969311,a30546e991dd32d55a8e1fbbc3ce5a93ebbf61aafbe312c2df34caef01b7ad8b,224,224,RGB
data/raw/kaggle/extracted/val/beheeyem/1745594440.jpg,kaggle/extracted/val/beheeyem/1745594440.jpg,val,beheeyem,1745594440,dc1b046dd0ddea8b263de257dc5f719caf34846015b866135da170d5d25b7188,224,224,RGB
data/raw/kaggle/extracted/val/beheeyem/1746485770.jpg,kaggle/extracted/val/beheeyem/1746485770.jpg,val,beheeyem,1746485770,6e5ada11282373b4d099862aeda0cf67642712a9a4ce277ee17088f301424172,224,224,RGB
data/raw/kaggle/extracted/val/beldum/1745412390.jpg,kaggle/extracted/val/beldum/1745412390.jpg,val,beldum,1745412390,62f84d7b3be4b3ea5af77500ee96d8b20da4e2f371a54f8c581d7cf76ee229e8,224,224,RGB
data/raw/kaggle/extracted/val/beldum/1745421556.jpg,kaggle/extracted/val/beldum/1745421556.jpg,val,beldum,1745421556,756d3aa6fc4280cb4263f497ac6d27c6d65e13e6da7d90e3dc087a2495e8f343,224,224,RGB
data/raw/kaggle/extracted/val/beldum/1745434696.jpg,kaggle/extracted/val/beldum/1745434696.jpg,val,beldum,1745434696,a37e25be8b46992bb1c5e0fd75ee9551d4159be2fa663ca02b254617150258e4,224,224,RGB
data/raw/kaggle/extracted/val/beldum/1745508937.jpg,kaggle/extracted/val/beldum/1745508937.jpg,val,beldum,1745508937,b0b2352264e64e15a71a4f825a4123fe5f5ea8c69d73300a5c548c095c017b8c,224,224,RGB
data/raw/kaggle/extracted/val/beldum/1745560969.jpg,kaggle/extracted/val/beldum/1745560969.jpg,val,beldum,1745560969,1cbd230c1a5775c792a81ef11d6f4f1a57a65b9b0d83ed69dd64295c44405d05,224,224,RGB
data/raw/kaggle/extracted/val/beldum/1745592650.jpg,kaggle/extracted/val/beldum/1745592650.jpg,val,beldum,1745592650,a3666eba1183ff70f60420594d1f80fd4fabb6ea44dd401b4b46df56979fcf4f,224,224,RGB
data/raw/kaggle/extracted/val/beldum/1745598635.jpg,kaggle/extracted/val/beldum/1745598635.jpg,val,beldum,1745598635,31831a2f778a639246156cdb0ce807bfa75473de85a4c72b2dbf676016035824,224,224,RGB
data/raw/kaggle/extracted/val/beldum/1745655861.jpg,kaggle/extracted/val/beldum/1745655861.jpg,val,beldum,1745655861,1ce78e644ef046b122d6c988d04c9b38f407089710280cfafc07b32d4e64c6a3,224,224,RGB
data/raw/kaggle/extracted/val/beldum/1745749729.jpg,kaggle/extracted/val/beldum/1745749729.jpg,val,beldum,1745749729,c112356a0ba0119b39111ef0128cff934965ace191a2772fc9e68d8c27fa842c,224,224,RGB
data/raw/kaggle/extracted/val/bellibolt/1745536254.jpg,kaggle/extracted/val/bellibolt/1745536254.jpg,val,bellibolt,1745536254,217ed985a1d936dfc441a717d55cb5d3dee03537d86d2de946b66c10348dc8ec,224,224,RGB
data/raw/kaggle/extracted/val/bellibolt/1745959805.jpg,kaggle/extracted/val/bellibolt/1745959805.jpg,val,bellibolt,1745959805,052e6a3695e0ec630e09367ad59601ac907bf3ede0f5056f9452b9ff2930c580,224,224,RGB
data/raw/kaggle/extracted/val/bellibolt/1745969315.jpg,kaggle/extracted/val/bellibolt/1745969315.jpg,val,bellibolt,1745969315,7f588f6c3e3302a133298932f33608ff2a7e6ff2961f7d69822cf1b2ca937779,224,224,RGB
data/raw/kaggle/extracted/val/bellibolt/1745998373.jpg,kaggle/extracted/val/bellibolt/1745998373.jpg,val,bellibolt,1745998373,6fdcf9301b376be8a47f654dd249dabc461501866160142b2ea9b87a930d710e,224,224,RGB
data/raw/kaggle/extracted/val/bellibolt/1746028400.jpg,kaggle/extracted/val/bellibolt/1746028400.jpg,val,bellibolt,1746028400,29ba939fccc56d6bd12fc5472023cefcb6ec9c1ae06a54557eecaeff291054b0,224,224,RGB
data/raw/kaggle/extracted/val/bellibolt/1746042239.jpg,kaggle/extracted/val/bellibolt/1746042239.jpg,val,bellibolt,1746042239,34f9bbdb911d66413374a7ccf381de25b28b7414f8d7162612761e8c06edef3a,224,224,RGB
data/raw/kaggle/extracted/val/bellibolt/1746133469.jpg,kaggle/extracted/val/bellibolt/1746133469.jpg,val,bellibolt,1746133469,69c9e34c1c3137837803ed9b579ffaf89c2215ce063985776cd461b030bbc9ce,224,224,RGB
data/raw/kaggle/extracted/val/bellibolt/1746199748.jpg,kaggle/extracted/val/bellibolt/1746199748.jpg,val,bellibolt,1746199748,96d27e5c67dd5d8f93f14c33c44407d4794f2487b28ddec6f7bcedea693a95c7,224,224,RGB
data/raw/kaggle/extracted/val/bellibolt/1746383261.jpg,kaggle/extracted/val/bellibolt/1746383261.jpg,val,bellibolt,1746383261,e711130164c5e9bb2a5259c584fa9de0f61ef52fca6edc55f111af692e73a9ad,224,224,RGB
data/raw/kaggle/extracted/val/bellossom/1745430136.jpg,kaggle/extracted/val/bellossom/1745430136.jpg,val,bellossom,1745430136,17bfaa47805017ffd1c5843a886c6408e41faf68faba5ec2bc9a0ae674b2bb1b,224,224,RGB
data/raw/kaggle/extracted/val/bellossom/1745437859.jpg,kaggle/extracted/val/bellossom/1745437859.jpg,val,bellossom,1745437859,bdbea885eda7f7b78cef315d092b8dc8c2dd1764488d30f6b422d4947d9cf7c6,224,224,RGB
data/raw/kaggle/extracted/val/bellossom/1745991264.jpg,kaggle/extracted/val/bellossom/1745991264.jpg,val,bellossom,1745991264,f464561ed77ffed6d40a93f65c8949760c8ffbdc071c83592754d145aaa1b076,224,224,RGB
data/raw/kaggle/extracted/val/bellossom/1746464392.jpg,kaggle/extracted/val/bellossom/1746464392.jpg,val,bellossom,1746464392,11fab90f355da1c32dd76e82b7de7e9d305e7b4a20635c90ac4ddd1e1fbede90,224,224,RGB
data/raw/kaggle/extracted/val/bellsprout/1745419994.jpg,kaggle/extracted/val/bellsprout/1745419994.jpg,val,bellsprout,1745419994,10543d49b056ae22eacd03b7011ddaf2cec7b68cc2984d2c4f0ddd38e07a310f,224,224,RGB
data/raw/kaggle/extracted/val/bellsprout/1745503273.jpg,kaggle/extracted/val/bellsprout/1745503273.jpg,val,bellsprout,1745503273,1ea3e0bb2a16176e95ffb21c291719fdca6da28bea094f037662d34087790d1d,224,224,RGB
data/raw/kaggle/extracted/val/bellsprout/1745523809.jpg,kaggle/extracted/val/bellsprout/1745523809.jpg,val,bellsprout,1745523809,a0db06cfaf4e03a6628a5d208e1142d195820e03fda463543ef17348d950b013,224,224,RGB
data/raw/kaggle/extracted/val/bellsprout/1745535329.jpg,kaggle/extracted/val/bellsprout/1745535329.jpg,val,bellsprout,1745535329,f7b1e157c13a45215c74c520eb40e2c1635643e48e5aa037bdbc0a9e9d68f89e,224,224,RGB
data/raw/kaggle/extracted/val/bellsprout/1745564857.jpg,kaggle/extracted/val/bellsprout/1745564857.jpg,val,bellsprout,1745564857,dbdb607b2e4b5dcebc25999fa1d7acdb1029ded8188e50bed8565934ecc24707,224,224,RGB
data/raw/kaggle/extracted/val/bellsprout/1745569308.jpg,kaggle/extracted/val/bellsprout/1745569308.jpg,val,bellsprout,1745569308,58b0df1770254dc4ba0c8e18a9036be2b5f8195f24324e480242a6ab6d33b0a7,224,224,RGB
data/raw/kaggle/extracted/val/bellsprout/1745569996.jpg,kaggle/extracted/val/bellsprout/1745569996.jpg,val,bellsprout,1745569996,1c6fe0cc93921fd1b0539f5192e65ec12ba080287a48d7fec9ef291663150efd,224,224,RGB
data/raw/kaggle/extracted/val/bellsprout/1745595737.jpg,kaggle/extracted/val/bellsprout/1745595737.jpg,val,bellsprout,1745595737,b10f60d417c4b79d48dba25105c473a8c5058e526e3e66ac0682e5a3757cee6d,224,224,RGB
data/raw/kaggle/extracted/val/bellsprout/1745599479.jpg,kaggle/extracted/val/bellsprout/1745599479.jpg,val,bellsprout,1745599479,30b8d9244edd988ec76165414c8dd4e8a6a3baecfdebbc0854e20a3f70f9f908,224,224,RGB
data/raw/kaggle/extracted/val/bergmite/1745495179.jpg,kaggle/extracted/val/bergmite/1745495179.jpg,val,bergmite,1745495179,b24a068a3fb74f60b25e2e3173b10d587aa2bac116c78caf44bd97bdf68541e3,224,224,RGB
data/raw/kaggle/extracted/val/bergmite/1745570294.jpg,kaggle/extracted/val/bergmite/1745570294.jpg,val,bergmite,1745570294,96937ff81cbcb4b9dd44a9771c738c8640f6deb2a4e7ffbeaf43b1b8d2a2b774,224,224,RGB
data/raw/kaggle/extracted/val/bergmite/1746125984.jpg,kaggle/extracted/val/bergmite/1746125984.jpg,val,bergmite,1746125984,f2e24a9f2e6110c34db68a056e0444833cb78057e08edaf1e5cdfec4fe3dfaf2,224,224,RGB
data/raw/kaggle/extracted/val/bergmite/1746135958.jpg,kaggle/extracted/val/bergmite/1746135958.jpg,val,bergmite,1746135958,81339c9cb105c8cc35d9282b52b51fa349be57c80db205bb4d3c8865bdb40cea,224,224,RGB
data/raw/kaggle/extracted/val/bergmite/1746207718.jpg,kaggle/extracted/val/bergmite/1746207718.jpg,val,bergmite,1746207718,f9f4787c4462c057b164b15caa9feb050a4811c2cd63e3f5c0d61ce13229bd31,224,224,RGB
data/raw/kaggle/extracted/val/bergmite/1746225569.jpg,kaggle/extracted/val/bergmite/1746225569.jpg,val,bergmite,1746225569,8be06da075102a29327e91f4da721afa227795a9be5210227f9197d061f50996,224,224,RGB
data/raw/kaggle/extracted/val/bergmite/1746232994.jpg,kaggle/extracted/val/bergmite/1746232994.jpg,val,bergmite,1746232994,12408eed801af892fcdaad7666274a383c87afbb3bfaafe33fddc31b6bd79775,224,224,RGB
data/raw/kaggle/extracted/val/bergmite/1746255062.jpg,kaggle/extracted/val/bergmite/1746255062.jpg,val,bergmite,1746255062,36f5124e055c2f970e2a5d90c41bc5fabf181b7960350aaf42d3cab4e9428238,224,224,RGB
data/raw/kaggle/extracted/val/bergmite/1746388794.jpg,kaggle/extracted/val/bergmite/1746388794.jpg,val,bergmite,1746388794,60a364427a024ea360501755ef924e88d45eda3328092ea4319ae798d0c63452,224,224,RGB
data/raw/kaggle/extracted/val/bewear/1746386468.jpg,kaggle/extracted/val/bewear/1746386468.jpg,val,bewear,1746386468,2ba229fd35ab358e4d3b0e9c368f35640d2bb1cf95590befa1f158b01020500f,224,224,RGB
data/raw/kaggle/extracted/val/bewear/1746387494.jpg,kaggle/extracted/val/bewear/1746387494.jpg,val,bewear,1746387494,5d657c220317130e87e23b8bdeaa4f22df8aae259670b76952b91377cae77f20,224,224,RGB
data/raw/kaggle/extracted/val/bewear/1746543818.jpg,kaggle/extracted/val/bewear/1746543818.jpg,val,bewear,1746543818,c5550be113cbe7959a420ab5eff6fda2bee70f60dd19626a308004e7fd357f29,224,224,RGB
data/raw/kaggle/extracted/val/bewear/1746552057.jpg,kaggle/extracted/val/bewear/1746552057.jpg,val,bewear,1746552057,166047576868dfef3dea5398cec88426cbe3bebde86effdb870036ce20a041d5,224,224,RGB
data/raw/kaggle/extracted/val/bibarel/1746434500.jpg,kaggle/extracted/val/bibarel/1746434500.jpg,val,bibarel,1746434500,44bdc1c608ace0a79e2a809464727530b7c379084237503078d440ca9051bcfa,224,224,RGB
data/raw/kaggle/extracted/val/bibarel/1746484248.jpg,kaggle/extracted/val/bibarel/1746484248.jpg,val,bibarel,1746484248,1fc163e06b94b206bd5e83d9bb8d2a1b01d74efbb1fe939aced3755f22d6acda,224,224,RGB
data/raw/kaggle/extracted/val/bibarel/1746968959.jpg,kaggle/extracted/val/bibarel/1746968959.jpg,val,bibarel,1746968959,76d20967e405b74080436132da5e531e4031a75b7dbd61614679dfff62709b10,224,224,RGB
data/raw/kaggle/extracted/val/bidoof/1745605663.jpg,kaggle/extracted/val/bidoof/1745605663.jpg,val,bidoof,1745605663,3feba394a52fea77b0d124a5d83faf6f3e2ac5aa721b037b512251c7926d3cf8,224,224,RGB
data/raw/kaggle/extracted/val/bidoof/1745749639.jpg,kaggle/extracted/val/bidoof/1745749639.jpg,val,bidoof,1745749639,edb2b1832a0dd9021283052276d0f80656c2207f13a486177a58e26484d9a511,224,224,RGB
data/raw/kaggle/extracted/val/bidoof/1745986225.jpg,kaggle/extracted/val/bidoof/1745986225.jpg,val,bidoof,1745986225,1371a22643ce99c0d78267eaea4429c6904d55ca794f69167e9996597869a72a,224,224,RGB
data/raw/kaggle/extracted/val/bidoof/1746027455.jpg,kaggle/extracted/val/bidoof/1746027455.jpg,val,bidoof,1746027455,b72bcbfcaa0fbd2499dff9fcbccccfdb3d9301dd76358594791e334daabff864,224,224,RGB
data/raw/kaggle/extracted/val/bidoof/1746119668.jpg,kaggle/extracted/val/bidoof/1746119668.jpg,val,bidoof,1746119668,8543981f61b252409ff4ae339e0262033539f2ff2adfb66b827fc1aa02423a25,224,224,RGB
data/raw/kaggle/extracted/val/bidoof/1746123695.jpg,kaggle/extracted/val/bidoof/1746123695.jpg,val,bidoof,1746123695,1d2d2e0ea1babd7d45ac80182fc5300ab2f8d2fff6e3ed99d48c7c54ce76c202,224,224,RGB
data/raw/kaggle/extracted/val/bidoof/1746135170.jpg,kaggle/extracted/val/bidoof/1746135170.jpg,val,bidoof,1746135170,5d543376328e1b2145e5301911f2b7af0c152b472e8d78eba69e45f300b97db5,224,224,RGB
data/raw/kaggle/extracted/val/bidoof/1746343154.jpg,kaggle/extracted/val/bidoof/1746343154.jpg,val,bidoof,1746343154,aafea7d1fade8a77d826f9050e0387d0677d690ff810883e8acda7a59870b9a8,224,224,RGB
data/raw/kaggle/extracted/val/bidoof/1746349792.jpg,kaggle/extracted/val/bidoof/1746349792.jpg,val,bidoof,1746349792,0f8b4aad0b92e7e2c88c4be19e34b43f58076069df2517627e54fd276a4a8e82,224,224,RGB
data/raw/kaggle/extracted/val/binacle/1745386171.jpg,kaggle/extracted/val/binacle/1745386171.jpg,val,binacle,1745386171,5ac526741b81ccde520a5331f0d72264e6496bd3c0e92777c5b1a23fcc83e26d,224,224,RGB
data/raw/kaggle/extracted/val/binacle/1745397012.jpg,kaggle/extracted/val/binacle/1745397012.jpg,val,binacle,1745397012,11e1c6bec3919beeff19d53ba15898bb608878155b98cc9dc8d92713035684ab,224,224,RGB
data/raw/kaggle/extracted/val/binacle/1745652582.jpg,kaggle/extracted/val/binacle/1745652582.jpg,val,binacle,1745652582,128cf9f03ff91b57bc0c58586a0470f7c3fd18eb60d1cd3edd9f3f34c764aba8,224,224,RGB
data/raw/kaggle/extracted/val/binacle/1746032780.jpg,kaggle/extracted/val/binacle/1746032780.jpg,val,binacle,1746032780,dabf03c95902c37d03756932441648b4ec89dd709450b71e342f54b2edb73038,224,224,RGB
data/raw/kaggle/extracted/val/binacle/1746148898.jpg,kaggle/extracted/val/binacle/1746148898.jpg,val,binacle,1746148898,0fb610d3d2da3e38520e3b120b3e0083641a5f338455ff1754927805078bcaa1,224,224,RGB
data/raw/kaggle/extracted/val/binacle/1746347612.jpg,kaggle/extracted/val/binacle/1746347612.jpg,val,binacle,1746347612,848a3d8951de02be7179f9d1bd47d57d0e2f023b3d24e5fac71d43ccd0cfa733,224,224,RGB
data/raw/kaggle/extracted/val/binacle/1746348588.jpg,kaggle/extracted/val/binacle/1746348588.jpg,val,binacle,1746348588,b954f950b8a500b2f2b63f9743d38664f4669b2f595a9f5891bb3162e667fc51,224,224,RGB
data/raw/kaggle/extracted/val/binacle/1746382563.jpg,kaggle/extracted/val/binacle/1746382563.jpg,val,binacle,1746382563,646e93eec82549bea14468add4b7f3739fa92b4cb04ec5faf656dbd3da0ae0a3,224,224,RGB
data/raw/kaggle/extracted/val/binacle/1746440068.jpg,kaggle/extracted/val/binacle/1746440068.jpg,val,binacle,1746440068,691b9aa658bcaf76cc2e0bb6acf2edcadc0fc7f409591280d5c21dbb56c66f69,224,224,RGB
data/raw/kaggle/extracted/val/bisharp/1746127302.jpg,kaggle/extracted/val/bisharp/1746127302.jpg,val,bisharp,1746127302,2fca76ed042f261e172ab9d276f543e3d1ab1f0bd16d830f55f7c89f2abccdf6,224,224,RGB
data/raw/kaggle/extracted/val/bisharp/1746525162.jpg,kaggle/extracted/val/bisharp/1746525162.jpg,val,bisharp,1746525162,5da70bc010aa78ec64d557a4e816499cee3d59cdb221d345ba52ce1208dfb5fa,224,224,RGB
data/raw/kaggle/extracted/val/bisharp/1746549581.jpg,kaggle/extracted/val/bisharp/1746549581.jpg,val,bisharp,1746549581,e8e0aeac41736b80fe3f50e076cc18de729351848360e24e6aa52c70bd694819,224,224,RGB
data/raw/kaggle/extracted/val/blade aegislash/1745999124.jpg,kaggle/extracted/val/blade aegislash/1745999124.jpg,val,blade aegislash,1745999124,68eb8ce20a2acde9347b0a9b12bf5b65ab0451c7a05b8a7a3a153a78b212dcc9,224,224,RGB
data/raw/kaggle/extracted/val/blastoise/1746056968.jpg,kaggle/extracted/val/blastoise/1746056968.jpg,val,blastoise,1746056968,532bb5d8eb71fb8236e51c6eb62c0da552bc47de3b7d6c4bebe6a1b26dfa5d4e,224,224,RGB
data/raw/kaggle/extracted/val/blastoise/1746119348.jpg,kaggle/extracted/val/blastoise/1746119348.jpg,val,blastoise,1746119348,762877ca20a6a99bc4954827e6e2773d07a2b47699a47df49d0d5f16504c1072,224,224,RGB
data/raw/kaggle/extracted/val/blastoise/1746218214.jpg,kaggle/extracted/val/blastoise/1746218214.jpg,val,blastoise,1746218214,f809ef04a2772074a0e389baaff4a4cde25a955979b20082b643f8f8fe4bb580,224,224,RGB
data/raw/kaggle/extracted/val/blaze breed tauros/1746430522.jpg,kaggle/extracted/val/blaze breed tauros/1746430522.jpg,val,blaze breed tauros,1746430522,c56abe5040023fb55603227104cbe324251c6467c270664e4c06cf1631fde0c5,224,224,RGB
data/raw/kaggle/extracted/val/blaziken/1745562997.jpg,kaggle/extracted/val/blaziken/1745562997.jpg,val,blaziken,1745562997,961438c436120ff625bd1f180938bd35087a2360b1ec2bff733c5374e88b4b0a,224,224,RGB
data/raw/kaggle/extracted/val/blaziken/1746224045.jpg,kaggle/extracted/val/blaziken/1746224045.jpg,val,blaziken,1746224045,e86007276c32ad2a55768cd5fcb5152a108172e17dcaaabce46e2d666e4851dd,224,224,RGB
data/raw/kaggle/extracted/val/blaziken/1746381234.jpg,kaggle/extracted/val/blaziken/1746381234.jpg,val,blaziken,1746381234,8473728cf1d1ef1e119999238323a5eccdbae629eea919aae5f4362f5db6fd14,224,224,RGB
data/raw/kaggle/extracted/val/blaziken/1746598036.jpg,kaggle/extracted/val/blaziken/1746598036.jpg,val,blaziken,1746598036,81383b199a0fbadfd7bc5e8e8e6ccf6dd19504cb0ac26fe0e43c866a1bcd4aa5,224,224,RGB
data/raw/kaggle/extracted/val/blipbug/1745393199.jpg,kaggle/extracted/val/blipbug/1745393199.jpg,val,blipbug,1745393199,cdf141ffe91ff6b0879448d58adee646115728ef52c4ef4ca550fab6a9548e5d,224,224,RGB
data/raw/kaggle/extracted/val/blipbug/1745417190.jpg,kaggle/extracted/val/blipbug/1745417190.jpg,val,blipbug,1745417190,59696356cf2e6fcaa05123111ed4013fc1a24358477047e1a2f0aba714aa67cf,224,224,RGB
data/raw/kaggle/extracted/val/blipbug/1745419095.jpg,kaggle/extracted/val/blipbug/1745419095.jpg,val,blipbug,1745419095,ef93c3a7aaa805a7ae8033f49cad620dcbe9fc3651344fdaa31ba9a94c406047,224,224,RGB
data/raw/kaggle/extracted/val/blipbug/1745500722.jpg,kaggle/extracted/val/blipbug/1745500722.jpg,val,blipbug,1745500722,ab664ac9645df420d95c5062ce2298b2c48b9ae2ca71c63989e77399e0a3b638,224,224,RGB
data/raw/kaggle/extracted/val/blipbug/1745502992.jpg,kaggle/extracted/val/blipbug/1745502992.jpg,val,blipbug,1745502992,316e32422d1ec2922f2f2ab480a792e2fc0e149c33846a704094529db7ec8bf5,224,224,RGB
data/raw/kaggle/extracted/val/blipbug/1745505955.jpg,kaggle/extracted/val/blipbug/1745505955.jpg,val,blipbug,1745505955,6e06f765303c7116276dc489cfc28de4271f7463ca16e3ace0b7143ba7a78861,224,224,RGB
data/raw/kaggle/extracted/val/blipbug/1745587977.jpg,kaggle/extracted/val/blipbug/1745587977.jpg,val,blipbug,1745587977,0bf364d9c4cc9d8f5d738edafcf7e617dc1ae325809ade0e4664a41382fdafa9,224,224,RGB
data/raw/kaggle/extracted/val/blipbug/1745611388.jpg,kaggle/extracted/val/blipbug/1745611388.jpg,val,blipbug,1745611388,900bfc25ea2c4f2799936bc6ffec3208a269c10357ac912eb1c3e28f64da9c72,224,224,RGB
data/raw/kaggle/extracted/val/blipbug/1745654667.jpg,kaggle/extracted/val/blipbug/1745654667.jpg,val,blipbug,1745654667,b87baf18ad77a1a1ff02b023a340514db75011477873a07dd298d6d9ff63d5cc,224,224,RGB
data/raw/kaggle/extracted/val/blissey/1746341212.jpg,kaggle/extracted/val/blissey/1746341212.jpg,val,blissey,1746341212,3fee1fef1bea564b82ffe6a6ab0b5bb2f6896ab4b34f13895b01d9a9af39aa45,224,224,RGB
data/raw/kaggle/extracted/val/blissey/1746438705.jpg,kaggle/extracted/val/blissey/1746438705.jpg,val,blissey,1746438705,01444bcf200d6dd5a6d6994db7fb4929afc8ef025ed274238fa1ded81e4127fc,224,224,RGB
data/raw/kaggle/extracted/val/blissey/1746441585.jpg,kaggle/extracted/val/blissey/1746441585.jpg,val,blissey,1746441585,db458fdab77e0ec1676fda02298d4c0d9e6680401482b861d17921d9c2f6019e,224,224,RGB
data/raw/kaggle/extracted/val/blitzle/1745590356.jpg,kaggle/extracted/val/blitzle/1745590356.jpg,val,blitzle,1745590356,8028d64d132ba5bfa54fd58bc48fa2be4409ea8848f28ff493664d78ed5a102b,224,224,RGB
data/raw/kaggle/extracted/val/blitzle/1745653347.jpg,kaggle/extracted/val/blitzle/1745653347.jpg,val,blitzle,1745653347,55af4d69e3a2b9c1349d6aeb1d2abdd35bb2058acbea4ac9842df2890bef6eae,224,224,RGB
data/raw/kaggle/extracted/val/blitzle/1745760784.jpg,kaggle/extracted/val/blitzle/1745760784.jpg,val,blitzle,1745760784,8444c1576d05d2f9da0655192d0e19c046e2a84d859010b51a122b265a665d65,224,224,RGB
data/raw/kaggle/extracted/val/blitzle/1745994407.jpg,kaggle/extracted/val/blitzle/1745994407.jpg,val,blitzle,1745994407,0c369230f0da6d7e955672e1e858535f1531b6a857d945dff3adbdc92f580157,224,224,RGB
data/raw/kaggle/extracted/val/blitzle/1745994468.jpg,kaggle/extracted/val/blitzle/1745994468.jpg,val,blitzle,1745994468,83c3f4013a650397db7d6e675ebe9295484e5a923927d36a84589886afcffd67,224,224,RGB
data/raw/kaggle/extracted/val/blitzle/1745997828.jpg,kaggle/extracted/val/blitzle/1745997828.jpg,val,blitzle,1745997828,36eee8321a6439eb2cfcb8982e60066bac6543fc6c25c5ae5a95ec8d2822dd5d,224,224,RGB
data/raw/kaggle/extracted/val/blitzle/1746381514.jpg,kaggle/extracted/val/blitzle/1746381514.jpg,val,blitzle,1746381514,33a27d16cb4a6000f40f3b8300954e2124f417956b1e4bc8b52e0f6d52390fa0,224,224,RGB
data/raw/kaggle/extracted/val/blitzle/1746388415.jpg,kaggle/extracted/val/blitzle/1746388415.jpg,val,blitzle,1746388415,8cbe591d8b1bd98a95964b6913405381e2845f33f479f3f8c6514b595e79b7e8,224,224,RGB
data/raw/kaggle/extracted/val/blitzle/1746528845.jpg,kaggle/extracted/val/blitzle/1746528845.jpg,val,blitzle,1746528845,634dc5e0d8652096c636d1a30537a280e2d4a2fc287050c05cbcb20b745be6ff,224,224,RGB
data/raw/kaggle/extracted/val/goodra/1746382463.jpg,kaggle/extracted/val/goodra/1746382463.jpg,val,goodra,1746382463,df15bb66724c4f1132827f02f3c9fbdaa33c08d1563b693f65e2afd6363e8c2c,224,224,RGB
data/raw/kaggle/extracted/val/goodra/1746531068.jpg,kaggle/extracted/val/goodra/1746531068.jpg,val,goodra,1746531068,9ae07f63944c5d9d722c2d8f8fe8d57c61b7f0bbb37bbcd09ff4c821296b75e0,224,224,RGB
data/raw/kaggle/extracted/val/goomy/1745395239.jpg,kaggle/extracted/val/goomy/1745395239.jpg,val,goomy,1745395239,1ed391841c800b2d8865cc182fa608734358ce360d6686f4d4a583426b7b17ed,224,224,RGB
data/raw/kaggle/extracted/val/goomy/1745423655.jpg,kaggle/extracted/val/goomy/1745423655.jpg,val,goomy,1745423655,d89beb10016d90a8ff2529104046fd6411a94f2d3a6e8f44edff3ca7ff8e6c13,224,224,RGB
data/raw/kaggle/extracted/val/goomy/1745588954.jpg,kaggle/extracted/val/goomy/1745588954.jpg,val,goomy,1745588954,4a3881fd02cc32c5d75961852f09b47c266f1ffc24c00468926ca7b88a9559be,224,224,RGB
data/raw/kaggle/extracted/val/goomy/1745593993.jpg,kaggle/extracted/val/goomy/1745593993.jpg,val,goomy,1745593993,2c70992bcabbffad0fc92a2efc034160d50e2d11cebb268a4020f846a397fc5f,224,224,RGB
data/raw/kaggle/extracted/val/goomy/1745606694.jpg,kaggle/extracted/val/goomy/1745606694.jpg,val,goomy,1745606694,36cfb9c6e24595916d4faa63c65d5012b4be7ba900be8943c2efdc3189c3fd87,224,224,RGB
data/raw/kaggle/extracted/val/goomy/1745651268.jpg,kaggle/extracted/val/goomy/1745651268.jpg,val,goomy,1745651268,d76b6580fb0746e7aa69682c998434e0369f14524fca8603a59fa5d00f434faa,224,224,RGB
data/raw/kaggle/extracted/val/goomy/1745659098.jpg,kaggle/extracted/val/goomy/1745659098.jpg,val,goomy,1745659098,d0d0f3272b3229b497f1fdcfed8d29e5d0405dc9d4502a4b6118f951022def7a,224,224,RGB
data/raw/kaggle/extracted/val/goomy/1745753309.jpg,kaggle/extracted/val/goomy/1745753309.jpg,val,goomy,1745753309,0749da7f48ec4afa807e69af6c231712b90e82629e371bf90306b9a9497e769e,224,224,RGB
data/raw/kaggle/extracted/val/goomy/1745953957.jpg,kaggle/extracted/val/goomy/1745953957.jpg,val,goomy,1745953957,8e957ce8ee0e287ff25d17684a3cc21530ac1cff005cd8b6107bbf3812c10637,224,224,RGB
data/raw/kaggle/extracted/val/gorebyss/1746023001.jpg,kaggle/extracted/val/gorebyss/1746023001.jpg,val,gorebyss,1746023001,6af7a577b9f2802d4643615606e7125effe1f94996e2b12b6058aebcb5a184ba,224,224,RGB
data/raw/kaggle/extracted/val/gorebyss/1746126358.jpg,kaggle/extracted/val/gorebyss/1746126358.jpg,val,gorebyss,1746126358,065974a549f4c1b0f04d423dcac2af51a6c8d887c4c6ae1c52d0dd9fc81c8d1d,224,224,RGB
data/raw/kaggle/extracted/val/gorebyss/1746527623.jpg,kaggle/extracted/val/gorebyss/1746527623.jpg,val,gorebyss,1746527623,4c24b773792697f034a2ee8f48feabae8be9aaaf3158329b5bb8b53e259b8f3b,224,224,RGB
data/raw/kaggle/extracted/val/gossifleur/1745384238.jpg,kaggle/extracted/val/gossifleur/1745384238.jpg,val,gossifleur,1745384238,165bcd9fb12e4bb972e66d91ce91638004600081c59402bf5e353be92ccb4610,224,224,RGB
data/raw/kaggle/extracted/val/gossifleur/1745651090.jpg,kaggle/extracted/val/gossifleur/1745651090.jpg,val,gossifleur,1745651090,973e1d7f11c526fbafe3a5e197c1e0e11b24659b2f43999e0e91e32f0ee5562b,224,224,RGB
data/raw/kaggle/extracted/val/gossifleur/1745661077.jpg,kaggle/extracted/val/gossifleur/1745661077.jpg,val,gossifleur,1745661077,970bdf626dc72743bfe160c04bbd09901eb0f98ccb55ea44b1c26181e49a137b,224,224,RGB
data/raw/kaggle/extracted/val/gossifleur/1746271897.jpg,kaggle/extracted/val/gossifleur/1746271897.jpg,val,gossifleur,1746271897,1c64ac8ca0e33920772def7d162f16bb15d3efe84db0f8a1d4051f2dd17721b3,224,224,RGB
data/raw/kaggle/extracted/val/gossifleur/1746341750.jpg,kaggle/extracted/val/gossifleur/1746341750.jpg,val,gossifleur,1746341750,55cc0f26c48a381ed0d644789f512a90e2547b5fee36404cdda31796e70308c9,224,224,RGB
data/raw/kaggle/extracted/val/gossifleur/1746385098.jpg,kaggle/extracted/val/gossifleur/1746385098.jpg,val,gossifleur,1746385098,92f3494965e5693651c8d7f816f0cbbfa0a7f9a3e20ca1c27a294a1844fe5908,224,224,RGB
data/raw/kaggle/extracted/val/gossifleur/1746438898.jpg,kaggle/extracted/val/gossifleur/1746438898.jpg,val,gossifleur,1746438898,1516189fbceafe88c0a7138bb7363114cc4e512f97c4aff4915d43a187a600ba,224,224,RGB
data/raw/kaggle/extracted/val/gossifleur/1746439912.jpg,kaggle/extracted/val/gossifleur/1746439912.jpg,val,gossifleur,1746439912,9cdb4dc0edb893639ce4f82feeaf685fe70c8ffeb1fc30521abe26ed0051fa93,224,224,RGB
data/raw/kaggle/extracted/val/gothita/1745404573.jpg,kaggle/extracted/val/gothita/1745404573.jpg,val,gothita,1745404573,a6f144ae5165e59df7fd979fd6e36374495f0ce4e27c079d28d758dcac1b6d61,224,224,RGB
data/raw/kaggle/extracted/val/gothita/1745412220.jpg,kaggle/extracted/val/gothita/1745412220.jpg,val,gothita,1745412220,986731e1c25204a82bb83bde0535778b109ae5586d140630cbeff9fbf5c287ee,224,224,RGB
data/raw/kaggle/extracted/val/gothita/1745416595.jpg,kaggle/extracted/val/gothita/1745416595.jpg,val,gothita,1745416595,b1106bb1f947fc278e9b11fab68a606bbd0769fb6246b327ecdf1c08e9a61f63,224,224,RGB
data/raw/kaggle/extracted/val/gothita/1745522990.jpg,kaggle/extracted/val/gothita/1745522990.jpg,val,gothita,1745522990,0df170f2ca1a185a8e86663034909398fbec05dacd620b1593ee01c293b2ce48,224,224,RGB
data/raw/kaggle/extracted/val/gothita/1745540056.jpg,kaggle/extracted/val/gothita/1745540056.jpg,val,gothita,1745540056,3783e9326de52688026c7b3abe351563cbaccd6f31296bacbcc4e0eaae050911,224,224,RGB
data/raw/kaggle/extracted/val/gothita/1745567551.jpg,kaggle/extracted/val/gothita/1745567551.jpg,val,gothita,1745567551,4bea449cf57c010ac035a603ad5dd2b49486caee3d34eec942e4649cb3081afe,224,224,RGB
data/raw/kaggle/extracted/val/gothita/1745570071.jpg,kaggle/extracted/val/gothita/1745570071.jpg,val,gothita,1745570071,24a2f530fcf66af660b58af6e1c42392cb59c63b326d543c9956ef391353f2b3,224,224,RGB
data/raw/kaggle/extracted/val/gothita/1745606243.jpg,kaggle/extracted/val/gothita/1745606243.jpg,val,gothita,1745606243,b991c1e9305b5249760009f8884b99c120bef73c0b41adf4eb645177c91e8858,224,224,RGB
data/raw/kaggle/extracted/val/gothita/1745610707.jpg,kaggle/extracted/val/gothita/1745610707.jpg,val,gothita,1745610707,837dd5e3bc9d1255db7525f137b555070f0bfcc64273f7f130733489992c4f92,224,224,RGB
data/raw/kaggle/extracted/val/gothitelle/1745500155.jpg,kaggle/extracted/val/gothitelle/1745500155.jpg,val,gothitelle,1745500155,62fa40f790c83d220d861591bd9daa38183a078583dc1309f5e6e2d319157b77,224,224,RGB
data/raw/kaggle/extracted/val/gothitelle/1746471134.jpg,kaggle/extracted/val/gothitelle/1746471134.jpg,val,gothitelle,1746471134,08785843bc300179cb18d7c8a9551a351ab0aff066eb1c02c2349d481200634f,224,224,RGB
data/raw/kaggle/extracted/val/gothorita/1745388938.jpg,kaggle/extracted/val/gothorita/1745388938.jpg,val,gothorita,1745388938,9c740a3f655351ece63e887cbb47b77e6a3c9d61192d01a270a02f0f1e4c8e9b,224,224,RGB
data/raw/kaggle/extracted/val/gothorita/1745416799.jpg,kaggle/extracted/val/gothorita/1745416799.jpg,val,gothorita,1745416799,612f757dd658dbcbca7ebc9bbe232db914a473783eef7226f00334916f41e440,224,224,RGB
data/raw/kaggle/extracted/val/gothorita/1745956568.jpg,kaggle/extracted/val/gothorita/1745956568.jpg,val,gothorita,1745956568,9c882eeac115d281c8bbc72152fb1139060edd38f43da9edb3bdde22cdb53e19,224,224,RGB
data/raw/kaggle/extracted/val/gothorita/1745992278.jpg,kaggle/extracted/val/gothorita/1745992278.jpg,val,gothorita,1745992278,dc9bf1c0bd676e5f82374342dbc09b424df6e4993b38fdba8bdd586254826d35,224,224,RGB
data/raw/kaggle/extracted/val/gothorita/1746043182.jpg,kaggle/extracted/val/gothorita/1746043182.jpg,val,gothorita,1746043182,3de01119b639eb181d562615de8d0086e01719efd21de8695bca063b596d0575,224,224,RGB
data/raw/kaggle/extracted/val/gothorita/1746201423.jpg,kaggle/extracted/val/gothorita/1746201423.jpg,val,gothorita,1746201423,62ecddbe8504395f2b3b16c43daad066e14ae313accd31c0948f67a6c7e5193f,224,224,RGB
data/raw/kaggle/extracted/val/gothorita/1746388752.jpg,kaggle/extracted/val/gothorita/1746388752.jpg,val,gothorita,1746388752,02592513b24687d630d4c0c3907ea09e046bab5934a951518343590c0c66e183,224,224,RGB
data/raw/kaggle/extracted/val/gothorita/1746432842.jpg,kaggle/extracted/val/gothorita/1746432842.jpg,val,gothorita,1746432842,0ac2772501d32af4cea06c59458666f312f6cde2d23de3b360a98d399007a8f2,224,224,RGB
data/raw/kaggle/extracted/val/gothorita/1746474615.jpg,kaggle/extracted/val/gothorita/1746474615.jpg,val,gothorita,1746474615,685d6d2aaeb8ab9d182c6bec4636f87de62ab7b0222e817bcc28df80cfe97b9b,224,224,RGB
data/raw/kaggle/extracted/val/gouging fire/1746549929.jpg,kaggle/extracted/val/gouging fire/1746549929.jpg,val,gouging fire,1746549929,b5523ff66f1909cb9082fd6b030bcf7d750577cd1abe1b166944f6ccee406234,224,224,RGB
data/raw/kaggle/extracted/val/gourgeist/1745654440.jpg,kaggle/extracted/val/gourgeist/1745654440.jpg,val,gourgeist,1745654440,fc63ae18a52851beecd1c6815c5080a573fd21653aee7ac5879260a793d878e1,224,224,RGB
data/raw/kaggle/extracted/val/gourgeist/1746346102.jpg,kaggle/extracted/val/gourgeist/1746346102.jpg,val,gourgeist,1746346102,6edcd12caf12d0f406cef8e0d7074c9b0d23b6a652aa10d49c2c950aff9136eb,224,224,RGB
data/raw/kaggle/extracted/val/grafaiai/1745395432.jpg,kaggle/extracted/val/grafaiai/1745395432.jpg,val,grafaiai,1745395432,99e77a2a3bd88a13bcaa7cd0e330f0e957d46402a8152735b2cdbdb50f88a2ba,224,224,RGB
data/raw/kaggle/extracted/val/grafaiai/1745768109.jpg,kaggle/extracted/val/grafaiai/1745768109.jpg,val,grafaiai,1745768109,e402ef08e3e7135794ff8957622daa60244c54f7bd97d7c625512cf8174948d3,224,224,RGB
data/raw/kaggle/extracted/val/grafaiai/1745768156.jpg,kaggle/extracted/val/grafaiai/1745768156.jpg,val,grafaiai,1745768156,335d8356e818dbca28779c14f5acfc27e5da68ff311564932cd4874eaec4bf55,224,224,RGB
data/raw/kaggle/extracted/val/grafaiai/1745999949.jpg,kaggle/extracted/val/grafaiai/1745999949.jpg,val,grafaiai,1745999949,591166f6959fa245aa252610d858d1edfe1a3d32e6b9df73d42b4ce8992c76d5,224,224,RGB
data/raw/kaggle/extracted/val/grafaiai/1746015335.jpg,kaggle/extracted/val/grafaiai/1746015335.jpg,val,grafaiai,1746015335,eac99e35a21e4347826e4bcf200bc2fae05f8ec5b6a55c12f682ff7eb85113ed,224,224,RGB
data/raw/kaggle/extracted/val/grafaiai/1746361174.jpg,kaggle/extracted/val/grafaiai/1746361174.jpg,val,grafaiai,1746361174,583172af9ef68216591a5ab4c0d9972a7a0385e0676fade7e6a2a27f876923d3,224,224,RGB
data/raw/kaggle/extracted/val/grafaiai/1746438944.jpg,kaggle/extracted/val/grafaiai/1746438944.jpg,val,grafaiai,1746438944,cf0f93c873929300716a02dda2e9b278313765b36a59201d1a2a47a27d9cf7cf,224,224,RGB
data/raw/kaggle/extracted/val/grafaiai/1746462664.jpg,kaggle/extracted/val/grafaiai/1746462664.jpg,val,grafaiai,1746462664,00f69cc1605f420a7ca3bf81f80c5478824a956bbd22626cb3939228ddddf717,224,224,RGB
data/raw/kaggle/extracted/val/pikachu/1745413275.jpg,kaggle/extracted/val/pikachu/1745413275.jpg,val,pikachu,1745413275,6c3b171713fa6b542f7f672bb784c82b6174f4205434bc116c8239d1fbb03f76,224,224,RGB
data/raw/kaggle/extracted/val/pikachu/1745499654.jpg,kaggle/extracted/val/pikachu/1745499654.jpg,val,pikachu,1745499654,b67ec3c52da7f464ff45ede4311820e810b27651133f665eb3b7bfbbe039ebf5,224,224,RGB
data/raw/kaggle/extracted/val/pikachu/1746056584.jpg,kaggle/extracted/val/pikachu/1746056584.jpg,val,pikachu,1746056584,83907c0818355d6864cdf679cacc915ae1646252277253059e51fd1fb6ef9012,224,224,RGB
data/raw/kaggle/extracted/val/pikachu/1746215044.jpg,kaggle/extracted/val/pikachu/1746215044.jpg,val,pikachu,1746215044,2cd84341c12b8f1d3886dc4a726d7a12e2843c0715684bd2fc41c374cbe36a6e,224,224,RGB
data/raw/kaggle/extracted/val/pikachu/1746270313.jpg,kaggle/extracted/val/pikachu/1746270313.jpg,val,pikachu,1746270313,df9a40d712f04969e25fdb3bb417fc80f0763ba294c93e3e2ef7f1d511df1118,224,224,RGB
data/raw/kaggle/extracted/val/pikachu/1746345692.jpg,kaggle/extracted/val/pikachu/1746345692.jpg,val,pikachu,1746345692,e823e05bfe89b8e97a881244ed6113322314cdb9138f6d12bbe95504adf3473a,224,224,RGB
data/raw/kaggle/extracted/val/pikachu/1746347168.jpg,kaggle/extracted/val/pikachu/1746347168.jpg,val,pikachu,1746347168,fafe6fcfc14764829b16b262f945fbe4a4c7424decec74835c48f4dd427c65b2,224,224,RGB
data/raw/kaggle/extracted/val/pikachu/1746381434.jpg,kaggle/extracted/val/pikachu/1746381434.jpg,val,pikachu,1746381434,62912bf2e1de96c0a129acfda074455cd395bc6927c6eae1e56a50d0949fdd32,224,224,RGB
data/raw/kaggle/extracted/val/pikachu/1746468882.jpg,kaggle/extracted/val/pikachu/1746468882.jpg,val,pikachu,1746468882,f5cf5d2a4ee8a068af5cc558ba49fd8778182e08f7576c6b595894bfab54ec0d,224,224,RGB
data/raw/kaggle/extracted/test/10% zygarde/1745653101.jpg,kaggle/extracted/test/10% zygarde/1745653101.jpg,test,10% zygarde,1745653101,99e7e6c38fc3483c6f6423c0dcb2326029f268465b8ea3c46de538f80fbb45e0,224,224,RGB
data/raw/kaggle/extracted/test/arctovish/1746200122.jpg,kaggle/extracted/test/arctovish/1746200122.jpg,test,arctovish,1746200122,64aa50e9b3b077d9dda24bc44ae0d8b997a20e825f6a4ae7c402c7614d5829af,224,224,RGB
data/raw/kaggle/extracted/test/arctovish/1747230197.jpg,kaggle/extracted/test/arctovish/1747230197.jpg,test,arctovish,1747230197,046d898d10fd9105f2afe2d7637c48e6d71784b50592af12cd0ccf821b312247,224,224,RGB
data/raw/kaggle/extracted/test/arctozolt/1745413328.jpg,kaggle/extracted/test/arctozolt/1745413328.jpg,test,arctozolt,1745413328,65d8246fa1f589dc8b1940bf146d07e8122a8f868c5f5976441ffaef0cbebe53,224,224,RGB
data/raw/kaggle/extracted/test/arctozolt/1745769993.jpg,kaggle/extracted/test/arctozolt/1745769993.jpg,test,arctozolt,1745769993,2c38e97d2662a2b8307f6c55f7dcf2404abced12b86d02dbc7058c8ccaa1001d,224,224,RGB
data/raw/kaggle/extracted/test/arctozolt/1746349362.jpg,kaggle/extracted/test/arctozolt/1746349362.jpg,test,arctozolt,1746349362,f0fe27182bfb4001f70f5e8362a1fc501ee88c1016f868292615b97100737837,224,224,RGB
data/raw/kaggle/extracted/test/arctozolt/1746465161.jpg,kaggle/extracted/test/arctozolt/1746465161.jpg,test,arctozolt,1746465161,1aec0f34d7208cc58f8550538bf4e4c30e24c5f84c7e5ce96a9c417ed2779d9c,224,224,RGB
data/raw/kaggle/extracted/test/ariados/1745536454.jpg,kaggle/extracted/test/ariados/1745536454.jpg,test,ariados,1745536454,cb7da2130b489af6852d653ca01c4e04470d432fea1d0f91bc977b43fc0d4df3,224,224,RGB
data/raw/kaggle/extracted/test/ariados/1745659447.jpg,kaggle/extracted/test/ariados/1745659447.jpg,test,ariados,1745659447,2aa04c5fe643c93efe2efe8983d3e1ce63fe34d7698769266385f9a468b12373,224,224,RGB
data/raw/kaggle/extracted/test/ariados/1746968847.jpg,kaggle/extracted/test/ariados/1746968847.jpg,test,ariados,1746968847,f5758d68b2d073b97df29cf343f0786d19d295612a40b5bc1ac53d500cb62ae5,224,224,RGB
data/raw/kaggle/extracted/test/armaldo/1745437737.jpg,kaggle/extracted/test/armaldo/1745437737.jpg,test,armaldo,1745437737,8cb9c2dd5866412025a15e61c56254c6ec2123ed97643f56953e6beaef027ce8,224,224,RGB
data/raw/kaggle/extracted/test/armaldo/1745509537.jpg,kaggle/extracted/test/armaldo/1745509537.jpg,test,armaldo,1745509537,8ed76cbf7b4b4674cc3f16735a258339801180aa42674cd49f46a3649ee1a289,224,224,RGB
data/raw/kaggle/extracted/test/armaldo/1746117118.jpg,kaggle/extracted/test/armaldo/1746117118.jpg,test,armaldo,1746117118,f61ee12e0ad97f74c586eedca93cbbb19c24e935859c3641f28ef98f86da6d49,224,224,RGB
data/raw/kaggle/extracted/test/armaldo/1746347860.jpg,kaggle/extracted/test/armaldo/1746347860.jpg,test,armaldo,1746347860,feb606361f258b477311c57c3ba9b80df51190467532397983d08eb310309f4f,224,224,RGB
data/raw/kaggle/extracted/test/armarouge/1745435538.jpg,kaggle/extracted/test/armarouge/1745435538.jpg,test,armarouge,1745435538,af1d630e8420424d720622ec650c68f8efaea005b7be2dfd7f2c8b40fc56aea3,224,224,RGB
data/raw/kaggle/extracted/test/armarouge/1745756840.jpg,kaggle/extracted/test/armarouge/1745756840.jpg,test,armarouge,1745756840,5483f7a5bab347447c771d21fee5a8221aecec4a15da386b0ef6bcd9f43668fe,224,224,RGB
data/raw/kaggle/extracted/test/armarouge/1746133263.jpg,kaggle/extracted/test/armarouge/1746133263.jpg,test,armarouge,1746133263,6439e6ed2aee609a34f73511f6c3c13501d6b804157628c26bd4140b2a172961,224,224,RGB
data/raw/kaggle/extracted/test/armarouge/1746223288.jpg,kaggle/extracted/test/armarouge/1746223288.jpg,test,armarouge,1746223288,8c34d14a95691aa5a2ddda6ffe937fc7d56ac71c382d4a26f27409e2751e217d,224,224,RGB
data/raw/kaggle/extracted/test/armarouge/1746342762.jpg,kaggle/extracted/test/armarouge/1746342762.jpg,test,armarouge,1746342762,b275137ef9193d1b0e0f2fbda2ac79695978b7138421c0c1ccf9acb6e8eb4f15,224,224,RGB
data/raw/kaggle/extracted/test/armarouge/1746469953.jpg,kaggle/extracted/test/armarouge/1746469953.jpg,test,armarouge,1746469953,e6bb0e38542a04a1fab80c06724c893980025c3504c96dffa093d3e61576a58b,224,224,RGB
data/raw/kaggle/extracted/test/armarouge/1746481219.jpg,kaggle/extracted/test/armarouge/1746481219.jpg,test,armarouge,1746481219,30d8ffc1bff51d450b0f880f5270044f97af30c55cfcfe98bfaa0fd1a3bcbc08,224,224,RGB
data/raw/kaggle/extracted/test/armarouge/1746522636.jpg,kaggle/extracted/test/armarouge/1746522636.jpg,test,armarouge,1746522636,3909ce846c81cdfaaef54702a1ca6bce20f8527465794957e130fa29b7e334ea,224,224,RGB
data/raw/kaggle/extracted/test/armarouge/1746526008.jpg,kaggle/extracted/test/armarouge/1746526008.jpg,test,armarouge,1746526008,bcceb3ac780a02fba0a6d58dc21553faf6e5f38f807369635bc6416145c6f69e,224,224,RGB
data/raw/kaggle/extracted/test/aromatisse/1745402276.jpg,kaggle/extracted/test/aromatisse/1745402276.jpg,test,aromatisse,1745402276,be9a5d9d65cfd1381c4c2465a41bd99cc261ae5d99177bd53cacea4bb8c0a825,224,224,RGB
data/raw/kaggle/extracted/test/aromatisse/1745569729.jpg,kaggle/extracted/test/aromatisse/1745569729.jpg,test,aromatisse,1745569729,2c208600e419b6baa2a0833e75fa8ff9a23a5b1ab734c52c4b24a3980addc465,224,224,RGB
data/raw/kaggle/extracted/test/aromatisse/1746348932.jpg,kaggle/extracted/test/aromatisse/1746348932.jpg,test,aromatisse,1746348932,b2f6dbedf831bb6b717074cd02246df3b5cc1438d38e72d839084d6a25ae043d,224,224,RGB
data/raw/kaggle/extracted/test/aron/1745428338.jpg,kaggle/extracted/test/aron/1745428338.jpg,test,aron,1745428338,6295350358ec1be94db6c285d0c91bbb92db8002487ce580d93c7873325fa715,224,224,RGB
data/raw/kaggle/extracted/test/aron/1745503716.jpg,kaggle/extracted/test/aron/1745503716.jpg,test,aron,1745503716,5a8ed31f0ebf81a0751a092944567340c3ac99218964728d8c52b7f42a3a1953,224,224,RGB
data/raw/kaggle/extracted/test/aron/1745559494.jpg,kaggle/extracted/test/aron/1745559494.jpg,test,aron,1745559494,47e9974c9abdb542904867ea4cf5153919bcc2a242a3d67fe7686542c5e6dc9f,224,224,RGB
data/raw/kaggle/extracted/test/aron/1745568582.jpg,kaggle/extracted/test/aron/1745568582.jpg,test,aron,1745568582,8d39fa8e011736428a83040071121ccb6d06a54fe0b6b6fbd14e4cb5e9494280,224,224,RGB
data/raw/kaggle/extracted/test/aron/1745569097.jpg,kaggle/extracted/test/aron/1745569097.jpg,test,aron,1745569097,e81b05076e386679ed96b9807ddab7b655af7fc79cd34b2e0b7740d659ca8fd1,224,224,RGB
data/raw/kaggle/extracted/test/aron/1745569439.jpg,kaggle/extracted/test/aron/1745569439.jpg,test,aron,1745569439,2845cf72e7ed7ab9e9a01b190d03e2654ace8fb12c709af217a1fb17b66920a8,224,224,RGB
data/raw/kaggle/extracted/test/aron/1745650530.jpg,kaggle/extracted/test/aron/1745650530.jpg,test,aron,1745650530,01bf1dc97990f72c92b960d9609327e947da6dad6963893313ef622a2a51f3f1,224,224,RGB
data/raw/kaggle/extracted/test/aron/1745651806.jpg,kaggle/extracted/test/aron/1745651806.jpg,test,aron,1745651806,98257b47ce835af2ddc023f87ebc43ab5f413efe8642f4b9ad950536d8265dc1,224,224,RGB
data/raw/kaggle/extracted/test/aron/1745652668.jpg,kaggle/extracted/test/aron/1745652668.jpg,test,aron,1745652668,1ae4f86e5d47deda40c720ea3afbd318190e2b8b6970216c24282a28cf38c4d4,224,224,RGB
data/raw/kaggle/extracted/test/arrokuda/1745528678.jpg,kaggle/extracted/test/arrokuda/1745528678.jpg,test,arrokuda,1745528678,10f0f3c8df1bab064ab7fd3ce21474022865b2a2f4842586b468fc2efb891506,224,224,RGB
data/raw/kaggle/extracted/test/arrokuda/1745870334.jpg,kaggle/extracted/test/arrokuda/1745870334.jpg,test,arrokuda,1745870334,c0dbefbd041da801557faa9c661ac99cf3e2f84d11f2eebadab289250a23542e,224,224,RGB
data/raw/kaggle/extracted/test/arrokuda/1745968908.jpg,kaggle/extracted/test/arrokuda/1745968908.jpg,test,arrokuda,1745968908,ab00fabc49ed2fab35f514188e74491ba5fec1d9edbcea586a13468dfd2bb077,224,224,RGB
data/raw/kaggle/extracted/test/arrokuda/1746013535.jpg,kaggle/extracted/test/arrokuda/1746013535.jpg,test,arrokuda,1746013535,65d0741b1e8c6788f324c391eb5e6ea659e33f919a43cfdb480f40dd2260ae58,224,224,RGB
data/raw/kaggle/extracted/test/arrokuda/1746133868.jpg,kaggle/extracted/test/arrokuda/1746133868.jpg,test,arrokuda,1746133868,7056fac36d93883f6540f1e511f0fcee68cad080d2d1d0cec1f661a5abb9f8e1,224,224,RGB
data/raw/kaggle/extracted/test/arrokuda/1746217199.jpg,kaggle/extracted/test/arrokuda/1746217199.jpg,test,arrokuda,1746217199,0739ad076e540fc292adaf006d81ca010365fb0b71148cafceaf724231c2c3df,224,224,RGB
data/raw/kaggle/extracted/test/arrokuda/1746221189.jpg,kaggle/extracted/test/arrokuda/1746221189.jpg,test,arrokuda,1746221189,87445360acb88328971dcd5c535e87c6163979198d05febd8ccc32ebc21ccf19,224,224,RGB
data/raw/kaggle/extracted/test/arrokuda/1746270834.jpg,kaggle/extracted/test/arrokuda/1746270834.jpg,test,arrokuda,1746270834,e97d7d240caddf52380dbd696ba50af20b7d1b07d83d716c43c3de88fd104252,224,224,RGB
data/raw/kaggle/extracted/test/arrokuda/1746348242.jpg,kaggle/extracted/test/arrokuda/1746348242.jpg,test,arrokuda,1746348242,ba30ffb57c07d4da6f9d619a05e1a6bcc3db1750f087c941d6ad9210b4e2df1e,224,224,RGB
data/raw/kaggle/extracted/test/attack deoxys/1746970618.jpg,kaggle/extracted/test/attack deoxys/1746970618.jpg,test,attack deoxys,1746970618,6f9c11a5a3ec0ed8594799694041eb0e276af464041e31b5e8248ce423aaa420,224,224,RGB
data/raw/kaggle/extracted/test/audino/1745872334.jpg,kaggle/extracted/test/audino/1745872334.jpg,test,audino,1745872334,5dc9039f726a2ae02bff9bc0f75f50185d07229f233ab00d1d63f6e98bf82bb8,224,224,RGB
data/raw/kaggle/extracted/test/audino/1746342559.jpg,kaggle/extracted/test/audino/1746342559.jpg,test,audino,1746342559,417a28db1580e4da3f9c3e2fc5b397b1f2518aec9da8c1cb21175ff669256e26,224,224,RGB
data/raw/kaggle/extracted/test/audino/1746474435.jpg,kaggle/extracted/test/audino/1746474435.jpg,test,audino,1746474435,a88e354d9cebc689635921c0f9e207e410c5e6fa78f4803c81ca4b000c8dc02f,224,224,RGB
data/raw/kaggle/extracted/test/audino/1746483022.jpg,kaggle/extracted/test/audino/1746483022.jpg,test,audino,1746483022,2c338dbe11bfcc5e99a961deb3b94b87ba39af9508da8af88f70c4af25ff5fda,224,224,RGB
data/raw/kaggle/extracted/test/aurorus/1745961437.jpg,kaggle/extracted/test/aurorus/1745961437.jpg,test,aurorus,1745961437,fae861beccfbcef7701a9cbcbd35c714a7f549f72d023baba68635407e7c676b,224,224,RGB
data/raw/kaggle/extracted/test/aurorus/1746016985.jpg,kaggle/extracted/test/aurorus/1746016985.jpg,test,aurorus,1746016985,94eba0ea01300d6a5627e22e4e09f4e06d0dcf2fed18e957d1e963e7ccdba033,224,224,RGB
data/raw/kaggle/extracted/test/aurorus/1746476321.jpg,kaggle/extracted/test/aurorus/1746476321.jpg,test,aurorus,1746476321,5fe1a45ff863997171cc9bd1c95cf6b0a2bacdc5f30cef3b36bfed8ea273c95d,224,224,RGB
data/raw/kaggle/extracted/test/aurorus/1746597822.jpg,kaggle/extracted/test/aurorus/1746597822.jpg,test,aurorus,1746597822,2559898f324cc7da9452dbf6c3bf44c1f51645da5ee64acc1e594bc27c8cfab3,224,224,RGB
data/raw/kaggle/extracted/test/avalugg/1746227787.jpg,kaggle/extracted/test/avalugg/1746227787.jpg,test,avalugg,1746227787,289e7b46d550a8f96d047140b9836de475bc011eb221c75b84783d36e51933fa,224,224,RGB
data/raw/kaggle/extracted/test/avalugg/1746396154.jpg,kaggle/extracted/test/avalugg/1746396154.jpg,test,avalugg,1746396154,588a11ded481019b4f7f4bfe5078929e994ddc60249a8af85b130730ed175005,224,224,RGB
data/raw/kaggle/extracted/test/axew/1745424699.jpg,kaggle/extracted/test/axew/1745424699.jpg,test,axew,1745424699,f12e68991f6fe26654ffc0f4c0c3f642e091f3fdc677c26418d8a57c902b9b69,224,224,RGB
data/raw/kaggle/extracted/test/axew/1745433498.jpg,kaggle/extracted/test/axew/1745433498.jpg,test,axew,1745433498,3480e04330d8c014308763f64e00bb9b33ec407caa0915f6fa6b6692c11f8eba,224,224,RGB
data/raw/kaggle/extracted/test/axew/1745436677.jpg,kaggle/extracted/test/axew/1745436677.jpg,test,axew,1745436677,9612a7feda2285c4404506d3f164a6003328e71a0bed5c906556fc1e414c5ee3,224,224,RGB
data/raw/kaggle/extracted/test/axew/1745508135.jpg,kaggle/extracted/test/axew/1745508135.jpg,test,axew,1745508135,6baf3e2088be299c00c5e8971ea661a73eeb08a7e4c95d4efc90c89e0cc7902d,224,224,RGB
data/raw/kaggle/extracted/test/axew/1745522980.jpg,kaggle/extracted/test/axew/1745522980.jpg,test,axew,1745522980,5d476d0255416d9aa4fa84380991068eb3a6284d36f98cf668e3c04102680ab4,224,224,RGB
data/raw/kaggle/extracted/test/axew/1745538156.jpg,kaggle/extracted/test/axew/1745538156.jpg,test,axew,1745538156,bd34f9b8c702ab0406c45a7dfdf15325f791c09ade2c482dcbb9da257e39537c,224,224,RGB
data/raw/kaggle/extracted/test/axew/1745561975.jpg,kaggle/extracted/test/axew/1745561975.jpg,test,axew,1745561975,855d45e2bc6f12dcdcc964cc8152c5f8de85e1eec5f2e46d63260a9907ff7197,224,224,RGB
data/raw/kaggle/extracted/test/axew/1745566608.jpg,kaggle/extracted/test/axew/1745566608.jpg,test,axew,1745566608,bf8fedcf618a7275c035db1b2a8455fe7ae6c913d04c3c0781fd87a6656a7f35,224,224,RGB
data/raw/kaggle/extracted/test/axew/1745596657.jpg,kaggle/extracted/test/axew/1745596657.jpg,test,axew,1745596657,eab3a5681fdd74d28891357cdf7d0d5d57d19d997fc598f176d0e62366d52cc6,224,224,RGB
data/raw/kaggle/extracted/test/azelf/1745958718.jpg,kaggle/extracted/test/azelf/1745958718.jpg,test,azelf,1745958718,ab56059a1fe20aea5eac9d46b5a00ae27bfc158862998392fa1c778c42f644c5,224,224,RGB
data/raw/kaggle/extracted/test/azumarill/1745992644.jpg,kaggle/extracted/test/azumarill/1745992644.jpg,test,azumarill,1745992644,2a9330866048fd3a4968295c210752916bc738ff002906bab70737a498c55b59,224,224,RGB
data/raw/kaggle/extracted/test/azumarill/1746212494.jpg,kaggle/extracted/test/azumarill/1746212494.jpg,test,azumarill,1746212494,0661a9d4b6a9eccc8c813e9abfe1c6cd9f2e85e611ae33dd6913fc98f1eddc00,224,224,RGB
data/raw/kaggle/extracted/test/azumarill/1746544133.jpg,kaggle/extracted/test/azumarill/1746544133.jpg,test,azumarill,1746544133,8f76d824b3d9d533b8baed1856b008a77a9b3f279f034ceca176dc7a89338f47,224,224,RGB
data/raw/kaggle/extracted/test/azurill/1746387052.jpg,kaggle/extracted/test/azurill/1746387052.jpg,test,azurill,1746387052,9905dff8e5b0aa634fac89648728fc033f358492921455c981c48d4c62c884a5,224,224,RGB
data/raw/kaggle/extracted/test/azurill/1746440498.jpg,kaggle/extracted/test/azurill/1746440498.jpg,test,azurill,1746440498,0293bd371e72d59670484872ecb46f7d99433b23e1ce41f7677ac4faf9281004,224,224,RGB
data/raw/kaggle/extracted/test/azurill/1746480273.jpg,kaggle/extracted/test/azurill/1746480273.jpg,test,azurill,1746480273,0dd9a4ffca3872d6ccb48d046af52294a0a59360c8656304646c0b76fa579125,224,224,RGB
data/raw/kaggle/extracted/test/azurill/1746964007.jpg,kaggle/extracted/test/azurill/1746964007.jpg,test,azurill,1746964007,6962aa454ffcb30f4afeed3200e1f53be6612b0ae06ca273dedc357476a272f9,224,224,RGB
data/raw/kaggle/extracted/test/bagon/1745430276.jpg,kaggle/extracted/test/bagon/1745430276.jpg,test,bagon,1745430276,de468b687d972101f33464afea84ca6d5d802515b17af051b81b5e58ec41788d,224,224,RGB
data/raw/kaggle/extracted/test/bagon/1745494313.jpg,kaggle/extracted/test/bagon/1745494313.jpg,test,bagon,1745494313,991427d12bc29d3a2eb4812fa598470dfd5bc9d8f134224eebf043d894754695,224,224,RGB
data/raw/kaggle/extracted/test/bagon/1745594795.jpg,kaggle/extracted/test/bagon/1745594795.jpg,test,bagon,1745594795,4e04c2681ca0b7b1052596e5cd91ef498857c31fde428167f2aad0d6230257f2,224,224,RGB
data/raw/kaggle/extracted/test/bagon/1745598393.jpg,kaggle/extracted/test/bagon/1745598393.jpg,test,bagon,1745598393,85656558785d3f88d22c7fe14bf6e92e861666b60180981ffed209c1d73278f8,224,224,RGB
data/raw/kaggle/extracted/test/bagon/1745657515.jpg,kaggle/extracted/test/bagon/1745657515.jpg,test,bagon,1745657515,1f4e0fa66740f4048b386e20952099bb6bca6a0353d7d71c9e0a14cb1d4db629,224,224,RGB
data/raw/kaggle/extracted/test/bagon/1745672116.jpg,kaggle/extracted/test/bagon/1745672116.jpg,test,bagon,1745672116,8cbc1c84280147f60071a844ae9bb54f67c805a0ca96e9c6542b89b1ae8451ef,224,224,RGB
data/raw/kaggle/extracted/test/bagon/1745776935.jpg,kaggle/extracted/test/bagon/1745776935.jpg,test,bagon,1745776935,850d352f31cf762c47a44093e662021fe44fefb2e691b1d4ce9e158b0420f452,224,224,RGB
data/raw/kaggle/extracted/test/bagon/1745953982.jpg,kaggle/extracted/test/bagon/1745953982.jpg,test,bagon,1745953982,a55fd9eab956862fd284608362f1f972c08598f9685c2ee2a4db4b9961d20ff1,224,224,RGB
data/raw/kaggle/extracted/test/bagon/1745954181.jpg,kaggle/extracted/test/bagon/1745954181.jpg,test,bagon,1745954181,2daa8227bd4943db57a3f4362af8428957b273d519d9278393cb69f1d032bcdb,224,224,RGB
data/raw/kaggle/extracted/test/baltoy/1745537674.jpg,kaggle/extracted/test/baltoy/1745537674.jpg,test,baltoy,1745537674,07bad462d529c01946866aee72fd830d3c85853813fc753e4b419530a8e95401,224,224,RGB
data/raw/kaggle/extracted/test/baltoy/1746004404.jpg,kaggle/extracted/test/baltoy/1746004404.jpg,test,baltoy,1746004404,43753b3e23d373f4fa47ca84986a3f6b1a7f1175c14053847be71b8b73e25907,224,224,RGB
data/raw/kaggle/extracted/test/baltoy/1746004928.jpg,kaggle/extracted/test/baltoy/1746004928.jpg,test,baltoy,1746004928,0d243d5a62c641d5774fe36de46d9b3fb4450f43a4bc6593fd421d57fcc9401e,224,224,RGB
data/raw/kaggle/extracted/test/baltoy/1746017210.jpg,kaggle/extracted/test/baltoy/1746017210.jpg,test,baltoy,1746017210,45902e39ef1b394261e4e6946b2b66a1ac10cb585aaab1300b2e09e54af201bf,224,224,RGB
data/raw/kaggle/extracted/test/baltoy/1746049895.jpg,kaggle/extracted/test/baltoy/1746049895.jpg,test,baltoy,1746049895,88bc00db2ad8b24a17e220d4e4777014aaf04085eaf33e80f138385486b427aa,224,224,RGB
data/raw/kaggle/extracted/test/baltoy/1746231394.jpg,kaggle/extracted/test/baltoy/1746231394.jpg,test,baltoy,1746231394,7a5f34854830aaddb8c11082848a5999df78ec97c305b88bf205045afcdbe42a,224,224,RGB
data/raw/kaggle/extracted/test/baltoy/1746343734.jpg,kaggle/extracted/test/baltoy/1746343734.jpg,test,baltoy,1746343734,7b4b45873eb400271d674da1aa7ee4eea4a58f79034c4c85b6b42a3505edcb82,224,224,RGB
data/raw/kaggle/extracted/test/baltoy/1746434380.jpg,kaggle/extracted/test/baltoy/1746434380.jpg,test,baltoy,1746434380,c59baf1bd83b34aa05f8f76d0a8a9c15463d0d19304ecde42d538263e5be6cd4,224,224,RGB
data/raw/kaggle/extracted/test/baltoy/1746438931.jpg,kaggle/extracted/test/baltoy/1746438931.jpg,test,baltoy,1746438931,92a254a3ce14558a32abd6ee4ecbf49a5f44890d6e8de34bd8320f4628eeacef,224,224,RGB
data/raw/kaggle/extracted/test/banette/1746147637.jpg,kaggle/extracted/test/banette/1746147637.jpg,test,banette,1746147637,5c9260a813bcad3f35e24e89df8e2bb3dad75940969f7f94eb115f1626d712cc,224,224,RGB
data/raw/kaggle/extracted/test/banette/1746478630.jpg,kaggle/extracted/test/banette/1746478630.jpg,test,banette,1746478630,5b17c8e841694c50bb6a20880d5fb10d7cea23b3e5c79dec86ebaf8cee23d131,224,224,RGB
data/raw/kaggle/extracted/test/barbaracle/1745430237.jpg,kaggle/extracted/test/barbaracle/1745430237.jpg,test,barbaracle,1745430237,4e3461fd1e347ac3766ec1de1a124f89353b3e6c3361f8adc76d37260ed56be1,224,224,RGB
data/raw/kaggle/extracted/test/barbaracle/1746016640.jpg,kaggle/extracted/test/barbaracle/1746016640.jpg,test,barbaracle,1746016640,427ed9efa2a2dfbdd60c4042f8d8f2dd4acfceb02e3fd3c146909758e7403b55,224,224,RGB
data/raw/kaggle/extracted/test/barbaracle/1746433352.jpg,kaggle/extracted/test/barbaracle/1746433352.jpg,test,barbaracle,1746433352,8e27799d1b6308bb302c4cf5d86679262eeba001b68cec7863c35e91ac1663e9,224,224,RGB
data/raw/kaggle/extracted/test/barboach/1745564352.jpg,kaggle/extracted/test/barboach/1745564352.jpg,test,barboach,1745564352,a184e007da0132086d39da03a92b1f080cf4cbd1955eb327103f36b6ba496f8e,224,224,RGB
data/raw/kaggle/extracted/test/barboach/1745596024.jpg,kaggle/extracted/test/barboach/1745596024.jpg,test,barboach,1745596024,d4b57d551261ff3cc515288dd52a7159de4ddb88c9b2eade459393c0f27d303b,224,224,RGB
data/raw/kaggle/extracted/test/barboach/1745953468.jpg,kaggle/extracted/test/barboach/1745953468.jpg,test,barboach,1745953468,15cd0989fa4a06e8134ec8059fc418cb82a27aed5cf5eb7a7c9204583de4e43a,224,224,RGB
data/raw/kaggle/extracted/test/barboach/1745986039.jpg,kaggle/extracted/test/barboach/1745986039.jpg,test,barboach,1745986039,868ec448db4e0c37c14a2a0b53cefa96c4dc8e3221b8cb19f5ff1ab815d458da,224,224,RGB
data/raw/kaggle/extracted/test/barboach/1746006423.jpg,kaggle/extracted/test/barboach/1746006423.jpg,test,barboach,1746006423,6c9626775811c4c6162b5dcfa72d2621a2a2295ecab6c6c59b73626413307982,224,224,RGB
data/raw/kaggle/extracted/test/barboach/1746256925.jpg,kaggle/extracted/test/barboach/1746256925.jpg,test,barboach,1746256925,1d26c8a221d053777e206ef482cfc09c2a62074192808978a313d29409d0b7b3,224,224,RGB
data/raw/kaggle/extracted/test/barboach/1746257198.jpg,kaggle/extracted/test/barboach/1746257198.jpg,test,barboach,1746257198,00c1c06ae131a1d42190bdc104e47415abaaab0f5b837403f3a67fc2ad3e6462,224,224,RGB
data/raw/kaggle/extracted/test/barboach/1746341452.jpg,kaggle/extracted/test/barboach/1746341452.jpg,test,barboach,1746341452,abef7a98bbf1e2a4f3e8d56ee3da065f7e8a0b3b67b5f74c262bb853ce2dd0ba,224,224,RGB
data/raw/kaggle/extracted/test/barboach/1746345042.jpg,kaggle/extracted/test/barboach/1746345042.jpg,test,barboach,1746345042,ad3c7539f419010ce9fc6b3c4cb564d17474193e37c18eeba3d918b5f37531f3,224,224,RGB
data/raw/kaggle/extracted/test/barraskewda/1745503947.jpg,kaggle/extracted/test/barraskewda/1745503947.jpg,test,barraskewda,1745503947,b86680ef81df654dca090f1c8149e10bbecf1fe75548426d5ccf709b655b688f,224,224,RGB
data/raw/kaggle/extracted/test/barraskewda/1746124132.jpg,kaggle/extracted/test/barraskewda/1746124132.jpg,test,barraskewda,1746124132,4346d273c4973faa3ccb6318a17db3ed8ca1f9d3fbefecf6d56f5c0236fdca89,224,224,RGB
data/raw/kaggle/extracted/test/barraskewda/1746346598.jpg,kaggle/extracted/test/barraskewda/1746346598.jpg,test,barraskewda,1746346598,a37e092dcced6ca199bf11d6a0b143f11b505787557c72c10e86adca7fb7fd7b,224,224,RGB
data/raw/kaggle/extracted/test/basculegion/1746382554.jpg,kaggle/extracted/test/basculegion/1746382554.jpg,test,basculegion,1746382554,0b129c8e0aefc21e0e4d5d27be59506fb2fd25bf4037d647971f35e2ed79e410,224,224,RGB
data/raw/kaggle/extracted/test/basculin/1745495853.jpg,kaggle/extracted/test/basculin/1745495853.jpg,test,basculin,1745495853,ef4ff5f1cfc89e099169bcdd6ff596d6022dda97a2fbe7c32108dd46e6cfa828,224,224,RGB
data/raw/kaggle/extracted/test/basculin/1746480782.jpg,kaggle/extracted/test/basculin/1746480782.jpg,test,basculin,1746480782,f4b48a3ca1de3c6ac81979a083c4ffed391894e48b52a4cb4c3e50ce1d4a3d11,224,224,RGB
data/raw/kaggle/extracted/test/basculin/1746526933.jpg,kaggle/extracted/test/basculin/1746526933.jpg,test,basculin,1746526933,500c868fda444530e455f4b3e8f8b049c1febf29ed10109aa6cad493a6d6e5c9,224,224,RGB
data/raw/kaggle/extracted/test/bastiodon/1745568899.jpg,kaggle/extracted/test/bastiodon/1745568899.jpg,test,bastiodon,1745568899,5e1be486dd1e8eeb99b130d299bbdcf6ab2c157fc0315ab5b2dd37c5dd04f819,224,224,RGB
data/raw/kaggle/extracted/test/bastiodon/1746389682.jpg,kaggle/extracted/test/bastiodon/1746389682.jpg,test,bastiodon,1746389682,c808f755b5b2c3eead2bfb1c43ca226d08486826c75678dcfe225344b9356672,224,224,RGB
data/raw/kaggle/extracted/test/bastiodon/1747231879.jpg,kaggle/extracted/test/bastiodon/1747231879.jpg,test,bastiodon,1747231879,438a421f63f18739b4150baa50ec537e3c5cd1e1963e887c17a7e2b89f382558,224,224,RGB
data/raw/kaggle/extracted/test/baxcalibur/1746346634.jpg,kaggle/extracted/test/baxcalibur/1746346634.jpg,test,baxcalibur,1746346634,b6f759003c40f7997e2875896b945e05b0c8316879277ae03a6cae8ce01ec45e,224,224,RGB
data/raw/kaggle/extracted/test/baxcalibur/1746596483.jpg,kaggle/extracted/test/baxcalibur/1746596483.jpg,test,baxcalibur,1746596483,9c518970afa7471aea916fb897733a413b198aa9fabc590a59bf6a0aa0255d0b,224,224,RGB
data/raw/kaggle/extracted/test/baxcalibur/1746972990.jpg,kaggle/extracted/test/baxcalibur/1746972990.jpg,test,baxcalibur,1746972990,c59ee3bc6b07d8f6c9992bbb82fae4acb9c6aa9a981021307a99b2ed38f9a795,224,224,RGB
data/raw/kaggle/extracted/test/bayleef/1745421972.jpg,kaggle/extracted/test/bayleef/1745421972.jpg,test,bayleef,1745421972,c796ca5d36e509239b314ed34cb06106c018d9fef73767d9a5efebb6505f8b65,224,224,RGB
data/raw/kaggle/extracted/test/bayleef/1745537333.jpg,kaggle/extracted/test/bayleef/1745537333.jpg,test,bayleef,1745537333,223c53368299ee03b6d304d097326111ff493ce926c0d951b26932e01758130f,224,224,RGB
data/raw/kaggle/extracted/test/bayleef/1745591934.jpg,kaggle/extracted/test/bayleef/1745591934.jpg,test,bayleef,1745591934,f7c801045ded0065c319d4b52cbdc6f327e0bd2b808db1312d41edf0ddb99dd6,224,224,RGB
data/raw/kaggle/extracted/test/bayleef/1745986808.jpg,kaggle/extracted/test/bayleef/1745986808.jpg,test,bayleef,1745986808,52f109b565964c9c79175f462378f1c8e1c693f41ff83c8b2e9a1c268648b107,224,224,RGB
data/raw/kaggle/extracted/test/bayleef/1746043685.jpg,kaggle/extracted/test/bayleef/1746043685.jpg,test,bayleef,1746043685,09088fb40314663af06b86cc016a8bfa5a2445a460fc7fda56e7578df1477764,224,224,RGB
data/raw/kaggle/extracted/test/bayleef/1746124955.jpg,kaggle/extracted/test/bayleef/1746124955.jpg,test,bayleef,1746124955,b3eb20f98a7487ede272ff596454c8c3052ea23a13711bbbf5304cd8a6b776c6,224,224,RGB
data/raw/kaggle/extracted/test/bayleef/1746126718.jpg,kaggle/extracted/test/bayleef/1746126718.jpg,test,bayleef,1746126718,35a1542857428554a9b05d01cff43354d6067b82195e0678c782580ef466d608,224,224,RGB
data/raw/kaggle/extracted/test/bayleef/1746346212.jpg,kaggle/extracted/test/bayleef/1746346212.jpg,test,bayleef,1746346212,0ffe4b49a59e7bb2ae5b434fc4c89d615da4e7e92e8dc6acfa83e9ce919cc1d7,224,224,RGB
data/raw/kaggle/extracted/test/beartic/1745661139.jpg,kaggle/extracted/test/beartic/1745661139.jpg,test,beartic,1745661139,05faf38abd09215e0ed7219ae9206cbeafcb654713940d521dbb5d597a25ecf3,224,224,RGB
data/raw/kaggle/extracted/test/beartic/1745997528.jpg,kaggle/extracted/test/beartic/1745997528.jpg,test,beartic,1745997528,0756f42ee2353dda30479fba7369ac71e2f7b0ebe106d5711394d265f7ab9ab3,224,224,RGB
data/raw/kaggle/extracted/test/beartic/1746386935.jpg,kaggle/extracted/test/beartic/1746386935.jpg,test,beartic,1746386935,a5f1f2491ad9ee6e06acedadcda738896d664ef530b65d679a2cffedfc030dcf,224,224,RGB
data/raw/kaggle/extracted/test/beautifly/1745432378.jpg,kaggle/extracted/test/beautifly/1745432378.jpg,test,beautifly,1745432378,e0c67f800852fe58054e9c44a43b45242a3e24c6b99530ec9dd3b19d5aa87ea7,224,224,RGB
data/raw/kaggle/extracted/test/beautifly/1745568567.jpg,kaggle/extracted/test/beautifly/1745568567.jpg,test,beautifly,1745568567,82c0a672666c1a0edcc42598ca9469a2aadfb43b185682b286e20660119f0d3f,224,224,RGB
data/raw/kaggle/extracted/test/beautifly/1745610589.jpg,kaggle/extracted/test/beautifly/1745610589.jpg,test,beautifly,1745610589,68d57ccbc5bd30051d94023a7e3391ac4d42066f5e53dbc0a754aa3d4f30deb0,224,224,RGB
data/raw/kaggle/extracted/test/beautifly/1745994310.jpg,kaggle/extracted/test/beautifly/1745994310.jpg,test,beautifly,1745994310,d322c5418cd414c256145e7e9aa14cc8ba4d64ec5ce458e6918f99386b663bfe,224,224,RGB
data/raw/kaggle/extracted/test/beedrill/1745595977.jpg,kaggle/extracted/test/beedrill/1745595977.jpg,test,beedrill,1745595977,33d497deeb338b03e026734a9d9bdff954eb8dea6a32f28de482da64cbdf0a4e,224,224,RGB
data/raw/kaggle/extracted/test/beedrill/1746393234.jpg,kaggle/extracted/test/beedrill/1746393234.jpg,test,beedrill,1746393234,db464956247b52ff89233653b4b1d212f52f5caf36ba315a2b2d9f0f16241a34,224,224,RGB
data/raw/kaggle/extracted/test/beedrill/1746430902.jpg,kaggle/extracted/test/beedrill/1746430902.jpg,test,beedrill,1746430902,3356e820b44b9905e0a656aa5558341ff56bef53d5d707a157e6ee08c9d6169b,224,224,RGB
data/raw/kaggle/extracted/test/beedrill/1746966559.jpg,kaggle/extracted/test/beedrill/1746966559.jpg,test,beedrill,1746966559,1fef349f925bf079a5b033cf964b799414c83cbea191adee9b662688491716f6,224,224,RGB
data/raw/kaggle/extracted/test/beheeyem/1745996768.jpg,kaggle/extracted/test/beheeyem/1745996768.jpg,test,beheeyem,1745996768,511cbed473387a0cfa219075469430b116971fb09d265830d7d88bdbdf711f6d,224,224,RGB
data/raw/kaggle/extracted/test/beheeyem/1746350011.jpg,kaggle/extracted/test/beheeyem/1746350011.jpg,test,beheeyem,1746350011,e0fc4b05f0ada13e7b574961ac5e1a2f9bbc8c1a4508e4f6a8b24d5a380c4682,224,224,RGB
data/raw/kaggle/extracted/test/beldum/1745423826.jpg,kaggle/extracted/test/beldum/1745423826.jpg,test,beldum,1745423826,e6bc0ce46707b2a11486ca2061c85cc8c173d242a21550e5d85891759c53ccd3,224,224,RGB
data/raw/kaggle/extracted/test/beldum/1745526716.jpg,kaggle/extracted/test/beldum/1745526716.jpg,test,beldum,1745526716,1583d9a4a89d04510466aa8a9bdddf8720514eb8690dfc51080c13e4db99a579,224,224,RGB
data/raw/kaggle/extracted/test/beldum/1745534735.jpg,kaggle/extracted/test/beldum/1745534735.jpg,test,beldum,1745534735,7445f4861c49335cd63796004b258bbed7bcbd8670d283588259a328787079e8,224,224,RGB
data/raw/kaggle/extracted/test/beldum/1745593277.jpg,kaggle/extracted/test/beldum/1745593277.jpg,test,beldum,1745593277,08125e1ddce3991731108b91cda974073172c23983f80395f9062ee23424a3e9,224,224,RGB
data/raw/kaggle/extracted/test/beldum/1745593755.jpg,kaggle/extracted/test/beldum/1745593755.jpg,test,beldum,1745593755,aa0a6ef90cff88ef781e48dba3ec7e46bdfe0ee57fd13d45e12eed22f46603ec,224,224,RGB
data/raw/kaggle/extracted/test/beldum/1745655421.jpg,kaggle/extracted/test/beldum/1745655421.jpg,test,beldum,1745655421,eed81609726917b9d77a3c59bef32d400d55f9d2a2a290fde03cb6da21840d68,224,224,RGB
data/raw/kaggle/extracted/test/beldum/1745770393.jpg,kaggle/extracted/test/beldum/1745770393.jpg,test,beldum,1745770393,17bd7a3e514cfeaf0a1e8580fa167b61008ce6c4f3b3db1b9be5012893fb34dc,224,224,RGB
data/raw/kaggle/extracted/test/beldum/1745784041.jpg,kaggle/extracted/test/beldum/1745784041.jpg,test,beldum,1745784041,3ffe5a527322b08ccb6c2d0cc96dab11bfb38e5587dffcb015b98d1348e180d3,224,224,RGB
data/raw/kaggle/extracted/test/beldum/1745865554.jpg,kaggle/extracted/test/beldum/1745865554.jpg,test,beldum,1745865554,7d145557184d6a9437a7cb42946ae43b683dae0b2ded45499b82ec37cc8a0414,224,224,RGB
data/raw/kaggle/extracted/test/bellibolt/1745496853.jpg,kaggle/extracted/test/bellibolt/1745496853.jpg,test,bellibolt,1745496853,e22c142a6967b6b6734dc17ed14a383fea0a8c9959cff7602e95f443f89bc2d6,224,224,RGB
data/raw/kaggle/extracted/test/bellibolt/1745594775.jpg,kaggle/extracted/test/bellibolt/1745594775.jpg,test,bellibolt,1745594775,0d2d0b2b22bca3ad9199710be2dad17a9b7197c8a35e48ef173f46ea7bd9b5e5,224,224,RGB
data/raw/kaggle/extracted/test/bellibolt/1745609597.jpg,kaggle/extracted/test/bellibolt/1745609597.jpg,test,bellibolt,1745609597,2f43b84635270ff85c781ba28bc3e5ef73df9f9a5bfc29159db464392d78ab16,224,224,RGB
data/raw/kaggle/extracted/test/bellibolt/1745958607.jpg,kaggle/extracted/test/bellibolt/1745958607.jpg,test,bellibolt,1745958607,686cd5f319df08e9b6fa5d901c7d9e8ce95f217604a6787c4d511454da8ce68f,224,224,RGB
data/raw/kaggle/extracted/test/bellibolt/1746259987.jpg,kaggle/extracted/test/bellibolt/1746259987.jpg,test,bellibolt,1746259987,ec7cb0d3e6bdfa5c448dfea6079245b541075cfb355b6c777cc899669ea114b2,224,224,RGB
data/raw/kaggle/extracted/test/bellibolt/1746348692.jpg,kaggle/extracted/test/bellibolt/1746348692.jpg,test,bellibolt,1746348692,149505c1823b5c9590dfbbeb53c9e39306892b7ae5389b498db2515be4499e24,224,224,RGB
data/raw/kaggle/extracted/test/bellibolt/1746386721.jpg,kaggle/extracted/test/bellibolt/1746386721.jpg,test,bellibolt,1746386721,1ee923f7717cab71390c184bf8d98d8147d424e01a69e64628fb197c8ae6d07c,224,224,RGB
data/raw/kaggle/extracted/test/bellibolt/1746432694.jpg,kaggle/extracted/test/bellibolt/1746432694.jpg,test,bellibolt,1746432694,8e8a350282f732c400adca63b8cc5f4df200ad4fa2b2e09b3a58df6a1e91ad1d,224,224,RGB
data/raw/kaggle/extracted/test/bellibolt/1746434768.jpg,kaggle/extracted/test/bellibolt/1746434768.jpg,test,bellibolt,1746434768,88954c2b2d944523273ac22f3a1ca5bb7470ba7ebd4ba3a8f6eeb285b63e5195,224,224,RGB
data/raw/kaggle/extracted/test/bellossom/1745396198.jpg,kaggle/extracted/test/bellossom/1745396198.jpg,test,bellossom,1745396198,f11dcc368e283ccd19d8ccdb539bc1b9698355edf4028454e832d44880fd9e85,224,224,RGB
data/raw/kaggle/extracted/test/bellossom/1745995899.jpg,kaggle/extracted/test/bellossom/1745995899.jpg,test,bellossom,1745995899,7c1cb3faa68167a359ef3c0add580446aa7a1d1f1405078721c240b16a50511b,224,224,RGB
data/raw/kaggle/extracted/test/bellossom/1746130208.jpg,kaggle/extracted/test/bellossom/1746130208.jpg,test,bellossom,1746130208,d0bf71187825d8cec382dce83c87d3f20e71e54764463de7994b57ab46173546,224,224,RGB
data/raw/kaggle/extracted/test/bellossom/1746199649.jpg,kaggle/extracted/test/bellossom/1746199649.jpg,test,bellossom,1746199649,c4028da86f24fd361e4bc4e0e8aa14e778047bc1902ff685eefffd71f2fd146f,224,224,RGB
data/raw/kaggle/extracted/test/bellsprout/1745523330.jpg,kaggle/extracted/test/bellsprout/1745523330.jpg,test,bellsprout,1745523330,e04fca13c29694c5eb9ff02f8f19cb947cf16bd2bc76b25982be7eaeee589c3e,224,224,RGB
data/raw/kaggle/extracted/test/bellsprout/1745563869.jpg,kaggle/extracted/test/bellsprout/1745563869.jpg,test,bellsprout,1745563869,e6299c692cf99b02ac67eea1e2d683d3155b1c3e3ec38d67178e1fe974db3e0c,224,224,RGB
data/raw/kaggle/extracted/test/bellsprout/1745564111.jpg,kaggle/extracted/test/bellsprout/1745564111.jpg,test,bellsprout,1745564111,74e4f44952fd0438edd8e3ff860800a25c2850d363ad1c0d7ac6bdd69c172a69,224,224,RGB
data/raw/kaggle/extracted/test/bellsprout/1745565474.jpg,kaggle/extracted/test/bellsprout/1745565474.jpg,test,bellsprout,1745565474,9f21a3b0895f297938923baa98265530d397546248215cdd21c98df053c6766e,224,224,RGB
data/raw/kaggle/extracted/test/bellsprout/1745568074.jpg,kaggle/extracted/test/bellsprout/1745568074.jpg,test,bellsprout,1745568074,b1230504f6b43d290df887476a631f26b3c71aed347a52eecd5d208569f847ca,224,224,RGB
data/raw/kaggle/extracted/test/bellsprout/1745595498.jpg,kaggle/extracted/test/bellsprout/1745595498.jpg,test,bellsprout,1745595498,350d1835ae6baf40a20d38f7da3fed0a3dad13eb84f4b13457912c3e978ddd4f,224,224,RGB
data/raw/kaggle/extracted/test/bellsprout/1745599091.jpg,kaggle/extracted/test/bellsprout/1745599091.jpg,test,bellsprout,1745599091,547ad81e2059cadaab1bf7459d4e923128ea7f7b730de9b4ec338aeec4fa85e1,224,224,RGB
data/raw/kaggle/extracted/test/bellsprout/1745612587.jpg,kaggle/extracted/test/bellsprout/1745612587.jpg,test,bellsprout,1745612587,70e9e45da55414c7ce28a06a7717e57f1bb571b86f2312940911eb3e27bd241c,224,224,RGB
data/raw/kaggle/extracted/test/bellsprout/1745650561.jpg,kaggle/extracted/test/bellsprout/1745650561.jpg,test,bellsprout,1745650561,617c2383da4988f5ecac7fd1c2d1f86ff267dbc2fb98aba9e57071ed2a7efa5e,224,224,RGB
data/raw/kaggle/extracted/test/bergmite/1745562715.jpg,kaggle/extracted/test/bergmite/1745562715.jpg,test,bergmite,1745562715,9f48704a433752d6db73562130a1c6ffa57598806a122392a3e321853ad8ee67,224,224,RGB
data/raw/kaggle/extracted/test/bergmite/1745569788.jpg,kaggle/extracted/test/bergmite/1745569788.jpg,test,bergmite,1745569788,0d109d5640b9120a8e218d107c2d5e87399da3adead9c860944cc9b0f6f695da,224,224,RGB
data/raw/kaggle/extracted/test/bergmite/1745611827.jpg,kaggle/extracted/test/bergmite/1745611827.jpg,test,bergmite,1745611827,80a4a650532d4e742ec3a1fc2abcb0cf6a7d22e78f2b22041102ba57e81545e0,224,224,RGB
data/raw/kaggle/extracted/test/bergmite/1745650477.jpg,kaggle/extracted/test/bergmite/1745650477.jpg,test,bergmite,1745650477,ff773ba3d92e1da18070c312a6f0898e163599197fcc52e6d1ab49633f8adbda,224,224,RGB
data/raw/kaggle/extracted/test/bergmite/1745662526.jpg,kaggle/extracted/test/bergmite/1745662526.jpg,test,bergmite,1745662526,5fe13157d9a7d6172f2bd926a28a970dc1ae3e56868a8cba3936e937a95dc9f1,224,224,RGB
data/raw/kaggle/extracted/test/bergmite/1745673159.jpg,kaggle/extracted/test/bergmite/1745673159.jpg,test,bergmite,1745673159,0b75ea9f6448ef59332d0a69c9d48f51c2ca9ef243bb2543e7112ccf58db1c1c,224,224,RGB
data/raw/kaggle/extracted/test/bergmite/1746342579.jpg,kaggle/extracted/test/bergmite/1746342579.jpg,test,bergmite,1746342579,7c427ad0b55074a63018afe471d396598af1fae7a14c61c5acca44d3929c8b66,224,224,RGB
data/raw/kaggle/extracted/test/bergmite/1746383632.jpg,kaggle/extracted/test/bergmite/1746383632.jpg,test,bergmite,1746383632,dd4bcb9123ecb8214edde15149c57fdb877d16bc22593c445c8d77a18484c364,224,224,RGB
data/raw/kaggle/extracted/test/bergmite/1746388408.jpg,kaggle/extracted/test/bergmite/1746388408.jpg,test,bergmite,1746388408,35f7da6b219077da440d450b48d0b46dc67ef65c9ba2bfae547028593f822e4a,224,224,RGB
data/raw/kaggle/extracted/test/bewear/1745569491.jpg,kaggle/extracted/test/bewear/1745569491.jpg,test,bewear,1745569491,81e29ca74a864896d081b97651c5aae4abee7f5c84ad50358c71600838df0343,224,224,RGB
data/raw/kaggle/extracted/test/bewear/1745771375.jpg,kaggle/extracted/test/bewear/1745771375.jpg,test,bewear,1745771375,1d1f4ec71b0d7d945768208a4e19e8df04120da20a56ce1009c4a37dff502b69,224,224,RGB
data/raw/kaggle/extracted/test/bewear/1746386882.jpg,kaggle/extracted/test/bewear/1746386882.jpg,test,bewear,1746386882,c45c5a1a51ee7a7788bbcf9d87224f5cc797b35934e54fe815a6397febbcb4c2,224,224,RGB
data/raw/kaggle/extracted/test/bewear/1747232585.jpg,kaggle/extracted/test/bewear/1747232585.jpg,test,bewear,1747232585,da57f586b0fa2980219183e3838fb12fac148d3ab1d625b7ca0a0834b3bcf5d2,224,224,RGB
data/raw/kaggle/extracted/test/bibarel/1745591318.jpg,kaggle/extracted/test/bibarel/1745591318.jpg,test,bibarel,1745591318,666a8caa0b9718e728ccd8487f9b626627051365425588670d64566c333a1a7d,224,224,RGB
data/raw/kaggle/extracted/test/bibarel/1745863949.jpg,kaggle/extracted/test/bibarel/1745863949.jpg,test,bibarel,1745863949,73b866a57ae3c368389fe262ed07159b69183186e13e29b2f14700e832407571,224,224,RGB
data/raw/kaggle/extracted/test/bibarel/1745864408.jpg,kaggle/extracted/test/bibarel/1745864408.jpg,test,bibarel,1745864408,d52217783f9b126e7b12d77e9315cf5c81f4ef67c07bf6d36d8e81b36b3de684,224,224,RGB
data/raw/kaggle/extracted/test/bidoof/1745665857.jpg,kaggle/extracted/test/bidoof/1745665857.jpg,test,bidoof,1745665857,2ac2cf0ce1ccab7591a5ec7f83c631007e049696ac89960fa73090c43220156c,224,224,RGB
data/raw/kaggle/extracted/test/bidoof/1745760209.jpg,kaggle/extracted/test/bidoof/1745760209.jpg,test,bidoof,1745760209,1cfe539c9d6efa1901de8a6266da21852a673df06c83a5cbfca2beb28c632af5,224,224,RGB
data/raw/kaggle/extracted/test/bidoof/1745953881.jpg,kaggle/extracted/test/bidoof/1745953881.jpg,test,bidoof,1745953881,849f5d57cde667918d38f9458b27753e86e910a67dc1b739125f55a1841be53f,224,224,RGB
data/raw/kaggle/extracted/test/bidoof/1745994970.jpg,kaggle/extracted/test/bidoof/1745994970.jpg,test,bidoof,1745994970,95de1a3aadfa98c7a3895ce167a1831f6a264a107f505002357b9b42c53bb1ce,224,224,RGB
data/raw/kaggle/extracted/test/bidoof/1746020885.jpg,kaggle/extracted/test/bidoof/1746020885.jpg,test,bidoof,1746020885,ac62d1949826a04502773c5f81261b659c19ba308ba6259ebba4eb9d47414bb9,224,224,RGB
data/raw/kaggle/extracted/test/bidoof/1746132517.jpg,kaggle/extracted/test/bidoof/1746132517.jpg,test,bidoof,1746132517,7f0e6645fd762e2a54a562c7579f26983951f93ab688fef84865e3cea7e51bd6,224,224,RGB
data/raw/kaggle/extracted/test/bidoof/1746199895.jpg,kaggle/extracted/test/bidoof/1746199895.jpg,test,bidoof,1746199895,d2fead57562f69eebd8955f6f894423d7df4a3f4ac3c3afd5f978543429fee20,224,224,RGB
data/raw/kaggle/extracted/test/bidoof/1746350222.jpg,kaggle/extracted/test/bidoof/1746350222.jpg,test,bidoof,1746350222,a32fc9dcb4c19f4f8d8660b2b6a9e9cf2e022d16d78bc42ac3369859982cb2c1,224,224,RGB
data/raw/kaggle/extracted/test/bidoof/1746386412.jpg,kaggle/extracted/test/bidoof/1746386412.jpg,test,bidoof,1746386412,4f69142396e92630f4b7e3b644f44e877a553be99c9ffe1332517abb2240b021,224,224,RGB
data/raw/kaggle/extracted/test/binacle/1745494256.jpg,kaggle/extracted/test/binacle/1745494256.jpg,test,binacle,1745494256,e7c91242ad27835806df4cbbc9ea2ed23b85895ea1c467f56359faf97019beef,224,224,RGB
data/raw/kaggle/extracted/test/binacle/1745570616.jpg,kaggle/extracted/test/binacle/1745570616.jpg,test,binacle,1745570616,1abf8afe3fd892b9302caf7f079fa19d67414efba00e31da65ed9e9479d1ada5,224,224,RGB
data/raw/kaggle/extracted/test/binacle/1745971025.jpg,kaggle/extracted/test/binacle/1745971025.jpg,test,binacle,1745971025,3bc89e474ca23aaf0aca689cc63023d8d6d5cf819d2181496b4f42ae41766c4d,224,224,RGB
data/raw/kaggle/extracted/test/binacle/1746135994.jpg,kaggle/extracted/test/binacle/1746135994.jpg,test,binacle,1746135994,10abeae6ddebabc7516d2f23e2c445e6d5330fc6bedec3e1e4a78449a36ec63a,224,224,RGB
data/raw/kaggle/extracted/test/binacle/1746217258.jpg,kaggle/extracted/test/binacle/1746217258.jpg,test,binacle,1746217258,04c43b9a0a8e762d7707a7dc79f8112810977ee52c4a820c645300f68da1d663,224,224,RGB
data/raw/kaggle/extracted/test/binacle/1746340723.jpg,kaggle/extracted/test/binacle/1746340723.jpg,test,binacle,1746340723,c124cf38cbfbf32d8b60c5b0ac2b3faf8664eb12929dd1cad506c582359aa410,224,224,RGB
data/raw/kaggle/extracted/test/binacle/1746386892.jpg,kaggle/extracted/test/binacle/1746386892.jpg,test,binacle,1746386892,95c2aa3b30e86e56dd9171132ca9d2f525ebbca35fb488f8d7d280885f3917d7,224,224,RGB
data/raw/kaggle/extracted/test/binacle/1746390838.jpg,kaggle/extracted/test/binacle/1746390838.jpg,test,binacle,1746390838,c79f8e6f4dc50acefa5cf479fca049ca87611e2e9521500a443d06c54493abf8,224,224,RGB
data/raw/kaggle/extracted/test/binacle/1746426921.jpg,kaggle/extracted/test/binacle/1746426921.jpg,test,binacle,1746426921,debc97b6bfc831c7da37d01cbb5f25ade7ca8e2479f1a26e7c73718d721f87aa,224,224,RGB
data/raw/kaggle/extracted/test/bisharp/1745660707.jpg,kaggle/extracted/test/bisharp/1745660707.jpg,test,bisharp,1745660707,38563f84356b201ed54696358773c588ddc51ef18b7c698e46356fa8858deb11,224,224,RGB
data/raw/kaggle/extracted/test/bisharp/1746004847.jpg,kaggle/extracted/test/bisharp/1746004847.jpg,test,bisharp,1746004847,72cc0801da3cf465155947f0b9ac31063c9f7b474c03fba631caa9f8b6e6431b,224,224,RGB
data/raw/kaggle/extracted/test/bisharp/1746116615.jpg,kaggle/extracted/test/bisharp/1746116615.jpg,test,bisharp,1746116615,45297a75bcd2f93e2318474bd4faf9dd8ae4ee6ec98030dbabf2c04523b870d8,224,224,RGB
data/raw/kaggle/extracted/test/blade aegislash/1745499433.jpg,kaggle/extracted/test/blade aegislash/1745499433.jpg,test,blade aegislash,1745499433,9f98515e0b130e94903397ee2cdb847cb5e3e9fda90f6ce76dd3f816b973725f,224,224,RGB
data/raw/kaggle/extracted/test/blastoise/1745660616.jpg,kaggle/extracted/test/blastoise/1745660616.jpg,test,blastoise,1745660616,cb34d8642a7c799ce40f420ab95c6dd62f7f2383d07578faadd15ff23cd4f8a8,224,224,RGB
data/raw/kaggle/extracted/test/blastoise/1746390107.jpg,kaggle/extracted/test/blastoise/1746390107.jpg,test,blastoise,1746390107,23858cde252ab43fbea4dc9e89958fea6b8c8e98bb2c401f7b8076b03061f822,224,224,RGB
data/raw/kaggle/extracted/test/blastoise/1746440819.jpg,kaggle/extracted/test/blastoise/1746440819.jpg,test,blastoise,1746440819,1ad95bd6cb2fbee2265eb4a0000cbb42d0d952af2571bd69b8d9ac6bba557530,224,224,RGB
data/raw/kaggle/extracted/test/blaze breed tauros/1746547322.jpg,kaggle/extracted/test/blaze breed tauros/1746547322.jpg,test,blaze breed tauros,1746547322,bab2bf66a9488f0c64917a66460bc3bcb96bada8b184b3c26dfdd20035a4cac6,224,224,RGB
data/raw/kaggle/extracted/test/blaziken/1746397474.jpg,kaggle/extracted/test/blaziken/1746397474.jpg,test,blaziken,1746397474,97452ab5159dbee188dcf01483b2b000fea5130138a21d74ff52695b2f373ab1,224,224,RGB
data/raw/kaggle/extracted/test/blaziken/1746461996.jpg,kaggle/extracted/test/blaziken/1746461996.jpg,test,blaziken,1746461996,a827f48bf66563d6b7f3c3d0419e73c82c15dbd4019d075aed966b2bd989f939,224,224,RGB
data/raw/kaggle/extracted/test/blaziken/1746470792.jpg,kaggle/extracted/test/blaziken/1746470792.jpg,test,blaziken,1746470792,f4b524d9d3a08d92cec099b7f5132ef6db691b364f3c65e8ad0804bd68cc2503,224,224,RGB
data/raw/kaggle/extracted/test/blaziken/1746968439.jpg,kaggle/extracted/test/blaziken/1746968439.jpg,test,blaziken,1746968439,9ca125ecca1537f520015b4fd8d15eaf0d5f4e1a3a95633a3cade95cf64cab06,224,224,RGB
data/raw/kaggle/extracted/test/blipbug/1745428710.jpg,kaggle/extracted/test/blipbug/1745428710.jpg,test,blipbug,1745428710,c6b683229945dc34aaffde9ea50323fed40ea492859603d6d5a548228beb1df8,224,224,RGB
data/raw/kaggle/extracted/test/blipbug/1745437116.jpg,kaggle/extracted/test/blipbug/1745437116.jpg,test,blipbug,1745437116,a56856e67c6ca901375a28e4a8e305549d17421db9e13a7e8abd9290cfe18d87,224,224,RGB
data/raw/kaggle/extracted/test/blipbug/1745527377.jpg,kaggle/extracted/test/blipbug/1745527377.jpg,test,blipbug,1745527377,50ac8824c6abca64178aec878d8500154ded5153f641d28cd8064ce800e36e3f,224,224,RGB
data/raw/kaggle/extracted/test/blipbug/1745528347.jpg,kaggle/extracted/test/blipbug/1745528347.jpg,test,blipbug,1745528347,9e461fa14c4812829766717712d6f3d598827a55b5f519e707095b58073464e6,224,224,RGB
data/raw/kaggle/extracted/test/blipbug/1745560318.jpg,kaggle/extracted/test/blipbug/1745560318.jpg,test,blipbug,1745560318,404e56294ccc8cd7a7e4370cf7c2641cbe0d95a41592d5e3724d5b06483024d1,224,224,RGB
data/raw/kaggle/extracted/test/blipbug/1745592298.jpg,kaggle/extracted/test/blipbug/1745592298.jpg,test,blipbug,1745592298,15b88b889b778ca43957a01821b41a86cd5b324e30d6be188c889696d42601a1,224,224,RGB
data/raw/kaggle/extracted/test/blipbug/1745596418.jpg,kaggle/extracted/test/blipbug/1745596418.jpg,test,blipbug,1745596418,9aeeb65dba25b55d750a5cdf455dd790adddbf9705b11ceacdeb9f6b1d2d2c28,224,224,RGB
data/raw/kaggle/extracted/test/blipbug/1745597054.jpg,kaggle/extracted/test/blipbug/1745597054.jpg,test,blipbug,1745597054,9b8ebfb956d6efa134174e924d0b25e2e62298caf9e5710506f2886e07f6761d,224,224,RGB
data/raw/kaggle/extracted/test/blipbug/1745611318.jpg,kaggle/extracted/test/blipbug/1745611318.jpg,test,blipbug,1745611318,c67b2608eb448b3c4f3124c833b75b7039acd029cddf3ebc0572059d082339af,224,224,RGB
data/raw/kaggle/extracted/test/blissey/1745998584.jpg,kaggle/extracted/test/blissey/1745998584.jpg,test,blissey,1745998584,add77bb3b0728f98ed9ff8c162050c50c6ba7196cd086329768e27ad3223e96a,224,224,RGB
data/raw/kaggle/extracted/test/blissey/1746443646.jpg,kaggle/extracted/test/blissey/1746443646.jpg,test,blissey,1746443646,50ba02d79a9b6250d236586ce6d8db8d63ad1fd26a8b6ade63b2a4e5b39f3549,224,224,RGB
data/raw/kaggle/extracted/test/blissey/1746531728.jpg,kaggle/extracted/test/blissey/1746531728.jpg,test,blissey,1746531728,41f4ef681ecf0a712efe2d908014056b5907b2b164d8492108751a628eaa6ba8,224,224,RGB
data/raw/kaggle/extracted/test/blitzle/1745611651.jpg,kaggle/extracted/test/blitzle/1745611651.jpg,test,blitzle,1745611651,f8f54b7a2d39929aecef63458cfbbaad97ed27382eafa7fb2eb87403af690cff,224,224,RGB
data/raw/kaggle/extracted/test/blitzle/1745757827.jpg,kaggle/extracted/test/blitzle/1745757827.jpg,test,blitzle,1745757827,899634c064e2ab2d527d1d9514f75c69eedf88c5ce6f3d8830525dafe97f56b6,224,224,RGB
data/raw/kaggle/extracted/test/blitzle/1746119764.jpg,kaggle/extracted/test/blitzle/1746119764.jpg,test,blitzle,1746119764,3ba4e4ac41935afdb4046b0b1e10e6a932f8e2a9d48022b17a40f6552c4a5f1c,224,224,RGB
data/raw/kaggle/extracted/test/blitzle/1746134668.jpg,kaggle/extracted/test/blitzle/1746134668.jpg,test,blitzle,1746134668,92c5c8cf5f7dff4e067518ab3914918ee1b90f1a20a3bea952685ecabeb194fa,224,224,RGB
data/raw/kaggle/extracted/test/blitzle/1746216458.jpg,kaggle/extracted/test/blitzle/1746216458.jpg,test,blitzle,1746216458,65df97d56a3e101feb3abb4abb493e955d1c5f6cdff7c65779682792adfaa6be,224,224,RGB
data/raw/kaggle/extracted/test/blitzle/1746343062.jpg,kaggle/extracted/test/blitzle/1746343062.jpg,test,blitzle,1746343062,c309c1a8d587e9271960805348ce322cdccce41350e681c84fad535fa13e9a71,224,224,RGB
data/raw/kaggle/extracted/test/blitzle/1746435421.jpg,kaggle/extracted/test/blitzle/1746435421.jpg,test,blitzle,1746435421,e1c526b332a5325529f7f20c1553b60dba51dcf146ee1697afc3718f72fe67ed,224,224,RGB
data/raw/kaggle/extracted/test/blitzle/1746447958.jpg,kaggle/extracted/test/blitzle/1746447958.jpg,test,blitzle,1746447958,aa1905b56fbad7af633d9710dcbc02d35359c43c28f72ffba6f37bf020db6fa4,224,224,RGB
data/raw/kaggle/extracted/test/blitzle/1746529611.jpg,kaggle/extracted/test/blitzle/1746529611.jpg,test,blitzle,1746529611,9a4370ea446653e60cdc255782e3ecf1ed5751eec85e2fd355f786b3d9c7afbb,224,224,RGB
data/raw/kaggle/extracted/test/goodra/1745758127.jpg,kaggle/extracted/test/goodra/1745758127.jpg,test,goodra,1745758127,d48b2653abc51804aac85c0a8822fa7e321eebe443f796ae8b5a2ae439851483,224,224,RGB
data/raw/kaggle/extracted/test/goodra/1745999348.jpg,kaggle/extracted/test/goodra/1745999348.jpg,test,goodra,1745999348,30cd6a463bc2f272b06b0e33286c3e0e111b6e041f4a6e7bd621a8ce59bfa618,224,224,RGB
data/raw/kaggle/extracted/test/goomy/1745432957.jpg,kaggle/extracted/test/goomy/1745432957.jpg,test,goomy,1745432957,35e64615c22a16516cbe52c2cc371fa99207ef4cce8b7ec1ba8bf4817223840d,224,224,RGB
data/raw/kaggle/extracted/test/goomy/1745568209.jpg,kaggle/extracted/test/goomy/1745568209.jpg,test,goomy,1745568209,31b86133ba2d203a95de3915d1e9c7533fb1273a05c2e367c3a2be17ce9d8417,224,224,RGB
data/raw/kaggle/extracted/test/goomy/1745591869.jpg,kaggle/extracted/test/goomy/1745591869.jpg,test,goomy,1745591869,2bbb4057f654abd6148e75babf9ac4795863530206125179c76bb35becf7a4dd,224,224,RGB
data/raw/kaggle/extracted/test/goomy/1745596618.jpg,kaggle/extracted/test/goomy/1745596618.jpg,test,goomy,1745596618,debadd119c5c3bc651f5c9c9ef48cd887f98e7d0a85cdfdaab0d1d873d9a829b,224,224,RGB
data/raw/kaggle/extracted/test/goomy/1745659747.jpg,kaggle/extracted/test/goomy/1745659747.jpg,test,goomy,1745659747,f50ef1d6d61d43a5d32cfd871f49681b4d87e7ce4a6c37ab5280f1d53551a392,224,224,RGB
data/raw/kaggle/extracted/test/goomy/1745659769.jpg,kaggle/extracted/test/goomy/1745659769.jpg,test,goomy,1745659769,4e72e9a227f864b6a112f444f3a77b689b97e353ce4b71cadc900558e14cbd53,224,224,RGB
data/raw/kaggle/extracted/test/goomy/1745665977.jpg,kaggle/extracted/test/goomy/1745665977.jpg,test,goomy,1745665977,2ba06b6ae7c1a295f4a98ec53790d6a6f4371294426cab8fb4405426d76d2e02,224,224,RGB
data/raw/kaggle/extracted/test/goomy/1745759414.jpg,kaggle/extracted/test/goomy/1745759414.jpg,test,goomy,1745759414,247c09c49deaf3382ff5ce911bcf1fcd5148326236a2bf9e36dbe1b22a3842de,224,224,RGB
data/raw/kaggle/extracted/test/goomy/1745759736.jpg,kaggle/extracted/test/goomy/1745759736.jpg,test,goomy,1745759736,76ab7f99e10f78c0176dd12c815e9c85cfc046461f970675dfacc0314b4a25d8,224,224,RGB
data/raw/kaggle/extracted/test/gorebyss/1746223678.jpg,kaggle/extracted/test/gorebyss/1746223678.jpg,test,gorebyss,1746223678,766fd9a2941cd22eb9e6f4b87f87b2ad4cccec0fb81ee9b73b629332cf80a4c8,224,224,RGB
data/raw/kaggle/extracted/test/gorebyss/1746262054.jpg,kaggle/extracted/test/gorebyss/1746262054.jpg,test,gorebyss,1746262054,bcb80d65b37ee12bf8bf32d6ac8f3edabf79229a9c454c55ac924e8fb06965ae,224,224,RGB
data/raw/kaggle/extracted/test/gorebyss/1746385432.jpg,kaggle/extracted/test/gorebyss/1746385432.jpg,test,gorebyss,1746385432,16e6f7c1b14f417acd9056a6f7c67ebfa0b670ede9a0ef3338745b573fe85c3f,224,224,RGB
data/raw/kaggle/extracted/test/gossifleur/1745435937.jpg,kaggle/extracted/test/gossifleur/1745435937.jpg,test,gossifleur,1745435937,2fe14ac7430e79d4f458a7e2221c6dd6b5725a3e986f76dafeba3ab851b96f03,224,224,RGB
data/raw/kaggle/extracted/test/gossifleur/1745564154.jpg,kaggle/extracted/test/gossifleur/1745564154.jpg,test,gossifleur,1745564154,f61fd3f792cf30073fd633e2aa1353aa3f92d4023613d47e3af05a4352958638,224,224,RGB
data/raw/kaggle/extracted/test/gossifleur/1745964125.jpg,kaggle/extracted/test/gossifleur/1745964125.jpg,test,gossifleur,1745964125,1602fbff0fbf025e7754603e45f97b74ff628d5e7449f10d41767a85cae789fa,224,224,RGB
data/raw/kaggle/extracted/test/gossifleur/1745985353.jpg,kaggle/extracted/test/gossifleur/1745985353.jpg,test,gossifleur,1745985353,7c5e33db4d20b6a66dc5c4f136409b92d537ea14d4a52f0c3db2cdaa79a88766,224,224,RGB
data/raw/kaggle/extracted/test/gossifleur/1746041760.jpg,kaggle/extracted/test/gossifleur/1746041760.jpg,test,gossifleur,1746041760,d8ac715d0fb4f08cef366073edcfda8b530c63b01126858a7f19536a7e5dd450,224,224,RGB
data/raw/kaggle/extracted/test/gossifleur/1746204967.jpg,kaggle/extracted/test/gossifleur/1746204967.jpg,test,gossifleur,1746204967,61ce633a7a1d3939a26fc7f32e8215669d61ff8de6a1536322ae3fcd04bc4f13,224,224,RGB
data/raw/kaggle/extracted/test/gossifleur/1746382002.jpg,kaggle/extracted/test/gossifleur/1746382002.jpg,test,gossifleur,1746382002,0d682a8d71597b93a147852df4d06fb5cfb144952e1eff61b85ecef7b42ace2b,224,224,RGB
data/raw/kaggle/extracted/test/gossifleur/1746439862.jpg,kaggle/extracted/test/gossifleur/1746439862.jpg,test,gossifleur,1746439862,4835cc7b7e9e56b460e24d7b5afde7fa13cf8b71f05611a873df44d48149eca5,224,224,RGB
data/raw/kaggle/extracted/test/gossifleur/1746442652.jpg,kaggle/extracted/test/gossifleur/1746442652.jpg,test,gossifleur,1746442652,050a9b336714466e63eb35f0114305ad63e441f7a6c9359e685b03aa2900ae80,224,224,RGB
data/raw/kaggle/extracted/test/gothita/1745386337.jpg,kaggle/extracted/test/gothita/1745386337.jpg,test,gothita,1745386337,cb3069ce380d8d98249b0ccc43d459e87ab964b6a76f00069b8d64f91954f631,224,224,RGB
data/raw/kaggle/extracted/test/gothita/1745436013.jpg,kaggle/extracted/test/gothita/1745436013.jpg,test,gothita,1745436013,4d41afb787afd3514730d8f7b6fabf293e69737a7f961ca04fc7ce54561dbfc5,224,224,RGB
data/raw/kaggle/extracted/test/gothita/1745496394.jpg,kaggle/extracted/test/gothita/1745496394.jpg,test,gothita,1745496394,b2c9b886857ba3d6c52b763872fb4baa908623c170272c2fc11268b63c220780,224,224,RGB
data/raw/kaggle/extracted/test/gothita/1745496857.jpg,kaggle/extracted/test/gothita/1745496857.jpg,test,gothita,1745496857,d86a8914073b5443fc37ad41a8281512d805768a72489d4f92daa0a5bcbc194b,224,224,RGB
data/raw/kaggle/extracted/test/gothita/1745522937.jpg,kaggle/extracted/test/gothita/1745522937.jpg,test,gothita,1745522937,6d3322a7a669b02f6460d9b81bbec8c134eb44dc111119e4f1104a37a39aad8f,224,224,RGB
data/raw/kaggle/extracted/test/gothita/1745528771.jpg,kaggle/extracted/test/gothita/1745528771.jpg,test,gothita,1745528771,de1a6c8706df334e6ce9b0edfa2e83bb135da5a3239a766705982de59d4a1295,224,224,RGB
data/raw/kaggle/extracted/test/gothita/1745537437.jpg,kaggle/extracted/test/gothita/1745537437.jpg,test,gothita,1745537437,1beb023e44b49580bc9abe852de49cce23a8c2264be6dfeda9cb522e8aede0c0,224,224,RGB
data/raw/kaggle/extracted/test/gothita/1745595098.jpg,kaggle/extracted/test/gothita/1745595098.jpg,test,gothita,1745595098,393398b7fbfae21bd00d1289d0cd23feaf2591e30692bab6126fb8a4b58a6341,224,224,RGB
data/raw/kaggle/extracted/test/gothita/1745595172.jpg,kaggle/extracted/test/gothita/1745595172.jpg,test,gothita,1745595172,ebbe171e2013f6dd2519f6cbbf701938f1cca820ff50b29b73ba265e30f422e4,224,224,RGB
data/raw/kaggle/extracted/test/gothitelle/1745597468.jpg,kaggle/extracted/test/gothitelle/1745597468.jpg,test,gothitelle,1745597468,14e1d149a0cda2f9cabb486bd0a98a51ada7e08b3186b6a854f397f67c5d23b0,224,224,RGB
data/raw/kaggle/extracted/test/gothitelle/1746200183.jpg,kaggle/extracted/test/gothitelle/1746200183.jpg,test,gothitelle,1746200183,87a756f3656d6ed2239ed1e1d8baaa0eebfbffee3146a857035811211b43fb57,224,224,RGB
data/raw/kaggle/extracted/test/gothorita/1745658340.jpg,kaggle/extracted/test/gothorita/1745658340.jpg,test,gothorita,1745658340,a2df663889de9880204aea8745e6ce8963032cf7dab36016220fd936d49cbd6a,224,224,RGB
data/raw/kaggle/extracted/test/gothorita/1745667997.jpg,kaggle/extracted/test/gothorita/1745667997.jpg,test,gothorita,1745667997,3ac1572cea9d7ef7c0f2324e5af3fb4f5d0bfe8faac5f9e4ac23c73eb3292af2,224,224,RGB
data/raw/kaggle/extracted/test/gothorita/1745759145.jpg,kaggle/extracted/test/gothorita/1745759145.jpg,test,gothorita,1745759145,4fc9188bc517fd45611ea68e389cc00eda5dc91ea2c2d54a926d7cc770c4e510,224,224,RGB
data/raw/kaggle/extracted/test/gothorita/1745869214.jpg,kaggle/extracted/test/gothorita/1745869214.jpg,test,gothorita,1745869214,890493ef92ef4bc9842fbfa702ffcdff377de665fd36d2cbb5f8f09b7170e4e5,224,224,RGB
data/raw/kaggle/extracted/test/gothorita/1745999883.jpg,kaggle/extracted/test/gothorita/1745999883.jpg,test,gothorita,1745999883,dd4d2ab343522df75ebbccc258b3e5fc9c243f92d8e0aa7f98678941f33a59f0,224,224,RGB
data/raw/kaggle/extracted/test/gothorita/1746121927.jpg,kaggle/extracted/test/gothorita/1746121927.jpg,test,gothorita,1746121927,aa3222f762366dbbb321c0efd79d1f32993165610684d678045b10cc92af73ac,224,224,RGB
data/raw/kaggle/extracted/test/gothorita/1746430432.jpg,kaggle/extracted/test/gothorita/1746430432.jpg,test,gothorita,1746430432,d478d7553eec8b21069b1abd751cc796b76d410990e8831cd8df603b9a16686a,224,224,RGB
data/raw/kaggle/extracted/test/gothorita/1746432462.jpg,kaggle/extracted/test/gothorita/1746432462.jpg,test,gothorita,1746432462,3e2d4a3a155433b0f8e0f2c9c89de72cb60a5348d241457ebe3f60948c4c8740,224,224,RGB
data/raw/kaggle/extracted/test/gothorita/1746470021.jpg,kaggle/extracted/test/gothorita/1746470021.jpg,test,gothorita,1746470021,9e021fcc04552d5840f775e514bdc17fdf61dd658510b06e6f59f3ebbca6a4a3,224,224,RGB
data/raw/kaggle/extracted/test/gourgeist/1745751557.jpg,kaggle/extracted/test/gourgeist/1745751557.jpg,test,gourgeist,1745751557,ad044169ce5c59549f0435aed12c73f3de8f8d6547d425f0dc7b95de89a4a000,224,224,RGB
data/raw/kaggle/extracted/test/gourgeist/1745988320.jpg,kaggle/extracted/test/gourgeist/1745988320.jpg,test,gourgeist,1745988320,2b6fd40ba6accadeb67e25b66acfe1ce8a72192ec18b746842e993f65c20dbae,224,224,RGB
data/raw/kaggle/extracted/test/grafaiai/1745500822.jpg,kaggle/extracted/test/grafaiai/1745500822.jpg,test,grafaiai,1745500822,f628286cd6a9e5cfc854c3eefb1987349ec5b40866056a744d9117b87d74b446,224,224,RGB
data/raw/kaggle/extracted/test/grafaiai/1745502113.jpg,kaggle/extracted/test/grafaiai/1745502113.jpg,test,grafaiai,1745502113,c787ea109017400b4ddbd6c9b28378e7c693ccb3bdeea1be76568c827009c8f5,224,224,RGB
data/raw/kaggle/extracted/test/grafaiai/1745527849.jpg,kaggle/extracted/test/grafaiai/1745527849.jpg,test,grafaiai,1745527849,0ea3e94650e26097eaf2f5246e485b211f333a62fa4bb3efb443dcc52af29c14,224,224,RGB
data/raw/kaggle/extracted/test/grafaiai/1745754780.jpg,kaggle/extracted/test/grafaiai/1745754780.jpg,test,grafaiai,1745754780,a2878c9e62e4c529641fc23ab3805b2135898366b1ff700f798b31d9a170f08d,224,224,RGB
data/raw/kaggle/extracted/test/grafaiai/1745994513.jpg,kaggle/extracted/test/grafaiai/1745994513.jpg,test,grafaiai,1745994513,da2be40814e09ae8f83699cb6e17300a3937bf9568cd572698e883ded83af753,224,224,RGB
data/raw/kaggle/extracted/test/grafaiai/1746134721.jpg,kaggle/extracted/test/grafaiai/1746134721.jpg,test,grafaiai,1746134721,480e9488336e6aba68aea8e93ae8db5e1fda1c9a1a9700679ba2f37b04523082,224,224,RGB
data/raw/kaggle/extracted/test/grafaiai/1746464257.jpg,kaggle/extracted/test/grafaiai/1746464257.jpg,test,grafaiai,1746464257,f674e56b22cd2342202e12ac17d861e1f67942474db0c14f36764c3a27812ca5,224,224,RGB
data/raw/kaggle/extracted/test/grafaiai/1746467622.jpg,kaggle/extracted/test/grafaiai/1746467622.jpg,test,grafaiai,1746467622,55dde5b74ba0d1637afa64d0f30724c8e5ad0623651b8b9c34b92700b3fb9a38,224,224,RGB
data/raw/kaggle/extracted/test/pikachu/1745385939.jpg,kaggle/extracted/test/pikachu/1745385939.jpg,test,pikachu,1745385939,67efa67256f194834affe42f07b0711308db11d67ebb93754bd3410d39d9552c,224,224,RGB
data/raw/kaggle/extracted/test/pikachu/1745386871.jpg,kaggle/extracted/test/pikachu/1745386871.jpg,test,pikachu,1745386871,ee621a77e7b1cd5bc75d5344246695fb6d2d11f25dd9f5a27358cdd89d1a9d56,224,224,RGB
data/raw/kaggle/extracted/test/pikachu/1745528574.jpg,kaggle/extracted/test/pikachu/1745528574.jpg,test,pikachu,1745528574,2d92d47daa0b67d22ca295a868a2885c927d146c635e45a73ff720151d8358e3,224,224,RGB
data/raw/kaggle/extracted/test/pikachu/1745612260.jpg,kaggle/extracted/test/pikachu/1745612260.jpg,test,pikachu,1745612260,a81f62fce5fd3e5797bc6a81e38f8f2ff72f3fc7d5041468ea09eed9be215805,224,224,RGB
data/raw/kaggle/extracted/test/pikachu/1745659667.jpg,kaggle/extracted/test/pikachu/1745659667.jpg,test,pikachu,1745659667,0184463e8535575e57df06e8cd7c26835d566ab786429fa4b0e770aaa0306010,224,224,RGB
data/raw/kaggle/extracted/test/pikachu/1745956757.jpg,kaggle/extracted/test/pikachu/1745956757.jpg,test,pikachu,1745956757,f658ed418e065a91dbcbe89c0732767d9987e14a7126cb24efdb6ca4b6902c82,224,224,RGB
data/raw/kaggle/extracted/test/pikachu/1746127042.jpg,kaggle/extracted/test/pikachu/1746127042.jpg,test,pikachu,1746127042,91a677986e7bf3373e328e0fa4efcfc450f772673b9d4461c59e46f6936f80b6,224,224,RGB
data/raw/kaggle/extracted/test/pikachu/1746435548.jpg,kaggle/extracted/test/pikachu/1746435548.jpg,test,pikachu,1746435548,88f56e69e835b27eef3179836c173518eb65d02457012f43ed4441d7d650299a,224,224,RGB
