path,pokemon_id,pokemon_name,slug,form,shiny,enabled,catchable,sha256,width,height,mode
data/raw/poketwo-data/images/0.png,0,MissingNo.,missingno,,0,1,1,eec84d4bc24148c95dfd5bb76bb40e6dc2e97e9d0b0beea00027179b1bed6c87,475,475,RGBA
data/raw/poketwo-data/images/1.png,1,Bulbasaur,bulbasaur,,0,1,1,1c4d2122a267f8618cb76c9e31c85ce694e1d06d9ce2ec87bc86677d3d217ac5,475,475,RGBA
data/raw/poketwo-data/images/10.png,10,Caterpie,caterpie,,0,1,1,b5df5a15e4838cfb702963dd9be816e00f02632f3cd7dfc3f784ac22cea7af97,475,475,RGBA
data/raw/poketwo-data/images/100.png,100,Voltorb,voltorb,,0,1,1,99261b2f88e42182be4781e6f815f225a35a1c04607734e5b20c87fc4caa5e8a,475,475,RGBA
data/raw/poketwo-data/images/1000.png,1000,Gholdengo,gholdengo,,0,1,1,3856481b30b36a41406a644c2c0d0381f385e4553cf629a950ffeed4c95efc2f,475,475,RGBA
data/raw/poketwo-data/images/10001.png,10001,Attack Deoxys,deoxys-attack,1,0,1,1,d796924712930eaeb1c2ea6f0429c461f3e6621712ab759ab59f636073a77abd,475,475,RGBA
data/raw/poketwo-data/images/10002.png,10002,Defense Deoxys,deoxys-defense,1,0,1,1,de786f58fa34f340a5c5c0ece0373f948f87afa562d79cdf9613255e4b4dad04,475,475,RGBA
data/raw/poketwo-data/images/10003.png,10003,Speed Deoxys,deoxys-speed,1,0,1,1,26f4749be98662878ec0ca487b6a25c4b5ba75a88120dffb04bfe84e5511a684,475,475,RGBA
data/raw/poketwo-data/images/10004.png,10004,Sandy Wormadam,wormadam-sandy,1,0,1,1,00927363352ffa636398b22234240a86712baba77b7905a2000de8d7c2c6d57a,475,475,RGBA
data/raw/poketwo-data/images/10005.png,10005,Trash Wormadam,wormadam-trash,1,0,1,1,989ffd5279196fb73119a721a794cf34eb1fdce5ae9b0611f1463c5184b45794,475,475,RGBA
data/raw/poketwo-data/images/10008.png,10008,Heat Rotom,rotom-heat,1,0,1,1,7beb511865026c1aac523783f51a260c09b67342d2e65f4f274d8b8306abd1e7,475,475,RGBA
data/raw/poketwo-data/images/10009.png,10009,Wash Rotom,rotom-wash,1,0,1,1,b0767c34f6fc9db35e791e57f54be350c281c4626b487e8f14ffc315843a6fcb,475,475,RGBA
data/raw/poketwo-data/images/1001.png,1001,Wo-Chien,wo-chien,,0,1,1,91c4d6876ee117e045a1ce81a4ccde149a6c19af65fdae86fa67fe2ac3e14f08,475,475,RGBA
data/raw/poketwo-data/images/10010.png,10010,Frost Rotom,rotom-frost,1,0,1,1,2608a2311b723d55cd7588766fcc5cedcf6a38aba019a376cb447cf2e3e5444f,475,475,RGBA
data/raw/poketwo-data/images/10011.png,10011,Fan Rotom,rotom-fan,1,0,1,1,f9c7eb0045d5e2c83c64ccd856dc7d4dbc9027ca172f1b6d79c9eac7d6133226,475,475,RGBA
data/raw/poketwo-data/images/10012.png,10012,Mow Rotom,rotom-mow,1,0,1,1,137b732b74a2c39e10020bec3da1c524ee3d333086ae2b0da9d43ec3f40394ca,475,475,RGBA
data/raw/poketwo-data/images/10013.png,10013,Sunny Castform,castform-sunny,1,0,1,1,47ef5139d1b837f21578ab1db0e804c1ac89fe44d2db88a237dd0bcde4a97e92,475,475,RGBA
data/raw/poketwo-data/images/10014.png,10014,Rainy Castform,castform-rainy,1,0,1,1,0fd7adc2de8afbf175ab38aae255bb840dd6d433114e377a61c2b9a820acdb76,475,475,RGBA
data/raw/poketwo-data/images/10015.png,10015,Snowy Castform,castform-snowy,1,0,1,1,7a16e01a359110cebf2fcef7a64cc2acb75ce90acba5e3c437b8e9150d9f6470,475,475,RGBA
data/raw/poketwo-data/images/10017.png,10017,Zen Darmanitan,darmanitan-zen,1,0,1,1,fc07d1b47f47e6c67d2b8864b2f9141fdc453c34eb4f4dcf52f200ecbaeba9bf,475,475,RGBA
data/raw/poketwo-data/images/10018.png,10018,Pirouette Meloetta,meloetta-pirouette,1,0,1,1,91dc17ad00dc1bbdf3a4adc1ef2588c5debb0211c5b8acd4d58b2cfe1ea27da1,475,475,RGBA
data/raw/poketwo-data/images/1002.png,1002,Chien-Pao,chien-pao,,0,1,1,41ef759e653a96fa89b4470d6c769e723ce61368ff12ee49e426896da07f89eb,475,475,RGBA
data/raw/poketwo-data/images/10026.png,10026,Blade Aegislash,aegislash-blade,1,0,1,1,77f821e10dfce9e3e6045be6e6e546f2d35dfb42e1cace33d34f8522e430b1de,475,475,RGBA
data/raw/poketwo-data/images/1003.png,1003,Ting-Lu,ting-lu,,0,1,1,62209adbbad4d83cc4a392bb73488fa7a65d81886d8c877cd41c70db752004dd,475,475,RGBA
data/raw/poketwo-data/images/1004.png,1004,Chi-Yu,chi-yu,,0,1,1,53981b34d130e09e0f2d1c8f9e681f05adc79c18cd53f4236ea183eaad79e266,475,475,RGBA
data/raw/poketwo-data/images/1005.png,1005,Roaring Moon,roaring-moon,,0,1,1,94d026604155bd5192d9b34ec5dfcbfa0486a5e50242d6cc15aa5d4219cd9ef8,475,475,RGBA
data/raw/poketwo-data/images/1006.png,1006,Iron Valiant,iron-valiant,,0,1,1,3bb80b19f4d1c8876b701cb755ae53d9aca47a1a571124fcdd4b4009107efef3,475,475,RGBA
data/raw/poketwo-data/images/1007.png,1007,Koraidon,koraidon,,0,1,1,c74850a2530dc0eb6361e2b66869f7c0fd07d4d33c521edff3b25bc6364ace27,475,475,RGBA
data/raw/poketwo-data/images/1008.png,1008,Miraidon,miraidon,,0,1,1,adaad0000808b393964f82c37788565aeb902f5ec802e66a4913c2c0af3a7edd,475,475,RGBA
data/raw/poketwo-data/images/1009.png,1009,Walking Wake,walking-wake,,0,1,1,8168fc568b80f75050331502311bb4e9841db14d1bfbaa48352af16fef645f4e,475,475,RGBA
data/raw/poketwo-data/images/10091.png,10091,Alolan Rattata,rattata-alola,1,0,1,1,323c4103d090a64a01cd17a36fd78f5ecf7298c34cfa437c70ed31efa44f8cf3,475,475,RGBA
data/raw/poketwo-data/images/10092.png,10092,Alolan Raticate,raticate-alola,1,0,1,1,d9c7f784d8bc0c22039a74131bed30bc230731ce980af7313faee6c2cc2ba5ac,475,475,RGBA
data/raw/poketwo-data/images/101.png,101,Electrode,electrode,,0,1,1,9afbfb11c546af6081d17125046100d245d4bde0f3d97c4ffeddeed1dc1fe437,475,475,RGBA
data/raw/poketwo-data/images/1010.png,1010,Iron Leaves,iron-leaves,,0,1,1,539024e7b840f26ff3918ab901db93f9515add42d4af902126b47a091ba7a6b3,475,475,RGBA
data/raw/poketwo-data/images/10100.png,10100,Alolan Raichu,raichu-alola,1,0,1,1,7d6736aa924fa4ade438778a6f6ebf23076901b1fa3204d9d188dc95c1562dff,475,475,RGBA
data/raw/poketwo-data/images/10101.png,10101,Alolan Sandshrew,sandshrew-alola,1,0,1,1,bf915c7b61444b6e92212f4cfa3e15c97423d5bd545c9313c66d5a939b1c92bb,475,475,RGBA
data/raw/poketwo-data/images/10102.png,10102,Alolan Sandslash,sandslash-alola,1,0,1,1,19e34a665780479b074c15e525ea015a6243f2fea9ceee02dc73cfbc459f00bd,475,475,RGBA
data/raw/poketwo-data/images/10103.png,10103,Alolan Vulpix,vulpix-alola,1,0,1,1,82fbd82d8ac5c4f630659b9635b3a20f4c83b44bd5cd75a6f6ec58b9ac926522,475,475,RGBA
data/raw/poketwo-data/images/10104.png,10104,Alolan Ninetales,ninetales-alola,1,0,1,1,eb51cf8f8665fa4fbfa039891bbeaf2aeb9960372a1588e3386e35e5d1ed8ece,475,475,RGBA
data/raw/poketwo-data/images/10105.png,10105,Alolan Diglett,diglett-alola,1,0,1,1,c3e2b4ec03bcd33d07e143562faea372d61b5e53e769ac7af24c6771b47c3c43,475,475,RGBA
data/raw/poketwo-data/images/10106.png,10106,Alolan Dugtrio,dugtrio-alola,1,0,1,1,aae7547cea7722c93b1449df2bda714b4e2e8516ee0bb6d7de71d0e9f4218156,475,475,RGBA
data/raw/poketwo-data/images/10107.png,10107,Alolan Meowth,meowth-alola,1,0,1,1,e47202980e201236d1a129babad64d8ed133967b55f432d8ee7ca63ccefc28f3,475,475,RGBA
data/raw/poketwo-data/images/10108.png,10108,Alolan Persian,persian-alola,1,0,1,1,cd6a699c091c792b0f2bd57560f98ca1200627210d9470acf99d7c3799ac1543,475,475,RGBA
data/raw/poketwo-data/images/1011.png,1011,Dipplin,dipplin,,0,1,1,c03c2e37e50d8232521b87d5036b3cb60e7b6a4906ab1a5b92c884f93bf57b77,475,475,RGBA
data/raw/poketwo-data/images/10112.png,10112,Alolan Grimer,grimer-alola,1,0,1,1,ab712ac60c974ab026c26e71091d0fa92664f78e79a940b2ee3e3c29721050e0,475,475,RGBA
data/raw/poketwo-data/images/10113.png,10113,Alolan Muk,muk-alola,1,0,1,1,873da550cc295c184898060b9ab3eb88cd6e664e0f013ad3b1328c9b4a44efd6,475,475,RGBA
data/raw/poketwo-data/images/10114.png,10114,Alolan Exeggutor,exeggutor-alola,1,0,1,1,49f8a0a98f6473f7fa72f1bb5e771f3b730914aad31623d9166a12f7b1483933,475,475,RGBA
data/raw/poketwo-data/images/10118.png,10118,10% Zygarde,zygarde-10-power-construct,1,0,1,1,1321d85f953cd1945e2d99234f7e6f29d60df9375bf825011f1e2fb6fe9fb133,475,475,RGBA
data/raw/poketwo-data/images/1012.png,1012,Poltchageist,poltchageist,,0,1,1,8d1c6cf033f19af533483f1681105b5e663155b158f3b3b57c7164eb83f7c9a7,475,475,RGBA
data/raw/poketwo-data/images/10120.png,10120,Complete Zygarde,zygarde-complete,1,0,1,1,4129841f0a0e8fb326629717409d3a649e9d6f6d5041c0742938a52187767422,475,475,RGBA
data/raw/poketwo-data/images/10123.png,10123,Pom-pom Oricorio,oricorio-pom-pom,1,0,1,1,73f86c1ee1593a425107cd6570774275c97749481aa75917e65e55e52c7e1e46,475,475,RGBA
data/raw/poketwo-data/images/10124.png,10124,Pa'u Oricorio,oricorio-pau,1,0,1,1,3679f0ba0d58d05ba7a7b0e28b74b41d01da71bb978d3b540e4f444ba127221a,475,475,RGBA
data/raw/poketwo-data/images/10125.png,10125,Sensu Oricorio,oricorio-sensu,1,0,1,1,34ad8a6e0daee062bdf48b22a08a88bc5f0f0ada077652099d1b17a1c539cafa,475,475,RGBA
data/raw/poketwo-data/images/10126.png,10126,Midnight Lycanroc,lycanroc-midnight,1,0,1,1,14fe05a2ad525ae0e89f6a546f171c4c52e8afc4747a40cdce92e035f03a0e40,475,475,RGBA
data/raw/poketwo-data/images/10127.png,10127,School Wishiwashi,wishiwashi-school,1,0,1,1,992bdf20a4ef129e6ac8a6f5b0f4c8bee23c77735bc52be3f281581d20c52e5e,475,475,RGBA
data/raw/poketwo-data/images/1013.png,1013,Sinistcha,sinistcha,,0,1,1,9ef93dedb4d4ecf61aac1ac50434f727e48040acb0cfcbc19479424c686f163a,475,475,RGBA
data/raw/poketwo-data/images/1014.png,1014,Okidogi,okidogi,,0,1,1,a3f2ad94d353118ff1a70aa939b7a7c4d35eda0b95d3feea443b7f0ece59e720,475,475,RGBA
data/raw/poketwo-data/images/1015.png,1015,Munkidori,munkidori,,0,1,1,e6dd2b6d131f2e7aeb6de7f2e91096378d011383023983c65362366409eda4c3,475,475,RGBA
data/raw/poketwo-data/images/10152.png,10152,Dusk Lycanroc,lycanroc-dusk,1,0,1,1,79361813ad2e58eb27c6f092d36642e70538c7185af78e5d7bc012be4e290a7b,475,475,RGBA
data/raw/poketwo-data/images/10158.png,10158,Galarian Meowth,meowth-galar,1,0,1,1,6aa41d50de74aebba18a184de21a280fcc9b39eb6c75f33941c8f6192cbdb786,475,475,RGBA
data/raw/poketwo-data/images/10159.png,10159,Galarian Ponyta,ponyta-galar,1,0,1,1,fe1ed54c933ba5c9904b5ef8670f3bd79a17c8abd8d83ed96f322e6cef04646f,475,475,RGBA
data/raw/poketwo-data/images/1016.png,1016,Fezandipiti,fezandipiti,,0,1,1,50fe535dedf6c678627805575275c21a3663f0f4b357ec3ae67da3cc8b1a6ee2,475,475,RGBA
data/raw/poketwo-data/images/10160.png,10160,Galarian Rapidash,rapidash-galar,1,0,1,1,a7f94c272c99cd3ce86b2c378de9004fe5e62221a969caeace0fef127ab5bad6,475,475,RGBA
data/raw/poketwo-data/images/10161.png,10161,Galarian Slowpoke,slowpoke-galar,1,0,1,1,a662a07ef0f77cf7048d856f747f70766a5f69ad8890de70ff93af9ea077b397,475,475,RGBA
data/raw/poketwo-data/images/10162.png,10162,Galarian Slowbro,slowbro-galar,1,0,1,1,1758d5bfad29eaa3d1162e21e1e4f051bcfc7e0a01d01d97d725efca2ae6d338,475,475,RGBA
data/raw/poketwo-data/images/10163.png,10163,Galarian Farfetch'd,farfetchd-galar,1,0,1,1,f9713b866964ac9fbbc5f9ae42e3e7d8dbd82a737671933d1b6b3c230d96b2d2,475,475,RGBA
data/raw/poketwo-data/images/10164.png,10164,Galarian Weezing,weezing-galar,1,0,1,1,e5c19abad964687d91d0e29d9b7f8cc8884f58df420e5c1a5989baa57553e352,475,475,RGBA
data/raw/poketwo-data/images/10165.png,10165,Galarian Mr. Mime,mr-mime-galar,1,0,1,1,7cf3bce2ba73ca407c7bab866faebad238ba95e03e3122d3ecbf386079847c96,475,475,RGBA
data/raw/poketwo-data/images/10166.png,10166,Galarian Articuno,articuno-galar,1,0,1,1,eaab6e59bfe8e34ab835513b7ce002ec721744377af89f86748cd9e34b19ebd8,475,475,RGBA
data/raw/poketwo-data/images/10167.png,10167,Galarian Zapdos,zapdos-galar,1,0,1,1,8e474b66baee60b0b7431dec20b4f51886aa6394e54185cc0f736067e50f0f00,475,475,RGBA
data/raw/poketwo-data/images/10168.png,10168,Galarian Moltres,moltres-galar,1,0,1,1,6da7305165b678b13b97ce05debe8467430dd9b1c2c428bc56d702f7d78f2e33,475,475,RGBA
data/raw/poketwo-data/images/10169.png,10169,Galarian Slowking,slowking-galar,1,0,1,1,46e1f017e98913f93aa6d78e54420d14900419e0e18b5fa198d06b1da22d936e,475,475,RGBA
data/raw/poketwo-data/images/1017.png,1017,Ogerpon,ogerpon,,0,1,1,e5d77e2bbf1339b3a7878341e6f73ab1843278f5c40732f238943b2a27d78d4d,475,475,RGBA
data/raw/poketwo-data/images/10170.png,10170,Galarian Corsola,corsola-galar,1,0,1,1,adaea3b7933b59cb83989168c11ce11d0843802f84670156a21fad24af8ffdea,475,475,RGBA
data/raw/poketwo-data/images/10171.png,10171,Galarian Zigzagoon,zigzagoon-galar,1,0,1,1,475828bb6564271bd6be964af6ef90b627ff8943ec7f1c987a1af0257e94a38b,475,475,RGBA
data/raw/poketwo-data/images/10172.png,10172,Galarian Linoone,linoone-galar,1,0,1,1,8f415efd7db19cac08b00a97c472f314eb277f9965ffd0885a9f86b71932a7d9,475,475,RGBA
data/raw/poketwo-data/images/10173.png,10173,Galarian Darumaka,darumaka-galar,1,0,1,1,a54d0ae02ee5fe70d401dde899d31d8c3945907ccb91f5423f37d9565e8db5dd,475,475,RGBA
data/raw/poketwo-data/images/10174.png,10174,Galarian Darmanitan,darmanitan-galar-standard,1,0,1,1,4c125dfeb012bad3e55252de7c194a323b6b9eda4bfe41d4e888b89881d947ae,475,475,RGBA
data/raw/poketwo-data/images/10175.png,10175,Galarian Zen Darmanitan,darmanitan-galar-zen,1,0,1,1,cd8f2b5f25a3d00269e48a0e6ab8538ee160c189ff9b66e20be92224f8f53bf7,475,475,RGBA
data/raw/poketwo-data/images/10176.png,10176,Galarian Yamask,yamask-galar,1,0,1,1,fff00ba765e240500b3e47b7541813160aaa2bd71042b1e366b122ae1126bf58,475,475,RGBA
data/raw/poketwo-data/images/10177.png,10177,Galarian Stunfisk,stunfisk-galar,1,0,1,1,f38099950fa1db57e38fa536b6511b9a0dd970844303fad4ccecdd55a7c44e74,475,475,RGBA
data/raw/poketwo-data/images/10178.png,10178,Low Key Toxtricity,toxtricity-low-key,1,0,1,1,359de31914803df0e98178eaa442e593247963f74bd069bfd398564ca22abf91,475,475,RGBA
data/raw/poketwo-data/images/10179.png,10179,Noice Face Eiscue,eiscue-noice,1,0,1,1,29eff035a543e0e48804c6a419ee97eb79501eed15ab650e307f520d0a9bdff7,475,475,RGBA
data/raw/poketwo-data/images/1018.png,1018,Archaludon,archaludon,,0,1,1,3869f6933a369250523d1195fd853f8763184045819caf365f51aea4a8724a6e,475,475,RGBA
data/raw/poketwo-data/images/10183.png,10183,Rapid Strike Urshifu,urshifu-rapid-strike,1,0,1,1,9083b3d7ff97ce3cc9e641dd80c072a95e4013a4c576c42c979ac21554cbcbc9,475,475,RGBA
data/raw/poketwo-data/images/1019.png,1019,Hydrapple,hydrapple,,0,1,1,2b2dc391d95ce4da68196d4bcc85e43e28b5f2180c8ed0c961091a5d20e554b8,475,475,RGBA
data/raw/poketwo-data/images/102.png,102,Exeggcute,exeggcute,,0,1,1,ba09dcdbf4a5b2b5c871070a1c431163016733931007f74696b32866d3047cd2,475,475,RGBA
data/raw/poketwo-data/images/1020.png,1020,Gouging Fire,gouging-fire,,0,1,1,d1974b45fcf0bb5f5ab1505721805b089147ae46083f2c1c5c76ec8d618086b8,475,475,RGBA
data/raw/poketwo-data/images/1021.png,1021,Raging Bolt,raging-bolt,,0,1,1,06103470bf4907ed96386e9fa5412f40e5095245f496371aeaf69d5463d83995,475,475,RGBA
data/raw/poketwo-data/images/1022.png,1022,Iron Boulder,iron-boulder,,0,1,1,bcd2c0ba31a23586cf4eec9182d4f5cc390c27133fa91d659878470a38d55a58,475,475,RGBA
data/raw/poketwo-data/images/10223.png,10223,Hisuian Voltorb,voltorb-hisui,1,0,1,1,4f5fa6d73f274ee9b09a733ef9bb42325e4572ffe7eaa41a89704a47cab1e7af,475,475,RGBA
data/raw/poketwo-data/images/10224.png,10224,Hisuian Electrode,electrode-hisui,1,0,1,1,468d6c926da27bf24bc60b8b548a1e29fa632334b1af2e62a217a36f7e545939,475,475,RGBA
data/raw/poketwo-data/images/10225.png,10225,Hisuian Typhlosion,typhlosion-hisui,1,0,1,1,5be6a8f04dcaacdda7d90e4bfabc80a42d075178e59654b950c49331f6b007be,475,475,RGBA
data/raw/poketwo-data/images/10227.png,10227,Hisuian Sneasel,sneasel-hisui,1,0,1,1,730ca370c016ab7f54dad2c8ff55bd5d21564483361c7a2b49d198ebca76d1d5,475,475,RGBA
data/raw/poketwo-data/images/10228.png,10228,Hisuian Samurott,samurott-hisui,1,0,1,1,d4019663f9daa954ac95c13312332748d397a1ff486f9366f290401d5a1372af,475,475,RGBA
data/raw/poketwo-data/images/10229.png,10229,Hisuian Lilligant,lilligant-hisui,1,0,1,1,a4a2b9654e6b4279b8915b78a9a2ac1bfbf424bbd7ffe7cf44514d6326cff50d,475,475,RGBA
data/raw/poketwo-data/images/1023.png,1023,Iron Crown,iron-crown,,0,1,1,053880dc34d59e4a109006304f1bee0a4a2a1c20dd02e708401014b7734aaa7a,475,475,RGBA
data/raw/poketwo-data/images/10230.png,10230,Hisuian Zorua,zorua-hisui,1,0,1,1,fe622bf80954c6663acc2c0d741cc410e8d1d123ea78b7ecb050f72a117220f5,475,475,RGBA
data/raw/poketwo-data/images/10231.png,10231,Hisuian Zoroark,zoroark-hisui,1,0,1,1,287f2a586698f02cdfdacc85608d79742464ec913b3c9f6be7a70b4c9ddb696d,475,475,RGBA
data/raw/poketwo-data/images/10233.png,10233,Hisuian Sliggoo,sliggoo-hisui,1,0,1,1,18b13142dfd06e5b537b2d972f9e76fe3110b52cc38ea50d88608bdc51c07091,475,475,RGBA
data/raw/poketwo-data/images/10234.png,10234,Hisuian Goodra,goodra-hisui,1,0,1,1,deecd6f67c6f9f21958e630739cc8edded9f7935002cf4e655eeb014993270d7,475,475,RGBA
data/raw/poketwo-data/images/10235.png,10235,Hisuian Avalugg,avalugg-hisui,1,0,1,1,def3c72199cc30aa03b0b4b2a2a27b5fa5bd805bdf5cc597709a597911274bcc,475,475,RGBA
data/raw/poketwo-data/images/10236.png,10236,Hisuian Decidueye,decidueye-hisui,1,0,1,1,16d6ea4fc3aa204dfb15505cc12f71a83f8cf91a7fbc508c0819e571022cf0bd,475,475,RGBA
data/raw/poketwo-data/images/10239.png,10239,Partner Pikachu,pikachu-starter,1,0,1,1,aa7ed77f5087ed7334800602ad8b3784972c3fb1bbb5241179a0ae4d348c3c43,475,475,RGBA
data/raw/poketwo-data/images/1024.png,1024,Terapagos,terapagos,,0,1,1,36fc7fa0abb6800da4e921e615a2a787910839a49766c5e27fbc6efccd96ac9d,475,475,RGBA
data/raw/poketwo-data/images/10240.png,10240,Partner Eevee,eevee-starter,1,0,1,1,433fef2b7e4ea3571ffe176a72b8150e9bbd0e09ca2247bdf08296297e9d4532,475,475,RGBA
data/raw/poketwo-data/images/10243.png,10243,Gulping Cramorant,cramorant-gulping,1,0,1,1,cf0278efc8ebe189efb0aca25cfcf3734b84961944697ee23205fe282cacaa8b,475,475,RGBA
data/raw/poketwo-data/images/10244.png,10244,Gorging Cramorant,cramorant-gorging,1,0,1,1,22d8aabb06d2876105db99e835451b23780c0123ba4ee1ecf194cb71cf478ef7,475,475,RGBA
data/raw/poketwo-data/images/10245.png,10245,Hangry Morpeko,morpeko-hangry,1,0,1,1,bd7e8f8fd56954122e863aa51b0e92ea562e87cde0e4c42e1eb870ba0e2c94d4,475,475,RGBA
data/raw/poketwo-data/images/10246.png,10246,Dada Zarude,zarude-dada,1,0,1,1,19267c8b5738a2be29f67f72ad0441a22820befbdcb30b619f77e4e3be337efb,475,475,RGBA
data/raw/poketwo-data/images/10247.png,10247,White-Striped Basculin,basculin-white-striped,1,0,1,1,71dc6174663bf7c8918dc9e4505b4305d38acdf681df7aa213739c8e0d15e5d9,475,475,RGBA
data/raw/poketwo-data/images/1025.png,1025,Pecharunt,pecharunt,,0,1,1,4da759d38cec2607b36d262b4672a1dd1c08939e40e3516e2ac78164e2fd924c,475,475,RGBA
data/raw/poketwo-data/images/10250.png,10250,Combat Breed Tauros,tauros-paldea-combat-breed,1,0,1,1,5e07d0c840368f77d66ab7e1ae13d2d6a9d5a706c0b1637df3ba10bbe1ae505c,475,475,RGBA
data/raw/poketwo-data/images/10251.png,10251,Blaze Breed Tauros,tauros-paldea-blaze-breed,1,0,1,1,b77a36efbd2919b0ec321a84f4c7bd8a87f9e2569ac00f8a756be92f3dfdcc37,475,475,RGBA
data/raw/poketwo-data/images/10252.png,10252,Aqua Breed Tauros,tauros-paldea-aqua-breed,1,0,1,1,7799dfac0c558ee1da5e63d2cef23fd894987f84248adf88b5feadcf5915c7bb,475,475,RGBA
data/raw/poketwo-data/images/10253.png,10253,Paldean Wooper,wooper-paldea,1,0,1,1,a0df9848057e0b70d5dc987c4f63901fb054b9b9265e234bff02ee0974f9af27,475,475,RGBA
data/raw/poketwo-data/images/10255.png,10255,Three-Segment Dudunsparce,dudunsparce-three-segment,1,0,1,1,2a80b7a461238ed4576374cadde91dd441505a6a4a42b4f2e4a579e78a84c867,475,475,RGBA
data/raw/poketwo-data/images/10256.png,10256,Hero Palafin,palafin-hero,1,0,1,1,cd604d08376687dcd8fc0f9ffef275602a76ff62e1cc4171d4f164c3c99b15c1,475,475,RGBA
data/raw/poketwo-data/images/10257.png,10257,Family of Three Maushold,maushold-family-of-three,1,0,1,1,3c9ca1c18df7fff0c090c97833fc360efef0849e4ea470b88cfed40b4076971e,475,475,RGBA
data/raw/poketwo-data/images/10258.png,10258,Droopy Tatsugiri,tatsugiri-droopy,1,0,1,1,890e5c531ad7641a6f79168c2dd08f2e6da1c2acf901f053cdb10f4dbd0262a0,475,475,RGBA
data/raw/poketwo-data/images/10259.png,10259,Stretchy Tatsugiri,tatsugiri-stretchy,1,0,1,1,ea47278b5be20524e805a1154aad1955bdd6956a3e1517863d3fb4e25c71038d,475,475,RGBA
data/raw/poketwo-data/images/10260.png,10260,Blue Plumage Squawkabilly,squawkabilly-blue-plumage,1,0,1,1,eaa788d81938dcad4d21eb72c88ff6e0a700dfc28d9c71c9c5fe981260428d6b,475,475,RGBA
data/raw/poketwo-data/images/10261.png,10261,Yellow Plumage Squawkabilly,squawkabilly-yellow-plumage,1,0,1,1,c13db990f11cb53660e04591fb5c73653156b6a875e02fbdf4140c00b6dd4b72,475,475,RGBA
data/raw/poketwo-data/images/10262.png,10262,White Plumage Squawkabilly,squawkabilly-white-plumage,1,0,1,1,fb2688674a72a892d474a4d1d2e80809f0ef264d39dfad6d0ac9d1e13f3d58d6,475,475,RGBA
data/raw/poketwo-data/images/10263.png,10263,Roaming Gimmighoul,gimmighoul-roaming,1,0,1,1,448d75f3167dfd312e0ddcdef68d508ed845f6463cdf079b9a31bf0853d79f59,475,475,RGBA
data/raw/poketwo-data/images/10265.png,10265,Sprinting Build Koraidon,koraidon-sprinting-build,1,0,1,1,a7fe46345c45f615df31dcc4b5a26c805e5b089a9b61f4e08c7e30beff6881ac,475,475,RGBA
data/raw/poketwo-data/images/10267.png,10267,Gliding Build Koraidon,koraidon-gliding-build,1,0,1,1,11d33f55310ef0ead2ed92266dcc6ebba1fd62518a73684f06382e35b99e1424,475,475,RGBA
data/raw/poketwo-data/images/10269.png,10269,Drive Mode Miraidon,miraidon-drive-mode,1,0,1,1,13718266041d913abf841c7e2d7f2f4ba1dcec0f14e199aa48edd8cefd5737ed,475,475,RGBA
data/raw/poketwo-data/images/10271.png,10271,Glide Mode Miraidon,miraidon-glide-mode,1,0,1,1,f8a2e8758e8e12b8898a00bf8e3a502c37874fbbb62061a71c97752cd179b735,475,475,RGBA
data/raw/poketwo-data/images/10272.png,10272,Bloodmoon Ursaluna,ursaluna-bloodmoon,1,0,1,1,c241f837c74001a5d8a265ba4040afca702080b56611a13dc623a63d135e3c94,475,475,RGBA
data/raw/poketwo-data/images/10273.png,10273,Wellspring Mask Ogerpon,ogerpon-wellspring-mask,1,0,1,1,4e69e6620c2f873d11c3685e4dee3a9352d0d913622360e6302389ae89b145af,475,475,RGBA
data/raw/poketwo-data/images/10274.png,10274,Hearthflame Mask Ogerpon,ogerpon-hearthflame-mask,1,0,1,1,edf592427388ecaae04e6c85e61067186a68517935fc76835907947bd942718f,475,475,RGBA
data/raw/poketwo-data/images/10275.png,10275,Cornerstone Mask Ogerpon,ogerpon-cornerstone-mask,1,0,1,1,738153d5c82205eb294ab75ed36b0420c137796bf1cdf0e2ebb8b63ce6fad533,475,475,RGBA
data/raw/poketwo-data/images/10276.png,10276,Terastal Terapagos,terapagos-terastal,1,0,1,1,00bd73ffe6b585a9fb4089273c659ad5edd8615bebea3096b8686f4d9f3bf231,475,475,RGBA
data/raw/poketwo-data/images/10278.png,10278,Unown A,unown-a,1,0,1,1,e1dbad4c12db4f58d48e4abdb802f95ff92a64fd3f96a39e4a9f010eb71da3fd,475,475,RGBA
data/raw/poketwo-data/images/10279.png,10279,Unown B,unown-b,1,0,1,1,dc67c183bc802beca60ef75786f4148749dbea5f470bd22bc61b6da6a2e50d8e,475,475,RGBA
data/raw/poketwo-data/images/10280.png,10280,Unown C,unown-c,1,0,1,1,2d7545b0020d23c2f3672875bc1bf6ee0ce55994c7a46ef010154132a3522e60,475,475,RGBA
data/raw/poketwo-data/images/10281.png,10281,Unown D,unown-d,1,0,1,1,eb23d188d0414f797e0e78de5d4b9fa4d5d1138f35a5be665b316704ee80d748,475,475,RGBA
data/raw/poketwo-data/images/10282.png,10282,Unown E,unown-e,1,0,1,1,daddbf07512eadc552fb97b25a272b7252ad601d143ac2fedaaf1ad7d5927fc7,475,475,RGBA
data/raw/poketwo-data/images/10283.png,10283,Unown G,unown-g,1,0,1,1,abda466ac45d9981c68e6f31e96978e6b856860a12ac8d39e4927b7d82fc9709,475,475,RGBA
data/raw/poketwo-data/images/10284.png,10284,Unown H,unown-h,1,0,1,1,a672d6f11318181966448f18e462d7086d60073941291b6002244afc0103672b,475,475,RGBA
data/raw/poketwo-data/images/10285.png,10285,Unown I,unown-i,1,0,1,1,661878da4d15273cfd0c44471024828af7889a98ab660d6f690976b60b574ca0,475,475,RGBA
data/raw/poketwo-data/images/10286.png,10286,Unown J,unown-j,1,0,1,1,586bd32aa9ebcdb8ba05c077012794b6ddf36162b9d2e2b4d9c53eb3c8083f3e,475,475,RGBA
data/raw/poketwo-data/images/10287.png,10287,Unown K,unown-k,1,0,1,1,b4cfe4ff5d410b4404b25b40db6972f1844ad165ad4a7b8374132f009420159c,475,475,RGBA
data/raw/poketwo-data/images/10288.png,10288,Unown L,unown-l,1,0,1,1,15b914fb34fb67706c19f34097f89cb374a406c7451554d84d06b532e73350a5,475,475,RGBA
data/raw/poketwo-data/images/10289.png,10289,Unown M,unown-m,1,0,1,1,6ac82cfd9ae402b600ab38b06eb048f25d4fe06cf0ba6e0ac015f9eea80c4cbb,475,475,RGBA
data/raw/poketwo-data/images/10290.png,10290,Unown N,unown-n,1,0,1,1,4a9c03c6b690e0ecbea69e1716566bf627b37baa88f63043f9030c1763b75f3d,475,475,RGBA
data/raw/poketwo-data/images/10291.png,10291,Unown O,unown-o,1,0,1,1,f19e795f0f18a197a95263e5eda9d52b55dfd74b467cc32a9ab55bd0acd966d9,475,475,RGBA
data/raw/poketwo-data/images/10292.png,10292,Unown P,unown-p,1,0,1,1,881cb0b7da555b7c82b730327c7e011475bb283564da3bf4f187f7497ba44b23,475,475,RGBA
data/raw/poketwo-data/images/10293.png,10293,Unown Q,unown-q,1,0,1,1,f87ae513dcf7a9a938b41339b1fa1321027ebe05bd9176e49f4b510a14d27ac6,475,475,RGBA
data/raw/poketwo-data/images/10294.png,10294,Unown R,unown-r,1,0,1,1,59601c18531777716d6de17bb0e54579b0742b461e92b9ea1b8ab6f503a3a472,475,475,RGBA
data/raw/poketwo-data/images/10295.png,10295,Unown S,unown-s,1,0,1,1,dfecec0ea62150603b405a0073c4b907a4f4a5a73ce5ca773573c334eb799641,475,475,RGBA
data/raw/poketwo-data/images/10296.png,10296,Unown T,unown-t,1,0,1,1,9ab94d53e079ed3b2d46d00a09d2b5af00946c7de72f7ea9c806da74b564328a,475,475,RGBA
data/raw/poketwo-data/images/10297.png,10297,Unown U,unown-u,1,0,1,1,ec39b2bcfe403bd4941deeb829f56c7d555ad50f76b47ea191cb92d1eec1d40f,475,475,RGBA
data/raw/poketwo-data/images/10298.png,10298,Unown V,unown-v,1,0,1,1,2669a89e4a296e7a6e1920fcbc224f9447406a9cd439b7007c8d23adba85ce8b,475,475,RGBA
data/raw/poketwo-data/images/10299.png,10299,Unown W,unown-w,1,0,1,1,f57698408bc84fbaab90f7a5acf3881f6012a2d2a82eec8adb5f0f813b7fc767,475,475,RGBA
data/raw/poketwo-data/images/103.png,103,Exeggutor,exeggutor,,0,1,1,1b891bdc8e421a454ebc141e0921bbc6297f4f3eadd8a91109e5356ee912eabe,475,475,RGBA
data/raw/poketwo-data/images/10300.png,10300,Unown X,unown-x,1,0,1,1,1d76670043c0c25d481a66a9a339110a18ad6bdaa59407c58588822dd330851e,475,475,RGBA
data/raw/poketwo-data/images/10301.png,10301,Unown Y,unown-y,1,0,1,1,b6ff534144a4c5f8c5617511b1eda52691fbb3eb3a38f58b46d23f7044140ca0,475,475,RGBA
data/raw/poketwo-data/images/10302.png,10302,Unown Z,unown-z,1,0,1,1,b2138ba43315b305408a04fe57c7a9fbeec1fbb8a637442bd986c7519d16f6fc,475,475,RGBA
data/raw/poketwo-data/images/10303.png,10303,Unown Exclamation,unown-exclamation,1,0,1,1,4a33ca36c66fbbc8ccd769d5ee448a4527889e1ac74fc3ce75a26890bbaef047,475,475,RGBA
data/raw/poketwo-data/images/10304.png,10304,Unown Question,unown-question,1,0,1,1,5a9cee7467b9b34756b28861d75627b06f272bb1a2c5c33d23c40f885722feff,475,475,RGBA
data/raw/poketwo-data/images/10305.png,10305,Yellow Flower Flabébé,flabebe-yellow,1,0,1,1,0f856a7e23ca273ccb290efeec72c40d93709245b23369020aa8ba12155874e4,475,475,RGBA
data/raw/poketwo-data/images/10306.png,10306,Orange Flower Flabébé,flabebe-orange,1,0,1,1,b0357827910817e2bb4ab3e0ddadcb3ab4d568e0fdc48e829ed6cbc8963e1e53,475,475,RGBA
data/raw/poketwo-data/images/10307.png,10307,Blue Flower Flabébé,flabebe-blue,1,0,1,1,84c955e58f2eb1389396669480b2341dc5325e377ddd330d473d11c7f57d2f43,475,475,RGBA
data/raw/poketwo-data/images/10308.png,10308,White Flower Flabébé,flabebe-white,1,0,1,1,e8ed1be7136358a2814e574b4d53cafff4df1ff96078ab9f2c48ed4881791e84,475,475,RGBA
data/raw/poketwo-data/images/10309.png,10309,Yellow Flower Floette,floette-yellow,1,0,1,1,a804c7ddaaf6dae0f25c6e74d5f82e86159109ce7a41121ced94920d4f5736ed,475,475,RGBA
data/raw/poketwo-data/images/10310.png,10310,Orange Flower Floette,floette-orange,1,0,1,1,415f2a59cb0f6fe1d15f725f47b464aa62d1b0abd2586e57f37269ffc280f8ac,475,475,RGBA
data/raw/poketwo-data/images/10311.png,10311,Blue Flower Floette,floette-blue,1,0,1,1,2f54e861764f0c391f866a92a2e90bb59d3f37d5f418a8ff8c62af8387bad645,475,475,RGBA
data/raw/poketwo-data/images/10312.png,10312,White Flower Floette,floette-white,1,0,1,1,fc3a2e023cb52bfaac48217a843fb2b213285d2697f862f05877c056c3fefcbd,475,475,RGBA
data/raw/poketwo-data/images/10313.png,10313,Yellow Flower Florges,florges-yellow,1,0,1,1,e7a7e6b343adb3063ce5f7fb6b5d598d01dbe5ef3a71c50e325ef3cc375c78bb,475,475,RGBA
data/raw/poketwo-data/images/10314.png,10314,Orange Flower Florges,florges-orange,1,0,1,1,9bfca63962661cc696d67fb56d42452c744639172def148a1ff7e2758732f18c,475,475,RGBA
data/raw/poketwo-data/images/10315.png,10315,Blue Flower Florges,florges-blue,1,0,1,1,2c8ec5f00d633a4d5131a9acc7f36307a1ff072faa12df7050c2ae2ef04190f4,475,475,RGBA
data/raw/poketwo-data/images/10316.png,10316,White Flower Florges,florges-white,1,0,1,1,9d4c6bec8cd646c76e04ba369149e8f23dcfa83137cc89a940d17cbe2ebf8771,475,475,RGBA
data/raw/poketwo-data/images/10317.png,10317,Spiky-eared Pichu,pichu-spiky-eared,1,0,1,1,a316f35e9b306ba2dc5164e2dd0d39a75b02732610d29e1d8917e2bdd81501b9,475,475,RGBA
data/raw/poketwo-data/images/10318.png,10318,Sunshine Cherrim,cherrim-sunshine,1,0,1,1,9bc0d0a21fe68029ce37d66f1126952e2cd534b8ede6af98905818938b60336f,475,475,RGBA
data/raw/poketwo-data/images/10319.png,10319,East Sea Shellos,shellos-east,1,0,1,1,744788702e01aa1dd6dc2cf25f95426c6d1506b6bea45ddcb0011ac7f720a10f,475,475,RGBA
data/raw/poketwo-data/images/10320.png,10320,East Sea Gastrodon,gastrodon-east,1,0,1,1,6d0ffc0ad729bc7e2de3f7ce9b26b29e47a2bd604403136a50c3017c35563c1d,475,475,RGBA
data/raw/poketwo-data/images/10321.png,10321,Icy Snow Vivillon,vivillon-icy-snow,1,0,1,1,9667479b1a19631fa5249250b69b60cf45797a3c3ba6c62d3c4d785c14becc56,475,475,RGBA
data/raw/poketwo-data/images/10322.png,10322,Polar Vivillon,vivillon-polar,1,0,1,1,2979e022874d74e1f24f094a4da2a73442ad29f56bcf1d531dac2373c1e81826,475,475,RGBA
data/raw/poketwo-data/images/10323.png,10323,Tundra Vivillon,vivillon-tundra,1,0,1,1,fe76a53d5a298af036f75a0a64ae3ccc69bea96bdf1a586f7d694009374a64aa,475,475,RGBA
data/raw/poketwo-data/images/10324.png,10324,Continental Vivillon,vivillon-continental,1,0,1,1,b5b93553ea1d59c0c2f542df0104d66db5ff7be70b40547c3d3dcfdfff4b588c,475,475,RGBA
data/raw/poketwo-data/images/10325.png,10325,Garden Vivillon,vivillon-garden,1,0,1,1,13489caeacb99eb657fea2de01fa3358287268b92ed51cb9109a43b94c023797,475,475,RGBA
data/raw/poketwo-data/images/10326.png,10326,Elegant Vivillon,vivillon-elegant,1,0,1,1,985096336ad6fe2192c0c7cd4cd3281856aa4ff245ed28f5002b6b03a5f04980,475,475,RGBA
data/raw/poketwo-data/images/10327.png,10327,Modern Vivillon,vivillon-modern,1,0,1,1,4825e072d1e771596f81c4646bc95aa8b98a7a99dda30962347ee0c821a39326,475,475,RGBA
data/raw/poketwo-data/images/10328.png,10328,Marine Vivillon,vivillon-marine,1,0,1,1,30a67a2e635c96b5d380c1ad96bbde039eea11e85ca5290cfcb88b621c81b297,475,475,RGBA
data/raw/poketwo-data/images/10329.png,10329,Archipelago Vivillon,vivillon-archipelago,1,0,1,1,5db6236ef5187dde4f5ca26e221ac8992e85476ae51cecd0d876a25bbcc7a145,475,475,RGBA
data/raw/poketwo-data/images/10330.png,10330,High Plain Vivillon,vivillon-high-plains,1,0,1,1,f7fe7d82ed73dc1db7b93638ba84c69a84df5440a5ee397a6b31b4ae02b0bd38,475,475,RGBA
data/raw/poketwo-data/images/10331.png,10331,Sandstorm Vivillon,vivillon-sandstorm,1,0,1,1,e2b5d235e1e0171acdf6906ac70c87661de4b7bc54e8b2316f8316d78fcd86b3,475,475,RGBA
data/raw/poketwo-data/images/10332.png,10332,River Vivillon,vivillon-river,1,0,1,1,92d5fbd42382385f3c5f572bbf138ab04740ae0096a8fad09e83ae9c7ad45114,475,475,RGBA
data/raw/poketwo-data/images/10333.png,10333,Monsoon Vivillon,vivillon-monsoon,1,0,1,1,f942c732432c4460baeaf7c975305e7b00aa59594fadde48e7efdde3af7de52a,475,475,RGBA
data/raw/poketwo-data/images/10334.png,10334,Savanna Vivillon,vivillon-savanna,1,0,1,1,2359fa30ca5b6a4818ac88ffabc9ed00f5db0ff69baef254a218da62f2f3c5e3,475,475,RGBA
data/raw/poketwo-data/images/10335.png,10335,Sun Vivillon,vivillon-sun,1,0,1,1,51c252c307f10b1598bea945123b88b6711e1294bf02a9d901b29757c978e752,475,475,RGBA
data/raw/poketwo-data/images/10336.png,10336,Ocean Vivillon,vivillon-ocean,1,0,1,1,ba38612fcd1f6d74a1b746edd9e3dff2cd99b82d6dd3e71e63d10c9b337ced3e,475,475,RGBA
data/raw/poketwo-data/images/10337.png,10337,Jungle Vivillon,vivillon-jungle,1,0,1,1,ec71f6df3eba87f56031e9fae06ec76c3a3c226491f3f914dfd1ecebdac21afe,475,475,RGBA
data/raw/poketwo-data/images/10338.png,10338,Fancy Vivillon,vivillon-fancy,1,0,1,1,b6cd51f8ed41f7b35b865ddea3e4b1772a2dc793ac007696f4604584bfbac2fb,475,475,RGBA
data/raw/poketwo-data/images/10339.png,10339,Poké Ball Vivillon,vivillon-poke-ball,1,0,1,1,24be32d0943ebc5e8083fb3fcf5d8e54046a1f971465d4055faeb8c597ef3a38,475,475,RGBA
data/raw/poketwo-data/images/10340.png,10340,Summer Deerling,deerling-summer,1,0,1,1,75b7f2327c087e540e88df4d44df3000455878a86f1167c03e1856ef200b74d9,475,475,RGBA
data/raw/poketwo-data/images/10341.png,10341,Autumn Deerling,deerling-autumn,1,0,1,1,b882a9c5a0a1678a5a12402b25f961bd614f9117401865c4b7af1d3544844186,475,475,RGBA
data/raw/poketwo-data/images/10342.png,10342,Winter Deerling,deerling-winter,1,0,1,1,7bbb3a5ffba9c25d4b5d9564845de6de9886c7337f046d08188ff4cd7d073eef,475,475,RGBA
data/raw/poketwo-data/images/10343.png,10343,Summer Sawsbuck,sawsbuck-summer,1,0,1,1,84a9d3f2393b98e38f9ab72332186111cb90bb00d34d37e92bb031a9c4f12309,475,475,RGBA
data/raw/poketwo-data/images/10344.png,10344,Autumn Sawsbuck,sawsbuck-autumn,1,0,1,1,25e3fb5418fbc5ad7de059d6bf9582886b90cfb95c15ad3a95902882d8a7cb48,475,475,RGBA
data/raw/poketwo-data/images/10345.png,10345,Winter Sawsbuck,sawsbuck-winter,1,0,1,1,cadaeb71eb56bd26c7e97777723c600a074d2d51fec0d2161655a260a754a2b3,475,475,RGBA
data/raw/poketwo-data/images/10346.png,10346,Neutral Xerneas,xerneas-neutral,1,0,1,1,872eb6af3c987b15a2ed0ec4efda7ab97ffd55b421f77115a215a1d08bf18bb7,475,475,RGBA
data/raw/poketwo-data/images/10381.png,10381,Heart Trim Furfrou,furfrou-heart,1,0,1,1,9652699b5a8035e2939dbfbc8d3ea520f6bee295a10e6e6ac88c496ae26cc5f4,475,475,RGBA
data/raw/poketwo-data/images/10382.png,10382,Star Trim Furfrou,furfrou-star,1,0,1,1,7857e568482c17bef028798adc1ea29af7e45a5a0bd6245a00aa440a1f9ea4ca,475,475,RGBA
data/raw/poketwo-data/images/10383.png,10383,Diamond Trim Furfrou,furfrou-diamond,1,0,1,1,0490ff12b643efe0dab95788aa3b57f857b0b019ea4a2a393a61610293cc3d92,475,475,RGBA
data/raw/poketwo-data/images/10384.png,10384,Debutante Trim Furfrou,furfrou-debutante,1,0,1,1,e66b80594317ba17c3ee665492f14431681e8a955fa0d64e6670125d7a938a4e,475,475,RGBA
data/raw/poketwo-data/images/10385.png,10385,Matron Trim Furfrou,furfrou-matron,1,0,1,1,1c927cc8222e57c40423920f71610e0069867beb82537ac01116836d99548725,475,475,RGBA
data/raw/poketwo-data/images/10386.png,10386,Dandy Trim Furfrou,furfrou-dandy,1,0,1,1,f4a78852a9f528397808368e39b2189988c679d5cbc8d5d4355424224fecfeae,475,475,RGBA
data/raw/poketwo-data/images/10387.png,10387,La Reine Trim Furfrou,furfrou-la-reine,1,0,1,1,41ee3775727d44aa87c7f2a498f511446b84bdd55c236fe4d869516a68796d28,475,475,RGBA
data/raw/poketwo-data/images/10388.png,10388,Kabuki Trim Furfrou,furfrou-kabuki,1,0,1,1,3ac69187a90825e360cdfe6e3aae9e0e6a5b47015d535cea6cb6fed6974ec138,475,475,RGBA
data/raw/poketwo-data/images/10389.png,10389,Pharaoh Trim Furfrou,furfrou-pharaoh,1,0,1,1,ea0e3509dd5f6610b276f1f7aaa91fbdb185e3da5a71501962330e0edd80c016,475,475,RGBA
data/raw/poketwo-data/images/10398.png,10398,Vanilla Cream Berry Sweet Alcremie,alcremie-vanilla-cream-berry-sweet,1,0,1,1,41e1c6ee55c0c540a28f4c53f5d9625422b66a5f3bb80d9e5382b68232f9feca,475,475,RGBA
data/raw/poketwo-data/images/10407.png,10407,Vanilla Cream Love Sweet Alcremie,alcremie-vanilla-cream-love-sweet,1,0,1,1,2e077122a94a5f923b85eb5bd433df86458a13f2bb0191dd9ae22ff137f71a64,475,475,RGBA
data/raw/poketwo-data/images/10416.png,10416,Vanilla Cream Star Sweet Alcremie,alcremie-vanilla-cream-star-sweet,1,0,1,1,6759e130fcfe12ad43b593da7bbe2d7de47b7035337c1621e3608b835d67f898,475,475,RGBA
data/raw/poketwo-data/images/10425.png,10425,Vanilla Cream Clover Sweet Alcremie,alcremie-vanilla-cream-clover-sweet,1,0,1,1,8b36cab44173b98f1c925da35bce7599af043ce2e5f267d136dd59fe045454a8,475,475,RGBA
data/raw/poketwo-data/images/10434.png,10434,Vanilla Cream Flower Sweet Alcremie,alcremie-vanilla-cream-flower-sweet,1,0,1,1,fdb4d78ece2341a2a465a39d2502db3ebc6619fd29e07f294ebd1fccea6706e3,475,475,RGBA
data/raw/poketwo-data/images/10443.png,10443,Vanilla Cream Ribbon Sweet Alcremie,alcremie-vanilla-cream-ribbon-sweet,1,0,1,1,146c22fcd56f59e8352935840a5cde5d12e623521d5e7bdd85be816f3b52fb4d,475,475,RGBA
data/raw/poketwo-data/images/10452.png,10452,Sandy Burmy,burmy-sandy,1,0,1,1,2b23ffcf825b74c9347c0df1c708b1bbe055878769b388586e853ca4dd366f11,475,475,RGBA
data/raw/poketwo-data/images/10453.png,10453,Trash Burmy,burmy-trash,1,0,1,1,4873ae83f389a078f246cf0fdd4c290bf8fd9184805e85baaa1c9302a4c36c93,475,475,RGBA
data/raw/poketwo-data/images/108.png,108,Lickitung,lickitung,,0,1,1,05a6f5a035773218d258bc55aad48e88c6773a7d870a2118a3c29a19728eaa94,475,475,RGBA
data/raw/poketwo-data/images/11.png,11,Metapod,metapod,,0,1,1,5201762be12dce1e5ab9cea1ccc72122a1624fb5c22bae473e95b7c78edd8965,475,475,RGBA
data/raw/poketwo-data/images/113.png,113,Chansey,chansey,,0,1,1,af81959e1aa851bf5d4ed9709199136c9a818b4ac90dd79d5064bcb2ca19a1b6,475,475,RGBA
data/raw/poketwo-data/images/12.png,12,Butterfree,butterfree,,0,1,1,4930581c91f5fedf76407499139b4509fbd6e6b9ddf61d76f5a06dc17c1f8388,475,475,RGBA
data/raw/poketwo-data/images/120.png,120,Staryu,staryu,,0,1,1,2b95087fcde743978be215ed78265f36b741c5fe0f1691d1cb5f4e63956ecfae,475,475,RGBA
data/raw/poketwo-data/images/121.png,121,Starmie,starmie,,0,1,1,8f93b0bf74981337b6901f0ad8244c71bf8aa7c8a45c3ccf5041b21127e6ad08,475,475,RGBA
data/raw/poketwo-data/images/122.png,122,Mr. Mime,mr-mime,,0,1,1,c6fb89f86aa1968cc30af3f19b852efb12ef64d8eb49fecc2ed453ee66f38eb3,475,475,RGBA
data/raw/poketwo-data/images/123.png,123,Scyther,scyther,,0,1,1,0851d56abaf8e28d2a1dbcabba982f6c9fa57e8c4d6e98f4810d0bc05a030963,475,475,RGBA
data/raw/poketwo-data/images/125.png,125,Electabuzz,electabuzz,,0,1,1,078932fa4c0bd7a258be574a34ce389cf89bffcef9c6c08df5dae58be154573d,475,475,RGBA
data/raw/poketwo-data/images/126.png,126,Magmar,magmar,,0,1,1,d73c6a0fc3bf65ee117636b5a2874a2171f809e6024542086e9f60aa797e9312,475,475,RGBA
data/raw/poketwo-data/images/13.png,13,Weedle,weedle,,0,1,1,1e27596b9cf94a3184dcd3b717621c4fcc73b4dbf173efdf06883b17971a713d,475,475,RGBA
data/raw/poketwo-data/images/131.png,131,Lapras,lapras,,0,1,1,9423a467f17dc6b2eeb2a616c40c5d6e0c95d2cc74385a4336ff358bf4496b4e,475,475,RGBA
data/raw/poketwo-data/images/132.png,132,Ditto,ditto,,0,1,1,505c05668800987c2d3e8455f579f878698b6480f2cc03b3c3b490d1cc052c08,475,475,RGBA
data/raw/poketwo-data/images/133.png,133,Eevee,eevee,,0,1,1,debb6b3a928d413f27663ef5a3b1a11297f0fadc5ce131a7f177b0e75eb5b05b,475,475,RGBA
data/raw/poketwo-data/images/134.png,134,Vaporeon,vaporeon,,0,1,1,c238062cd8ec571ea16e6aaabb1925ca04a136cf840812305480ccd76b1b1c33,475,475,RGBA
data/raw/poketwo-data/images/137.png,137,Porygon,porygon,,0,1,1,8bfe5109b80e129e2d50a589e8082a90a6fae5d335be59c259839128c6d0f3ae,475,475,RGBA
data/raw/poketwo-data/images/138.png,138,Omanyte,omanyte,,0,1,1,3b524de413b90dc288d712b757ca38d3a3dce3b82809dd1517ea17c26c1fc1c8,475,475,RGBA
data/raw/poketwo-data/images/139.png,139,Omastar,omastar,,0,1,1,3dd9ba9510d8ed1d43c0ffa1a65843730cb05bd0e0dbe22dfb14ee9d20ba85c5,475,475,RGBA
data/raw/poketwo-data/images/14.png,14,Kakuna,kakuna,,0,1,1,443590c2ae6e8336e375391d7b45de365cce3f71764e4c98687de3d5938d5d05,475,475,RGBA
data/raw/poketwo-data/images/141.png,141,Kabutops,kabutops,,0,1,1,19cbdbb8a1175ec83001d71ab7a8f5f70396e7ad779034dd1bee5af69cf6242f,475,475,RGBA
data/raw/poketwo-data/images/143.png,143,Snorlax,snorlax,,0,1,1,c91d83153996ddb82cb31365e3075dbc4b3957174b05f5f85655d2ac26b70952,475,475,RGBA
data/raw/poketwo-data/images/147.png,147,Dratini,dratini,,0,1,1,06a2dddee8772ec2e075764c7ccdd0e7274ccb96a5826a23c8b559f61c71d129,475,475,RGBA
data/raw/poketwo-data/images/148.png,148,Dragonair,dragonair,,0,1,1,db3c8fab28e2ed6ed194fd0360aab6a7ee0370eb4cd02481a57a2234bdcddc8b,475,475,RGBA
data/raw/poketwo-data/images/15.png,15,Beedrill,beedrill,,0,1,1,e0d7e991350a662d529a4460858fc2592b79264a5ded6d35cbc510ad6fec54cb,475,475,RGBA
data/raw/poketwo-data/images/150.png,150,Mewtwo,mewtwo,,0,1,1,297f52679eb8fc6831c46cc850288fcc4ebcd51106727645a4eca1f0ac69790d,475,475,RGBA
data/raw/poketwo-data/images/151.png,151,Mew,mew,,0,1,1,ebf1aebce2c8d6176a272eb512e4b9476d87d6e45bef0ff7c4a2ce88368e3dc6,475,475,RGBA
data/raw/poketwo-data/images/152.png,152,Chikorita,chikorita,,0,1,1,8dcf5eb19ff273bb076438f64e3a0b16b6b9d4974252fc69fe4459457df70a09,475,475,RGBA
data/raw/poketwo-data/images/153.png,153,Bayleef,bayleef,,0,1,1,32c4d95d1c3501153bc80173df04d8fb549b9ac93b15d7687fe9d56b15c640c6,475,475,RGBA
data/raw/poketwo-data/images/154.png,154,Meganium,meganium,,0,1,1,32b1dc3d4b79d1dbfb569bae293432493844a904abb42d0c444d2c712e3e27b0,475,475,RGBA
data/raw/poketwo-data/images/156.png,156,Quilava,quilava,,0,1,1,847d65cde903c6ffe6b87378183b0d3ef17ad35e60fdd9cec660c7626d463da5,475,475,RGBA
data/raw/poketwo-data/images/157.png,157,Typhlosion,typhlosion,,0,1,1,4f535a92bb6e5dc6daa95fef7ce081d8923e3b7ca6498a392fecc0a1fc3d2a78,475,475,RGBA
data/raw/poketwo-data/images/16.png,16,Pidgey,pidgey,,0,1,1,5f4d87d763307ed58ed3c4ecec20c5bd197cbccb4cef2a379a999085907d0b08,475,475,RGBA
data/raw/poketwo-data/images/163.png,163,Hoothoot,hoothoot,,0,1,1,c5fd2aba1dbbccbc594e9274acedb33c992c5d129f22382e5d52424a52b04409,475,475,RGBA
data/raw/poketwo-data/images/164.png,164,Noctowl,noctowl,,0,1,1,9c8185c721878c0b1a2faa607a2b8d395c815065f5103608972e7de5f94fe2cb,475,475,RGBA
data/raw/poketwo-data/images/165.png,165,Ledyba,ledyba,,0,1,1,d46b70ad564d22964c30496e31ef0e3029ceead398e36c8f4f1c672e57080d21,475,475,RGBA
data/raw/poketwo-data/images/167.png,167,Spinarak,spinarak,,0,1,1,819f1ad10a457f24c33969156c9c13468f56d9174d9fc8711b4b07f311b58d0c,475,475,RGBA
data/raw/poketwo-data/images/168.png,168,Ariados,ariados,,0,1,1,c303a18229358a7f0c6e9db3cedfd40d18ed82342d7667c5d613fd2d3c13e04d,475,475,RGBA
data/raw/poketwo-data/images/170.png,170,Chinchou,chinchou,,0,1,1,9ecbec2170bc72be0e430a7ce1e99d3bdfcc6da091e42679fd955d28e81f4aa5,475,475,RGBA
data/raw/poketwo-data/images/171.png,171,Lanturn,lanturn,,0,1,1,9f8d7edc2fbb012e656e23ee0167a4d34fa6646a8a5852d44b9eaf3bdbbe8b2d,475,475,RGBA
data/raw/poketwo-data/images/172.png,172,Pichu,pichu,,0,1,1,ef3ad2fb0af22e56633b0a8696b1e87b2f3350f4216af74fd74ef3c9c4ee8cfe,475,475,RGBA
data/raw/poketwo-data/images/173.png,173,Cleffa,cleffa,,0,1,1,ecbdf7237e26d48de6ac588631dadd89f43962d4407198bbc91e7fcf054beb5c,475,475,RGBA
data/raw/poketwo-data/images/174.png,174,Igglybuff,igglybuff,,0,1,1,46d3f11627db5d9acbb820a11e7b16f1f403f0f137acd95886567286cba1f970,475,475,RGBA
data/raw/poketwo-data/images/175.png,175,Togepi,togepi,,0,1,1,d0ff355d8795ecc539cbc9550b23a0c6aee2dc2b0e7536630961fe5a30a2e705,475,475,RGBA
data/raw/poketwo-data/images/176.png,176,Togetic,togetic,,0,1,1,2d52735f8f61c19406312dee9c7651fc2ec82fa4a93b0306efe6841b0a16e715,475,475,RGBA
data/raw/poketwo-data/images/177.png,177,Natu,natu,,0,1,1,14966bb06a01780a4db84dc2e1fd3e0f180a8725550d9df26cd45f1323339dac,475,475,RGBA
data/raw/poketwo-data/images/178.png,178,Xatu,xatu,,0,1,1,788f2f3c047d02339ecf75ba9f5e8e1a945ac998eabd0005c2e092a01ffb1eaf,475,475,RGBA
data/raw/poketwo-data/images/179.png,179,Mareep,mareep,,0,1,1,c24bfda40bbc3086f54fde04ac75733a68585da1ac6aa07e9b6e7e805a866efe,475,475,RGBA
data/raw/poketwo-data/images/180.png,180,Flaaffy,flaaffy,,0,1,1,5ca754d8898ef1b5007e4a9e1b2b2ccf3e2a8f10d6bc7191e1907d4798299e89,475,475,RGBA
data/raw/poketwo-data/images/181.png,181,Ampharos,ampharos,,0,1,1,57d1e4f645b3cb6989d1a082766032370e39d72a4a097a7288495d79f3e9781f,475,475,RGBA
data/raw/poketwo-data/images/182.png,182,Bellossom,bellossom,,0,1,1,79a3abb187c441a48ed92fd2e80551070216cb88ffd3861112e881a7b0a82072,475,475,RGBA
data/raw/poketwo-data/images/183.png,183,Marill,marill,,0,1,1,414b1aa6ac14e4527b2c23de3e3bb507ea93ac90c868e24910ac8731e35b3541,475,475,RGBA
data/raw/poketwo-data/images/184.png,184,Azumarill,azumarill,,0,1,1,c104b7ff84a6707c1b839c79611db172b57213539bfbfb27a24ee4ad50fb0c0f,475,475,RGBA
data/raw/poketwo-data/images/185.png,185,Sudowoodo,sudowoodo,,0,1,1,4bd05dff581434299089a726ec0c2516c750ce4c48574ca777445a27837d5346,475,475,RGBA
data/raw/poketwo-data/images/186.png,186,Politoed,politoed,,0,1,1,5aa5d744583449c6941e8d757e9799d73900547eb154b605da6ddeed941a8155,475,475,RGBA
data/raw/poketwo-data/images/187.png,187,Hoppip,hoppip,,0,1,1,6fecfafa0251aa7c170df34fe15585ccf26e746788668f50470b20dde340ff92,475,475,RGBA
data/raw/poketwo-data/images/188.png,188,Skiploom,skiploom,,0,1,1,b8040246afe06f3126b088f676fbf9e2e55f76d837ea95764d94cf06e94324e2,475,475,RGBA
data/raw/poketwo-data/images/189.png,189,Jumpluff,jumpluff,,0,1,1,35aaf08504d5d64b48be988abf15bb2f94737d86ee55c22a9f06653c1a224758,475,475,RGBA
data/raw/poketwo-data/images/19.png,19,Rattata,rattata,,0,1,1,de861f7251b63527baa30f5d55b1c56dbfc1c841c0733e04ea7b3457fcae0285,475,475,RGBA
data/raw/poketwo-data/images/190.png,190,Aipom,aipom,,0,1,1,3a673dc851c844099c16d113e12e942f69b40af8cfec9a8b45034070e76983c7,475,475,RGBA
data/raw/poketwo-data/images/191.png,191,Sunkern,sunkern,,0,1,1,94558f2e0d6fd01ff8d8cc431947870316346bd21a169d4f7e1e40fb4a610844,475,475,RGBA
data/raw/poketwo-data/images/192.png,192,Sunflora,sunflora,,0,1,1,e6e51b3e5f139434a5d0387bcc3638c8236ec4789f8d414f6d1475ab1e8b109a,475,475,RGBA
data/raw/poketwo-data/images/193.png,193,Yanma,yanma,,0,1,1,02c0c94946aea678f5c6398af1060d6bd830c97438cfba1a19de96dda0cee011,475,475,RGBA
data/raw/poketwo-data/images/196.png,196,Espeon,espeon,,0,1,1,221ea7a610afa81385d885a61b6d72156fff8b3d9412891eb2c1e2f9a3746bf6,475,475,RGBA
data/raw/poketwo-data/images/197.png,197,Umbreon,umbreon,,0,1,1,0779d317ab69280a6c08667cd2e3d03584466d2022cd47c2a1278632e0ab7f61,475,475,RGBA
data/raw/poketwo-data/images/198.png,198,Murkrow,murkrow,,0,1,1,e1be71a1cbf7c4d09e96d78e4a55f4a5ce2af2349f50b1e3bba4734dc086d8f2,475,475,RGBA
data/raw/poketwo-data/images/199.png,199,Slowking,slowking,,0,1,1,fef876b58e5e98b13fb1cd575e11ac44088c6fd58f947804e5e25881ed201f17,475,475,RGBA
data/raw/poketwo-data/images/2.png,2,Ivysaur,ivysaur,,0,1,1,60f50d921306a02a36947cbe3b9a05bd5711590ef9afd1193c22d5949533872e,475,475,RGBA
data/raw/poketwo-data/images/20.png,20,Raticate,raticate,,0,1,1,48ee0611dadf0bb611837e992d0be6c0b7eed33378a96ee50b7f2d4065c1fdd6,475,475,RGBA
data/raw/poketwo-data/images/20000.png,20000,Zygarde Cell,zygarde-cell,1,0,1,1,ad61872bcce0efbf841c9d4e8eafe9671b2dd81c9ecb869b3aba7737622a94a6,475,475,RGBA
data/raw/poketwo-data/images/20001.png,20001,Zygarde Core,zygarde-core,1,0,1,1,44666bbf1345027325b6cd02bae0c6fe45e2f7c850dca5906f852c0f2cef555a,475,475,RGBA
data/raw/poketwo-data/images/20002.png,20002,Zenith Marshadow,marshadow-zenith,1,0,1,1,fbecbb785e44471d9765c75eec95d5de118ef51a23a71e050d7f021e3f99058c,475,475,RGBA
data/raw/poketwo-data/images/20003.png,20003,Battle Cyclizar,cyclizar-battle,1,0,1,1,b2d0cdfeab17c5ff724d0cb55f2ab9419f2273615ef1955224e67c5ae1b57331,475,475,RGBA
data/raw/poketwo-data/images/20004.png,20004,Ride Cyclizar,cyclizar-ride,1,0,1,1,a19e255141bbaf4aff962e2a42e023b81e6ba2fcb761a95a7cf67062c69290ef,475,475,RGBA
data/raw/poketwo-data/images/20006.png,20006,Rotom Pokédex,rotom-pokedex,1,0,1,1,b9da8bd41f461032e6e64f17a2fb6c5f89d63429b72bd2b2286ae062580678ca,475,475,RGBA
data/raw/poketwo-data/images/20007.png,20007,Rotom Phone,rotom-phone,1,0,1,1,6306e7afec4dcda2bba680c3caa256bcead180e66503e2ebdf3c41b2bd24b409,475,475,RGBA
data/raw/poketwo-data/images/20008.png,20008,Rotom Drone,rotom-drone,1,0,1,1,900f0554b77aa147760f8b9b186144f9eb044ace8f3f6d63e979c41953ed238d,475,475,RGBA
data/raw/poketwo-data/images/202.png,202,Wobbuffet,wobbuffet,,0,1,1,ebe556e54e7f5d210c0458918959e56db76e18f69b679bb7eff0d43c8d6cedc1,475,475,RGBA
data/raw/poketwo-data/images/203.png,203,Girafarig,girafarig,,0,1,1,d015a41de129267fa68b77e77ed707cb8f7f96d3e4d25ac710aa41079375fe2d,475,475,RGBA
data/raw/poketwo-data/images/204.png,204,Pineco,pineco,,0,1,1,47810d92a72176b4339c7d70ea614e490c40eb2f85d476989b5382118603fe90,475,475,RGBA
data/raw/poketwo-data/images/205.png,205,Forretress,forretress,,0,1,1,7c6a6395634920144b525beaf15e6f34d708de6ef9209b0a37ee1658006460ae,475,475,RGBA
data/raw/poketwo-data/images/206.png,206,Dunsparce,dunsparce,,0,1,1,fbf5db3436269035916faabe1eafc76c8852867bfa0905025eb86bf34489e262,475,475,RGBA
data/raw/poketwo-data/images/207.png,207,Gligar,gligar,,0,1,1,a0ca4fbbda97e8c45a9d0d34018ad2695abcf28439182e058f5d2f6aff3991c4,475,475,RGBA
data/raw/poketwo-data/images/209.png,209,Snubbull,snubbull,,0,1,1,2f288f6db11a0f8b7257abd37ee944287a149b319e68f5fa048eb99ec73720a5,475,475,RGBA
data/raw/poketwo-data/images/210.png,210,Granbull,granbull,,0,1,1,54f78858c4c3b740d7d4b616bf59b365542bfcd4b85d743344205225bb4aad0d,475,475,RGBA
data/raw/poketwo-data/images/212.png,212,Scizor,scizor,,0,1,1,7a1c0d0d3b9843122518227817b859f855e11eddcdfe52c85fea666a85f96d3f,475,475,RGBA
data/raw/poketwo-data/images/213.png,213,Shuckle,shuckle,,0,1,1,06268354ad4b8022a73cb434350d2792c6c127861636e055a7f977e29c835426,475,475,RGBA
data/raw/poketwo-data/images/214.png,214,Heracross,heracross,,0,1,1,20bb60cd9729a47c506c21db11ec59e8578c5df787f00215b30eb201c4c133f3,475,475,RGBA
data/raw/poketwo-data/images/215.png,215,Sneasel,sneasel,,0,1,1,1c1c532be38d70b7b6afd62c421a4ebeaa907e489b05c99b17f9fe7f5c0db60f,475,475,RGBA
data/raw/poketwo-data/images/216.png,216,Teddiursa,teddiursa,,0,1,1,6eed6f9063ae646723ee3397e75252eb2a65fb842ca9f04d96ab4335196f250d,475,475,RGBA
data/raw/poketwo-data/images/217.png,217,Ursaring,ursaring,,0,1,1,a4d48345ffb7e7cc95375c8f736ff42e495e8b60fab6447096cd10f4051571d7,475,475,RGBA
data/raw/poketwo-data/images/218.png,218,Slugma,slugma,,0,1,1,fb5a9e5adb89409e3d6bc812bce7af603c0b4b96a02d881ddf02b01a20f503c3,475,475,RGBA
data/raw/poketwo-data/images/219.png,219,Magcargo,magcargo,,0,1,1,67eb71ad8d15ece1ab7658c3f4fbd480451b73a758dba54b250145a937de61a5,475,475,RGBA
data/raw/poketwo-data/images/220.png,220,Swinub,swinub,,0,1,1,53a190f2ccf9f6102bac6cc5be9eb383c31aa04960a6dc15defcd36aab4d45cd,475,475,RGBA
data/raw/poketwo-data/images/221.png,221,Piloswine,piloswine,,0,1,1,2c6961eb8e3e05f15d2b0b33cfd7960a024ab680306368212e916431f0fa75d7,475,475,RGBA
data/raw/poketwo-data/images/222.png,222,Corsola,corsola,,0,1,1,70b7c7448634c08bf85d2632fcba984f52384ec845eb4c8450dd38d8ec1e2fe5,475,475,RGBA
data/raw/poketwo-data/images/224.png,224,Octillery,octillery,,0,1,1,f81650ceee411a343bf24b2179d49fd0e811818731ca99d2f575cbe43ec667ee,475,475,RGBA
data/raw/poketwo-data/images/225.png,225,Delibird,delibird,,0,1,1,7c7e32ed2edc45509f5a8dc2dbda176751053021c34ff9cd1795c7a43831d991,475,475,RGBA
data/raw/poketwo-data/images/231.png,231,Phanpy,phanpy,,0,1,1,ad67ecb9b7e98b7b0400921c31804d5c0197ca7edb9e81a3237aa0c16e340c43,475,475,RGBA
data/raw/poketwo-data/images/232.png,232,Donphan,donphan,,0,1,1,e6bfe3e741f07c333f64e70ea17493ae81b0f5e85fa8045f167ce61b4e24618e,475,475,RGBA
data/raw/poketwo-data/images/233.png,233,Porygon2,porygon2,,0,1,1,7614bd5bfafd14c43849c8c5c2c831283282c5bf10f56a627fc10871251ec163,475,475,RGBA
data/raw/poketwo-data/images/234.png,234,Stantler,stantler,,0,1,1,a2cd03a2b695db21210b6fcaa2873df237268469199172f77995ce44c81efdce,475,475,RGBA
data/raw/poketwo-data/images/235.png,235,Smeargle,smeargle,,0,1,1,5ef391ba263756144df137260978c23850fc921e00d059dca38914f36dd02d11,475,475,RGBA
data/raw/poketwo-data/images/236.png,236,Tyrogue,tyrogue,,0,1,1,ea2ecb6a46aa3402e3293ab37c94f1d3c8c61b003a5de08c09340717b2957b72,475,475,RGBA
data/raw/poketwo-data/images/237.png,237,Hitmontop,hitmontop,,0,1,1,45a0f71d34f6f10704052b4639b91e2a4ba51297fa3947bb0e76541028368eb4,475,475,RGBA
data/raw/poketwo-data/images/238.png,238,Smoochum,smoochum,,0,1,1,b73df5976b52dd8452b0d8b5bce64889323cf890b3748dafcc2b4641bdb9a9a5,475,475,RGBA
data/raw/poketwo-data/images/239.png,239,Elekid,elekid,,0,1,1,5b9f74e9e68c2adaea42cd7336a5d7a37631465d5511dbb7b91822b47840bd5d,475,475,RGBA
data/raw/poketwo-data/images/240.png,240,Magby,magby,,0,1,1,fd46a9f3f5f4a6584154a1a3b312fd4656ae8b99031e74786c80580363513910,475,475,RGBA
data/raw/poketwo-data/images/241.png,241,Miltank,miltank,,0,1,1,18bf159f921cc756f2cb23a59a1c8edc7833e3806da7d1c63bf0df80f0053a22,475,475,RGBA
data/raw/poketwo-data/images/242.png,242,Blissey,blissey,,0,1,1,81df07714955651f320938f6c0cb16f5fd92283a5e9f812bf5fab82eb98e38e7,475,475,RGBA
data/raw/poketwo-data/images/243.png,243,Raikou,raikou,,0,1,1,c918166af21f53d335ed48e8b72e00feb61fa97085828e741cf5d5ce3e6008d8,475,475,RGBA
data/raw/poketwo-data/images/244.png,244,Entei,entei,,0,1,1,fd343bc48fbcdef35b495b2ad9b2433076c447c0ba6e7705814f7c2d84fa3ef6,475,475,RGBA
data/raw/poketwo-data/images/245.png,245,Suicune,suicune,,0,1,1,39800501661230db83017a9884617b339a91516c56b9cdd7daa204b32a61649f,475,475,RGBA
data/raw/poketwo-data/images/246.png,246,Larvitar,larvitar,,0,1,1,819bd7d5bdfb2de2828239bed2aaaf56ccc6e4f20cef3b72bdf652ad38cd35a9,475,475,RGBA
data/raw/poketwo-data/images/247.png,247,Pupitar,pupitar,,0,1,1,2a5be62fb179303e7843ef5be353ca4a1431cfddd1d7e6b6e2f1a24ac382ac8a,475,475,RGBA
data/raw/poketwo-data/images/248.png,248,Tyranitar,tyranitar,,0,1,1,e2f19b0a78515adf79e9e46f4a9a8e5e021c998dfef0df2c85205b9d29c95e17,475,475,RGBA
data/raw/poketwo-data/images/25.png,25,Pikachu,pikachu,,0,1,1,11b96a6f505c7242f93340ac85ec03128da3b139209b166d87edac4928cc7fae,475,475,RGBA
data/raw/poketwo-data/images/251.png,251,Celebi,celebi,,0,1,1,8149304c964fc3de9cdd8ffce92f1405f4fea192275ce51109d7c70e2be64cd4,475,475,RGBA
data/raw/poketwo-data/images/252.png,252,Treecko,treecko,,0,1,1,eba2d181c0fc75e771bcc4cc85f48abf8dd68e413423d577088f395a13155cf1,475,475,RGBA
data/raw/poketwo-data/images/253.png,253,Grovyle,grovyle,,0,1,1,24ade33de8d28e0bf5f2a28a0050d382f46b2f14f3c9655e7169dedc95d63524,475,475,RGBA
data/raw/poketwo-data/images/254.png,254,Sceptile,sceptile,,0,1,1,22eb6785f80091ea04b7845a211d95461689aaec836a3936b4b1cd05afe7e173,475,475,RGBA
data/raw/poketwo-data/images/255.png,255,Torchic,torchic,,0,1,1,05a6bc58d86857c08601bc4e3de6cb0d087b485aae7046f35881fe2479764d2b,475,475,RGBA
data/raw/poketwo-data/images/256.png,256,Combusken,combusken,,0,1,1,be8ac3db8984e1c5326de40159a8704485cdf2136b363d6b08ea9dc5b1f4f6fd,475,475,RGBA
data/raw/poketwo-data/images/257.png,257,Blaziken,blaziken,,0,1,1,a06cd5a504f7e6045b5e842a32f7df7b8a8dd44118af69bf49dda77a387eba86,475,475,RGBA
data/raw/poketwo-data/images/258.png,258,Mudkip,mudkip,,0,1,1,72071a94616e99738ae39e347b7c2c0e578947d1a08c6abdd622c179ced7887d,475,475,RGBA
data/raw/poketwo-data/images/259.png,259,Marshtomp,marshtomp,,0,1,1,8beafd127a3a2a676c0d3a5b9d7543d2f4d1bdce13d50dfaa7ed933e967647a1,475,475,RGBA
data/raw/poketwo-data/images/26.png,26,Raichu,raichu,,0,1,1,9f2a14aa64cf29401d023ca8387bca4ed998d4e7b3787d14e36948ae26e33836,475,475,RGBA
data/raw/poketwo-data/images/260.png,260,Swampert,swampert,,0,1,1,bbf0becc9579c9e627c7f41a1d3c9cb8f88d0af172d0cd07fff5c5114312b418,475,475,RGBA
data/raw/poketwo-data/images/261.png,261,Poochyena,poochyena,,0,1,1,b5a3920b0d3c74e65b79b7b31b0023dcd0763183a30806033acd3906fa8ee040,475,475,RGBA
data/raw/poketwo-data/images/262.png,262,Mightyena,mightyena,,0,1,1,8e6f9c57382a8648b7f4f0dcd6ac8f899e88ed14b2a0ee7e5f0929179e0e6548,475,475,RGBA
data/raw/poketwo-data/images/265.png,265,Wurmple,wurmple,,0,1,1,603ce0014d1b22ec8a26d6a61da83a512d5cc7eb61b80e7f447c627c3c7aed49,475,475,RGBA
data/raw/poketwo-data/images/266.png,266,Silcoon,silcoon,,0,1,1,58f41d3b3b0228ab02c810b306a071cf94c4e6c4f53fa6e6d84d94066ea809d5,475,475,RGBA
data/raw/poketwo-data/images/267.png,267,Beautifly,beautifly,,0,1,1,bdd9142d9db26001b94f2d1f6d034331a2bad3926679e87b369d538eabac494a,475,475,RGBA
data/raw/poketwo-data/images/268.png,268,Cascoon,cascoon,,0,1,1,eafaf784687aa9cf5442791b35aed08caf71c87874d6d3e7e4ed364b6d339326,475,475,RGBA
data/raw/poketwo-data/images/269.png,269,Dustox,dustox,,0,1,1,0ee94dc3fd8eba2f47adb6af9fe6dda0d182bc51a3220fa5e45ee7fb7e6f326a,475,475,RGBA
data/raw/poketwo-data/images/270.png,270,Lotad,lotad,,0,1,1,0d5868d1767c4a7af224831da4c26fba0db9144d4695de6f7ebcad8011cda89c,475,475,RGBA
data/raw/poketwo-data/images/271.png,271,Lombre,lombre,,0,1,1,617deb95365e3b9752a4afb4220e06ef48fc601bb6552cd5b06dc04ad1a67060,475,475,RGBA
data/raw/poketwo-data/images/272.png,272,Ludicolo,ludicolo,,0,1,1,9054638070a1b1851fe964836ccc152281150f4da5dc946124db7551315f7647,475,475,RGBA
data/raw/poketwo-data/images/273.png,273,Seedot,seedot,,0,1,1,ee06c388595560409a09a3c0599370d022e3f978285eccc24e768a35c2dd41e9,475,475,RGBA
data/raw/poketwo-data/images/274.png,274,Nuzleaf,nuzleaf,,0,1,1,d9d586327a2bfdbd1c630a38f4d581c892a4f4080315f6824208fb1234a1e343,475,475,RGBA
data/raw/poketwo-data/images/275.png,275,Shiftry,shiftry,,0,1,1,73b19acdb6644c966db44085b1545be8cd0fbffe885b6313c769ec7ccd0d4087,475,475,RGBA
data/raw/poketwo-data/images/276.png,276,Taillow,taillow,,0,1,1,5232ef8630b0207cda57c89218be2e3d5da462b998f1ef4a990ee2b562007b00,475,475,RGBA
data/raw/poketwo-data/images/277.png,277,Swellow,swellow,,0,1,1,f4d9ed1d58277b456de272e8b2a6298c113f2105cb2e98f86b225905ed124710,475,475,RGBA
data/raw/poketwo-data/images/280.png,280,Ralts,ralts,,0,1,1,b1f01e27be4383d89755745f0c8d36305313469c3f0402931c7e5e35a813cc71,475,475,RGBA
data/raw/poketwo-data/images/281.png,281,Kirlia,kirlia,,0,1,1,5a410190253636ebf2bd098d2646c2311a15ebb19ca0f79f83b14a6e5c8e63bd,475,475,RGBA
data/raw/poketwo-data/images/282.png,282,Gardevoir,gardevoir,,0,1,1,8de71d5243d44d7eb413fdf21076c6e845e46a4b72bc24fe8d199f4d406d1919,475,475,RGBA
data/raw/poketwo-data/images/283.png,283,Surskit,surskit,,0,1,1,1d13ee11992c720fc877b80eb65d5e8c47139ffe5bb2cde44d47fa6927af84aa,475,475,RGBA
data/raw/poketwo-data/images/284.png,284,Masquerain,masquerain,,0,1,1,e619f2cb0b3a7cbfb785769d2cbda160d3efaa4e6a874880f887b53b71d86559,475,475,RGBA
data/raw/poketwo-data/images/285.png,285,Shroomish,shroomish,,0,1,1,20ad7e7ab17141549a416ff3b9ac53164c57d0eac695e0d1a6f8c6e8e6a8c5fe,475,475,RGBA
data/raw/poketwo-data/images/286.png,286,Breloom,breloom,,0,1,1,0431925eb035d4b5ad068fda7ecd4e6054158a36f5c0c1adae5b97014232925b,475,475,RGBA
data/raw/poketwo-data/images/287.png,287,Slakoth,slakoth,,0,1,1,d596f938663a74b47442529062b1981a6828744a55280343fc47ea88eb589103,475,475,RGBA
data/raw/poketwo-data/images/288.png,288,Vigoroth,vigoroth,,0,1,1,3cdd10ade2c072bb1193c2a067ec9752396b15ad15e4a640004b3b448378252e,475,475,RGBA
data/raw/poketwo-data/images/29.png,29,Nidoran♀️,nidoran-f,,0,1,1,2be544c2930aaad81ab5f2225bf0c9eb03181a8c6bbae1546a2b94e7930c3b7d,475,475,RGBA
data/raw/poketwo-data/images/291.png,291,Ninjask,ninjask,,0,1,1,4660db6b190de307022eec38064e29211813c09ca2fe08e9b94b5c8ae91cbe4b,475,475,RGBA
data/raw/poketwo-data/images/293.png,293,Whismur,whismur,,0,1,1,c5fb0da8e03d3b1b47f292e5197877db790eb94a39bab3df196a831f9fc24c2f,475,475,RGBA
data/raw/poketwo-data/images/294.png,294,Loudred,loudred,,0,1,1,d2600512b1f3f10ba699b51a4809501b61ccf106ad3a819fc0fa497f3080242f,475,475,RGBA
data/raw/poketwo-data/images/295.png,295,Exploud,exploud,,0,1,1,54eb713c81c733abb1c57f190175e2c4e56345e07556562da085d6684961b84c,475,475,RGBA
data/raw/poketwo-data/images/296.png,296,Makuhita,makuhita,,0,1,1,eb5217f2e60f1d2a06f72e483c3bce938385e081387b84fb6654506f8b0c529f,475,475,RGBA
data/raw/poketwo-data/images/297.png,297,Hariyama,hariyama,,0,1,1,206c92fcbf35c10c4fe22b3bc1f6d2b091023bd62ddfef413cbc2b6919685e24,475,475,RGBA
data/raw/poketwo-data/images/298.png,298,Azurill,azurill,,0,1,1,e840093e40e7f5da12f268cfbc063457c635c47ab8ed7bd641aa0497e2bcf1fa,475,475,RGBA
data/raw/poketwo-data/images/299.png,299,Nosepass,nosepass,,0,1,1,d95cb1985c79bac663ba03a9f691443a84eb65fa1e531ab7ca9c6c844beecda8,475,475,RGBA
data/raw/poketwo-data/images/3.png,3,Venusaur,venusaur,,0,1,1,cb644a102de193f9e8a3398a725c39799315718d2040363ec33ad278218014c7,475,475,RGBA
data/raw/poketwo-data/images/30.png,30,Nidorina,nidorina,,0,1,1,9beebb82c533a285bc33560426f13ff0d415576a9067f6592582303894ad58f6,475,475,RGBA
data/raw/poketwo-data/images/300.png,300,Skitty,skitty,,0,1,1,c2e22690c672f1fce2227a84f0db3adced9a42e031df10130aa7779dce08772d,475,475,RGBA
data/raw/poketwo-data/images/301.png,301,Delcatty,delcatty,,0,1,1,3da71854a8d0006ef084e6deb7d6c5bf3b2aa27fa1904e0d9f521b9aa812036b,475,475,RGBA
data/raw/poketwo-data/images/307.png,307,Meditite,meditite,,0,1,1,26a9c9335b8c90c9984c656cd9437be003d216b5d8c3b592d14a3fa06051cf5f,475,475,RGBA
data/raw/poketwo-data/images/308.png,308,Medicham,medicham,,0,1,1,b3f5b13301df4c9bf299b20646dca61711cd3cb5bde74545575343d6754254f5,475,475,RGBA
data/raw/poketwo-data/images/309.png,309,Electrike,electrike,,0,1,1,d00443601fc61d93413ebb3df3b6d8210af1382adde2f61a11d8fcac15009ab6,475,475,RGBA
data/raw/poketwo-data/images/31.png,31,Nidoqueen,nidoqueen,,0,1,1,debbe262e14761691868d45549d9638a500a154c0caddd09ef9ed47e85ae749f,475,475,RGBA
data/raw/poketwo-data/images/310.png,310,Manectric,manectric,,0,1,1,237ee020aee8d4af078f807f3ef44ce60c812063268058a9fe798ae2ba6d2408,475,475,RGBA
data/raw/poketwo-data/images/311.png,311,Plusle,plusle,,0,1,1,e48e91a6c9d28ca5b0886e9b33949801f86e9ef8b4a16e55ec930c5f60dc6cd6,475,475,RGBA
data/raw/poketwo-data/images/312.png,312,Minun,minun,,0,1,1,a2f40da6038138f90ca9d97ea659c95dc513658feb996f7a2b22578e9780f7b2,475,475,RGBA
data/raw/poketwo-data/images/313.png,313,Volbeat,volbeat,,0,1,1,f356f0b4022f2c2f93e136df89e6c8fb5a0aebf5e7fefee2c3278f78fdd3d1ca,475,475,RGBA
data/raw/poketwo-data/images/314.png,314,Illumise,illumise,,0,1,1,597130df186fcb8ae40d036e39cb5158def5992b9ffa3369337f12dbfc793092,475,475,RGBA
data/raw/poketwo-data/images/315.png,315,Roselia,roselia,,0,1,1,74bdbddce7233bd327dbc23d5f069a745118c3f2eee0ba872ff405639d70e583,475,475,RGBA
data/raw/poketwo-data/images/316.png,316,Gulpin,gulpin,,0,1,1,972b87c8f20c943c6ca6822b27f78062028ffb4cde97c1d17bca35762e4e17bd,475,475,RGBA
data/raw/poketwo-data/images/317.png,317,Swalot,swalot,,0,1,1,a487d4778b24b53808c40b3456020aa56a163f3e844136258375c1249d27bfea,475,475,RGBA
data/raw/poketwo-data/images/32.png,32,Nidoran♂️,nidoran-m,,0,1,1,27532160fa85d576f118c4d7806dfa9a999f53eee405ad97610ea3a40eae82cd,475,475,RGBA
data/raw/poketwo-data/images/322.png,322,Numel,numel,,0,1,1,a4e5852ce3a7d819083fe200d0c7d455f786723325adfe51967e09d8acd5749e,475,475,RGBA
data/raw/poketwo-data/images/326.png,326,Grumpig,grumpig,,0,1,1,1b4f486754ab1ea759cdefea8b4e40d9df0ff48299160174f10d281d5f5681bc,475,475,RGBA
data/raw/poketwo-data/images/327.png,327,Spinda,spinda,,0,1,1,6669b47d9b62ebde73b031c6c46c2ea10ad06ecdd8a1f407fdfea67cff369697,475,475,RGBA
data/raw/poketwo-data/images/329.png,329,Vibrava,vibrava,,0,1,1,c6f6fdfe03bc4103946c19d778c3f2369303ca0017e5fbdc674541ff86118d96,475,475,RGBA
data/raw/poketwo-data/images/33.png,33,Nidorino,nidorino,,0,1,1,5f2dd614a05237a5446167f6e58e615752512cc3e7e56d434668dbe04d111266,475,475,RGBA
data/raw/poketwo-data/images/330.png,330,Flygon,flygon,,0,1,1,d4b27ca95e07e2bc813964cdf68222bb934dec1c8489e21f51e1cd299cd04b93,475,475,RGBA
data/raw/poketwo-data/images/331.png,331,Cacnea,cacnea,,0,1,1,39c5c850b0cf58d201a64614066d335ecf67b52f25656e9af4c74901b569b0ba,475,475,RGBA
data/raw/poketwo-data/images/332.png,332,Cacturne,cacturne,,0,1,1,f68c17d5e089767638fc95995e8f4406500439de0fc935382ecd1ff3916c719f,475,475,RGBA
data/raw/poketwo-data/images/333.png,333,Swablu,swablu,,0,1,1,3c8f7d0fbe29e69e60d6ce7e5bdc897ae6ef081f80e10bbe3af526d3475d16c5,475,475,RGBA
data/raw/poketwo-data/images/334.png,334,Altaria,altaria,,0,1,1,e86af981d32a1a23326e4e38ce5dbe51e9ce1d78339257349ef64aec5c70eec1,475,475,RGBA
data/raw/poketwo-data/images/335.png,335,Zangoose,zangoose,,0,1,1,3bc1794d97598c3c9bff63576ed99636c696b366215f86d11aca37dd707f7b95,475,475,RGBA
data/raw/poketwo-data/images/336.png,336,Seviper,seviper,,0,1,1,536a2644644eb9876e92e1720a10b4b27c63075e49517b2559d6442e2085d428,475,475,RGBA
data/raw/poketwo-data/images/339.png,339,Barboach,barboach,,0,1,1,b323b3825a7b178380495c750cd8389917cb05d90768eccbd13edd905defb610,475,475,RGBA
data/raw/poketwo-data/images/34.png,34,Nidoking,nidoking,,0,1,1,5f5545e93d57142d72f0af8baa43c7f08ca4be8e7387cb2d16b71da5cb06f26c,475,475,RGBA
data/raw/poketwo-data/images/344.png,344,Claydol,claydol,,0,1,1,9070565121cf49152d0eae69b6d75f364fadc2f79f1e06ec7c4a5f25a3e21fc2,475,475,RGBA
data/raw/poketwo-data/images/345.png,345,Lileep,lileep,,0,1,1,0d1fddfcc2505ec59e879ea6bc295cbd817ebcdf7dfff6fbee543ed41e5c4711,475,475,RGBA
data/raw/poketwo-data/images/346.png,346,Cradily,cradily,,0,1,1,2dde633ab531c158626c2cdfdd4fd15be6cf4d8d1ecb1628c29bb7bdff370ed9,475,475,RGBA
data/raw/poketwo-data/images/347.png,347,Anorith,anorith,,0,1,1,49fb0a1d48e120a1aa8078bd85e8c26e2138cbd2cb53ae64eead5d6c26b43bb6,475,475,RGBA
data/raw/poketwo-data/images/348.png,348,Armaldo,armaldo,,0,1,1,5a62139b637ef7fa919904c3c5dcd6b0f51423234917afb50229d9628e187971,475,475,RGBA
data/raw/poketwo-data/images/35.png,35,Clefairy,clefairy,,0,1,1,61dff8a532781b6fa9e5c03369bb13deb86ea0c3778b8417ef2115d4bfbe3575,475,475,RGBA
data/raw/poketwo-data/images/350.png,350,Milotic,milotic,,0,1,1,4bedc13b5515de29d7197f51862d7331c484d49ece171fa2c3b9c70cdedde33f,475,475,RGBA
data/raw/poketwo-data/images/351.png,351,Castform,castform,,0,1,1,c3eaac95e798029b2f6780e8f3baa7941407c42d3f2e7db297208022bff3b28d,475,475,RGBA
data/raw/poketwo-data/images/352.png,352,Kecleon,kecleon,,0,1,1,9761f6c5cfe9a7e04fcd58be4f56620cb7e21278855c41fd02bca9d218759240,475,475,RGBA
data/raw/poketwo-data/images/357.png,357,Tropius,tropius,,0,1,1,1e90ba5517a1db163c54a8286c2d442e8e6d08a66a504de9cda729e3334f5800,475,475,RGBA
data/raw/poketwo-data/images/358.png,358,Chimecho,chimecho,,0,1,1,3cebdc0a2d0cf80a5bce1d438b08f23f81d6c956625e8756cf8449f3fd4089c3,475,475,RGBA
data/raw/poketwo-data/images/359.png,359,Absol,absol,,0,1,1,d5f012424889ed5b0dac60bce76501288dba92676b4866dc323875077f6fd0ad,475,475,RGBA
data/raw/poketwo-data/images/36.png,36,Clefable,clefable,,0,1,1,f950c2f9b23c049e60b792003fc25962d8b4cf9bf493aedf78994d070df958bd,475,475,RGBA
data/raw/poketwo-data/images/360.png,360,Wynaut,wynaut,,0,1,1,ba242fb3893127d7b159889229d72404796ed1d27717bbb6365d894904d6146d,475,475,RGBA
data/raw/poketwo-data/images/361.png,361,Snorunt,snorunt,,0,1,1,0351c0cc967ecc4f8987b9a819e5f4306db9d6a952eabdb356c1e2c0684434c4,475,475,RGBA
data/raw/poketwo-data/images/363.png,363,Spheal,spheal,,0,1,1,369588459c8559c62523c4b230fa4ccaba40d19907f015827145b4dbf345256f,475,475,RGBA
data/raw/poketwo-data/images/364.png,364,Sealeo,sealeo,,0,1,1,c4a60a9750a3f68dc98581aec0f86ca4492a35c8e6a247b7f01400035517d389,475,475,RGBA
data/raw/poketwo-data/images/365.png,365,Walrein,walrein,,0,1,1,e842c41e18063ff91702908280c2984555f940967a95eb22dcf411e4c9cb976b,475,475,RGBA
data/raw/poketwo-data/images/366.png,366,Clamperl,clamperl,,0,1,1,60d8f8e87d71c372e0d050201def48577509954df0c9f650191680d7c2e1a4c8,475,475,RGBA
data/raw/poketwo-data/images/368.png,368,Gorebyss,gorebyss,,0,1,1,4f2557ff642d05e5c66d4d7b645194befc93d0a20584b8031c37cf601029507c,475,475,RGBA
data/raw/poketwo-data/images/37.png,37,Vulpix,vulpix,,0,1,1,e781d20b3e4a6fa52cac1dc2406b2d6a5530ad2469567fd68e10b5f549c5ef91,475,475,RGBA
data/raw/poketwo-data/images/370.png,370,Luvdisc,luvdisc,,0,1,1,17001c608ca1c3c419947d8b845c276573c52bb64cba11c9101a5b8ece866c34,475,475,RGBA
data/raw/poketwo-data/images/38.png,38,Ninetales,ninetales,,0,1,1,0c69f3d1b0aedbb38766969dbeb4ae7ca2c20f93c74773e766738baeba4149fe,475,475,RGBA
data/raw/poketwo-data/images/380.png,380,Latias,latias,,0,1,1,b56793da43aa4eb8c87d8c0bab6317439ffd3fe0d43fc78cbea71009001909d9,475,475,RGBA
data/raw/poketwo-data/images/381.png,381,Latios,latios,,0,1,1,3b9935d283a52544181893f4f335adb333045c41662cebe522919f00981ce32f,475,475,RGBA
data/raw/poketwo-data/images/382.png,382,Kyogre,kyogre,,0,1,1,86b798ae04a103dcc3a7e3b5a2f5ba7d67e287cb7df38f1ab53947ea87c20596,475,475,RGBA
data/raw/poketwo-data/images/384.png,384,Rayquaza,rayquaza,,0,1,1,48a5fcb1e53e6f3bb18ee9cea06ffc96e07d7bfcfa13eb4223f7517fe1b29080,475,475,RGBA
data/raw/poketwo-data/images/385.png,385,Jirachi,jirachi,,0,1,1,d26051cf4937ef30e796187f57c68536a9c7fd516dc645b2833b4a6d5343cbe5,475,475,RGBA
data/raw/poketwo-data/images/386.png,386,Deoxys,deoxys-normal,,0,1,1,fc7983b50936895018715c49f670d635dfba67602762b36f3fd70124d25ce0d2,475,475,RGBA
data/raw/poketwo-data/images/387.png,387,Turtwig,turtwig,,0,1,1,c787120bb5ee9a0e55908d87170c82de291cc392cfd84f388568147be54d6d5a,475,475,RGBA
data/raw/poketwo-data/images/388.png,388,Grotle,grotle,,0,1,1,66006f7361e1c3e1aa31354007f3e90ca2fa314cbf780a12c19c36c503fe6cef,475,475,RGBA
data/raw/poketwo-data/images/389.png,389,Torterra,torterra,,0,1,1,d13f6a2ef2ebd7cb7ad77b1af6978c382b105ce14f6f557d4309c354293f3e7b,475,475,RGBA
data/raw/poketwo-data/images/39.png,39,Jigglypuff,jigglypuff,,0,1,1,b4123392eec58fee37706872bb629bbe52f382a47ced5a80239e3cc35c7e254b,475,475,RGBA
data/raw/poketwo-data/images/390.png,390,Chimchar,chimchar,,0,1,1,856e9d5e92889ec404da7fe7604d62f548c101cec049cce5041957ca786cd20f,475,475,RGBA
data/raw/poketwo-data/images/393.png,393,Piplup,piplup,,0,1,1,68649a4b926d8ea3a75a90c9fbee19b2dd4f7d29218ec98cfa5314672784cf24,475,475,RGBA
data/raw/poketwo-data/images/394.png,394,Prinplup,prinplup,,0,1,1,56ff8c20c25508891a9f59faf39e644c0057fe6f49650f42ce5ff18a18773b54,475,475,RGBA
data/raw/poketwo-data/images/395.png,395,Empoleon,empoleon,,0,1,1,3b0ea0cd5bc7d8b9b5a82f0d5a8feab6e4edf05e3d454c80f43f74e3c58a5410,475,475,RGBA
data/raw/poketwo-data/images/396.png,396,Starly,starly,,0,1,1,19c013059d33e24b2ba2b969c7047d2c2becb89f5554a4379a2e378e100645c4,475,475,RGBA
data/raw/poketwo-data/images/397.png,397,Staravia,staravia,,0,1,1,c2e1d5362284810767dd2eb1e85ba6cb0cefa6ecf19105290d58bd85773b7417,475,475,RGBA
data/raw/poketwo-data/images/398.png,398,Staraptor,staraptor,,0,1,1,21ff4cd6439186e8a403658ca214565f5ec99f217b24884c67b4a50d6de2e5d4,475,475,RGBA
data/raw/poketwo-data/images/4.png,4,Charmander,charmander,,0,1,1,b71014e605c8fc0fc76fd3fe1c7c8379b59096fb86e1fab3c4e373a36885122b,475,475,RGBA
data/raw/poketwo-data/images/40.png,40,Wigglytuff,wigglytuff,,0,1,1,162d117b6e83c84ab1fb2ff911e71d9dfba76430ee8259f8fff446235cec93f4,475,475,RGBA
data/raw/poketwo-data/images/401.png,401,Kricketot,kricketot,,0,1,1,b2b9e793ca71c9566d0449548e04e5b53da2fbcb7bea0f52e854d7126b9d5141,475,475,RGBA
data/raw/poketwo-data/images/402.png,402,Kricketune,kricketune,,0,1,1,d7ee3be09d17116e627434c12004bfc8757d5a90b19aed95cdbc7a9de5472f16,475,475,RGBA
data/raw/poketwo-data/images/403.png,403,Shinx,shinx,,0,1,1,5ec10c7d45c349b62970267395dca74682932b4eb7a9c97c0886e21cf79e3ce0,475,475,RGBA
data/raw/poketwo-data/images/404.png,404,Luxio,luxio,,0,1,1,18c331a01662bac42257055522e12bc781377cd808696a5921abac70dc2bf9fc,475,475,RGBA
data/raw/poketwo-data/images/405.png,405,Luxray,luxray,,0,1,1,ce2033737982946aefd25a163561bdf7bf652449af4a2710620097b7ffe87ee2,475,475,RGBA
data/raw/poketwo-data/images/406.png,406,Budew,budew,,0,1,1,973bb367672df62a2147d6cd411ed167b66796cfe6927ab46204a79530ea10d8,475,475,RGBA
data/raw/poketwo-data/images/407.png,407,Roserade,roserade,,0,1,1,ef9651179d19f8f56142c6bd9e60cbab3093a3598cdd0578b52f18cd4bc2507f,475,475,RGBA
data/raw/poketwo-data/images/408.png,408,Cranidos,cranidos,,0,1,1,d69dcf76c82bef65decb40168d36c64f4720662bcf94cb4b43dc660e8e8f72f1,475,475,RGBA
data/raw/poketwo-data/images/409.png,409,Rampardos,rampardos,,0,1,1,286f883c627ec21534d82e8863e8cfb3d03f08fbc401798ec1465f52f56e80d2,475,475,RGBA
data/raw/poketwo-data/images/412.png,412,Burmy,burmy-plant,,0,1,1,fdac8e08b5f96f81a5fc78e902e70c94021d4c98ecba8d62fae8516996ab2d6d,475,475,RGBA
data/raw/poketwo-data/images/413.png,413,Wormadam,wormadam-plant,,0,1,1,0f510818273293d0b4ace38bac2fb9cfc931e884142bb0c036702f55ae1c9c35,475,475,RGBA
data/raw/poketwo-data/images/414.png,414,Mothim,mothim,,0,1,1,45825863bd2cb040f9fe7fab829a20542ddc79851fbfd08673180ba09b8f8e94,475,475,RGBA
data/raw/poketwo-data/images/415.png,415,Combee,combee,,0,1,1,df77445a722e8ccb0fc83575785251e560c2ed0deada79e002e0e9f563182397,475,475,RGBA
data/raw/poketwo-data/images/416.png,416,Vespiquen,vespiquen,,0,1,1,4fa4ce31001947fadfcc0e8df59c6bc158aee2aa41b58f3b638287d65dac708e,475,475,RGBA
data/raw/poketwo-data/images/417.png,417,Pachirisu,pachirisu,,0,1,1,4b6228d9577160f667c40ac47e7d3c2b171582d95ad6890dcd3b02e0a3fc8b60,475,475,RGBA
data/raw/poketwo-data/images/418.png,418,Buizel,buizel,,0,1,1,b4b60d48049fd38683d6f0b173233932a632c4f463e9c7355f1c43982e58fd9b,475,475,RGBA
data/raw/poketwo-data/images/419.png,419,Floatzel,floatzel,,0,1,1,3a23ca4d29be122737a0cc8ec1a20988844e40912ad2e7b09dfa971d7fec7c50,475,475,RGBA
data/raw/poketwo-data/images/420.png,420,Cherubi,cherubi,,0,1,1,c759e1f60f2408b87d17177bf41be747c83ad8e1a3d5c5f7f089e39bf6a9058f,475,475,RGBA
data/raw/poketwo-data/images/421.png,421,Cherrim,cherrim,,0,1,1,24112df75d2adb0c5a849011717dad5d962fee6526547836ee482971c7a078a3,475,475,RGBA
data/raw/poketwo-data/images/422.png,422,Shellos,shellos,,0,1,1,1060c2de8f13ef2a1e2bbb8a161a8365ecef26785719b938537682345fab545c,475,475,RGBA
data/raw/poketwo-data/images/423.png,423,Gastrodon,gastrodon,,0,1,1,26da2abf984f71b68dda818c41a6c0aa49937ad174c17e96e445722c90c25eb9,475,475,RGBA
data/raw/poketwo-data/images/424.png,424,Ambipom,ambipom,,0,1,1,0d90e33fb532ad25ea302c3da42946ffe31e6220f99256b7a1f27f0de228982a,475,475,RGBA
data/raw/poketwo-data/images/425.png,425,Drifloon,drifloon,,0,1,1,f98b364d82e90d41facec4f593c9697b00a06dc51f074c8a35af67531fc83b29,475,475,RGBA
data/raw/poketwo-data/images/426.png,426,Drifblim,drifblim,,0,1,1,cca59e9510e59637f85a55fb3e6448a0012cf1a74bc8452b83f4c580bb942758,475,475,RGBA
data/raw/poketwo-data/images/427.png,427,Buneary,buneary,,0,1,1,df4a35ae0fc5f21ab3609d8060c03cbf99d522e3bc15276da4925a56ca829f4c,475,475,RGBA
data/raw/poketwo-data/images/428.png,428,Lopunny,lopunny,,0,1,1,50b37ea6a896a197fc01e5287728eed3e6cc51b76ac0d1abe41bed6a72b1560c,475,475,RGBA
data/raw/poketwo-data/images/429.png,429,Mismagius,mismagius,,0,1,1,1126d65c15cd1c31856c09de43755deca94144bbe67819fe5275eaee64be3c8c,475,475,RGBA
data/raw/poketwo-data/images/43.png,43,Oddish,oddish,,0,1,1,daee5bb7ae580821e4ad34c8ac6599999b4064aa32920051e376e28f9616f9a5,475,475,RGBA
data/raw/poketwo-data/images/430.png,430,Honchkrow,honchkrow,,0,1,1,2e70dce3f4305e5f8ac80f178e75c1435a83dbc8bebdff1d1ae1798f0e094ecc,475,475,RGBA
data/raw/poketwo-data/images/431.png,431,Glameow,glameow,,0,1,1,96bd2a6a4193ab9d6a46de361c3b79137fdca21b0826f2bc2c7d5d6e7c7a3029,475,475,RGBA
data/raw/poketwo-data/images/432.png,432,Purugly,purugly,,0,1,1,2d8866c3dced72825feca76b3ddf5b25fbf99c99f690425a66920dcd90f26b70,475,475,RGBA
data/raw/poketwo-data/images/433.png,433,Chingling,chingling,,0,1,1,20ca730f6aa42b291dc2e0f9a8f4978319e7b30f37f1b32f47564f6c9c63f204,475,475,RGBA
data/raw/poketwo-data/images/436.png,436,Bronzor,bronzor,,0,1,1,714fa1b9190a0adcac5783af995fdf1c4a7621fe3dc2be6f2bbd38577457dfee,475,475,RGBA
data/raw/poketwo-data/images/437.png,437,Bronzong,bronzong,,0,1,1,28884efe387b4258b5f753dd1599cbb899fecda615dfd3653b9560c411b2b4f0,475,475,RGBA
data/raw/poketwo-data/images/438.png,438,Bonsly,bonsly,,0,1,1,ae15b13ecd787afe10f457b2dc2a32ec67e17917bfc84dfe6694cae5237baf6e,475,475,RGBA
data/raw/poketwo-data/images/439.png,439,Mime Jr.,mime-jr,,0,1,1,456fd3180278ce0fe627fb7019b6822c14ec4ebdca8995ea109072dc575f27c1,475,475,RGBA
data/raw/poketwo-data/images/44.png,44,Gloom,gloom,,0,1,1,013f309a253b0cf5187219e342f80359d74070d2c3be1cb53c2b777c64ea7b2c,475,475,RGBA
data/raw/poketwo-data/images/440.png,440,Happiny,happiny,,0,1,1,151fa85ad13904a746e9f008c7ed595e38874eff032a3dd0910db8690a7ea1e1,475,475,RGBA
data/raw/poketwo-data/images/441.png,441,Chatot,chatot,,0,1,1,a717ef5295a83a35703be0939df6ce13a10a5f95b4adcb18f582499287fc6b20,475,475,RGBA
data/raw/poketwo-data/images/442.png,442,Spiritomb,spiritomb,,0,1,1,b39b5fabc70635ffaab47bb7a9cb33fdc677372980e30c87f8d3cc7a4e2f5e5f,475,475,RGBA
data/raw/poketwo-data/images/443.png,443,Gible,gible,,0,1,1,80a63c9c9e638281b8cf6bfaea059e2b613c80c620464e75da9d5f9bb6ed3335,475,475,RGBA
data/raw/poketwo-data/images/444.png,444,Gabite,gabite,,0,1,1,035587a0885ee934cca6a28116d72a96b2b753ff17116f3d35a44f174daa3112,475,475,RGBA
data/raw/poketwo-data/images/445.png,445,Garchomp,garchomp,,0,1,1,c1aa149f4d2db13ab6a835385948feb920ffe56dbe5c83c27173cd1cf8f8a660,475,475,RGBA
data/raw/poketwo-data/images/446.png,446,Munchlax,munchlax,,0,1,1,89b4a65fa119a3bbbd53cda31aeed7b971ece61f089088a2ee7c067539894bf6,475,475,RGBA
data/raw/poketwo-data/images/447.png,447,Riolu,riolu,,0,1,1,ea8de60f63fc5fddd348bab8158f83d4e066e2383aefff602668882ddfc4f5dc,475,475,RGBA
data/raw/poketwo-data/images/448.png,448,Lucario,lucario,,0,1,1,df388995cd785046f521b0b1d013d7fcdb7b04b60a8047ac606d90c1d031b137,475,475,RGBA
data/raw/poketwo-data/images/45.png,45,Vileplume,vileplume,,0,1,1,47b27c0310f299870806c92ebe1f52258d6bdb6dfb028b33c63ec1cfe82fca22,475,475,RGBA
data/raw/poketwo-data/images/453.png,453,Croagunk,croagunk,,0,1,1,13742c24bbaf9e6f6f654b7c078d9729b1fcae9f2a515cfdba9eb18415d9ab75,475,475,RGBA
data/raw/poketwo-data/images/454.png,454,Toxicroak,toxicroak,,0,1,1,cf10cd3ef02f63da8fbc0168384e5fcee206b8f7630074e8d73962503b622af3,475,475,RGBA
data/raw/poketwo-data/images/455.png,455,Carnivine,carnivine,,0,1,1,a61527676ae95dee49944c372fb6cdfdd207345bdd26ab97196461d96a3b8b4a,475,475,RGBA
data/raw/poketwo-data/images/459.png,459,Snover,snover,,0,1,1,d85d6923fd559c8177991b6ac43887999ffdab35abe4fdfc10460cde2ed186d3,475,475,RGBA
data/raw/poketwo-data/images/460.png,460,Abomasnow,abomasnow,,0,1,1,35e6d88c5a2880ada6c7bc671505b71f3c8c3be03d4ca2d7d8ad65c5a43ea86e,475,475,RGBA
data/raw/poketwo-data/images/461.png,461,Weavile,weavile,,0,1,1,5fda2d6cb4a991f1603af9bb406770bfb44f3f5e1767a8871030895c8a1bc1f7,475,475,RGBA
data/raw/poketwo-data/images/463.png,463,Lickilicky,lickilicky,,0,1,1,fb670482574f10a1e567f1e24ed0d712b895a2bddee65929b1255dae0722c952,475,475,RGBA
data/raw/poketwo-data/images/465.png,465,Tangrowth,tangrowth,,0,1,1,49cd5c1332771aeb264b2bf8a685a5e73668d74d549ce3b13a2a14578c532d56,475,475,RGBA
data/raw/poketwo-data/images/466.png,466,Electivire,electivire,,0,1,1,f7acddea0cc04ca4763761f722f0c8d5670052822ac91ff991184740eaf88ee1,475,475,RGBA
data/raw/poketwo-data/images/467.png,467,Magmortar,magmortar,,0,1,1,c45fd80cb7c5a81b1b83acb05098bc41d709dcbc3697f4ba56e698920ba2dd53,475,475,RGBA
data/raw/poketwo-data/images/470.png,470,Leafeon,leafeon,,0,1,1,2b5ed5ced436762fef0e6958cee7f53be25763c418430a69af53e043b4d05c4a,475,475,RGBA
data/raw/poketwo-data/images/471.png,471,Glaceon,glaceon,,0,1,1,5027fbd0ed38f85d660f1979ce8f689a32df296d9bf7bfed71b9a5263d07ff8a,475,475,RGBA
data/raw/poketwo-data/images/475.png,475,Gallade,gallade,,0,1,1,1ad95f3958656d22b39a800a09374287b6e56ec71995023fd63d701e16ec6c11,475,475,RGBA
data/raw/poketwo-data/images/478.png,478,Froslass,froslass,,0,1,1,56432e893171c555d29c1eddcad249cd084b940d65a61bc2bb60fa38a384e042,475,475,RGBA
data/raw/poketwo-data/images/480.png,480,Uxie,uxie,,0,1,1,e5bf83fe8eb137ef966a4c4b542281f3364d3f27d125ed76bc7413598ddb9751,475,475,RGBA
data/raw/poketwo-data/images/481.png,481,Mesprit,mesprit,,0,1,1,7d41c44f6c2d275ab5ba96b36a06342a69a4b8611938ff9595f14ca6693bff4d,475,475,RGBA
data/raw/poketwo-data/images/482.png,482,Azelf,azelf,,0,1,1,64d849d8cdacfa996b8242363e5fd43ece0c90c98255a858d5a4063a2eefe764,475,475,RGBA
data/raw/poketwo-data/images/488.png,488,Cresselia,cresselia,,0,1,1,b2e349ed43df7b50c03104ce8ba9c2ae47ef48c8523bd896d93714f6b1903078,475,475,RGBA
data/raw/poketwo-data/images/49.png,49,Venomoth,venomoth,,0,1,1,ae76e3f54b0af58adb982615d1f9614d622f86d5d64cb3905b2ca33a763193f3,475,475,RGBA
data/raw/poketwo-data/images/492.png,492,Shaymin,shaymin-land,,0,1,1,46db8efa02de720d775a01998e2aeeb390f36f861680626bef47ab6b93b31e86,475,475,RGBA
data/raw/poketwo-data/images/494.png,494,Victini,victini,,0,1,1,b58d2b7eaa424de3fa4459720d3061c2933884b3aa0e95f4b4001a7c47b9df39,475,475,RGBA
data/raw/poketwo-data/images/495.png,495,Snivy,snivy,,0,1,1,d35ec2861d3d6a23ae12e7af1a253d1191264e5edd80d6030ccea27f105666bf,475,475,RGBA
data/raw/poketwo-data/images/496.png,496,Servine,servine,,0,1,1,55ca8f376020d583f33148d847099e131c006d8e7af96f12c1faac0e387a9b4a,475,475,RGBA
data/raw/poketwo-data/images/497.png,497,Serperior,serperior,,0,1,1,910e01bf07c2f481b443ebb9e679ef3da3fa30b0d1633092893084746366143e,475,475,RGBA
data/raw/poketwo-data/images/498.png,498,Tepig,tepig,,0,1,1,05b9cf346dd7bcaaddf90aada4d0e68d741ad8099845169ab06802e964e12424,475,475,RGBA
data/raw/poketwo-data/images/499.png,499,Pignite,pignite,,0,1,1,4b5e22e9c304242a20556040daabbc83ff2aafdd4efd9d150b86f0ebe0703e3c,475,475,RGBA
data/raw/poketwo-data/images/5.png,5,Charmeleon,charmeleon,,0,1,1,f344d42a2567220caed5e53b40883198b9978a323f561d618bed23ffc13eef49,475,475,RGBA
data/raw/poketwo-data/images/50.png,50,Diglett,diglett,,0,1,1,2cd1be68c1a5d98f692705c6d0ec1a5135b8dba22ebfd63281bcfc16eac1db45,475,475,RGBA
data/raw/poketwo-data/images/500.png,500,Emboar,emboar,,0,1,1,0746c6e0c60d108215afe9392d2bcf203df354bfee1cca7ee837e4c522408f08,475,475,RGBA
data/raw/poketwo-data/images/501.png,501,Oshawott,oshawott,,0,1,1,85ee550d27d40a184430ab0cfb9d773a72565e5e79d4e3f296ed0136d30b4c7f,475,475,RGBA
data/raw/poketwo-data/images/502.png,502,Dewott,dewott,,0,1,1,5b8f1765c5bd1de12840dfd95a331e9a46852151f6ee07bb8e3f6f9d5acde9e6,475,475,RGBA
data/raw/poketwo-data/images/503.png,503,Samurott,samurott,,0,1,1,b3878d5f5f591efba2de2e3a863897419b4167743aca16165a77dffd4aeef2a6,475,475,RGBA
data/raw/poketwo-data/images/504.png,504,Patrat,patrat,,0,1,1,ffd4e7464d606e32f68b0134acf32cac5c1945fbabb86ad4a8783dcb701e00e5,475,475,RGBA
data/raw/poketwo-data/images/505.png,505,Watchog,watchog,,0,1,1,30e4f67a561ce2b75cdaf907d8c74fec8445d70e0e8c44c6dec75f788bf00565,475,475,RGBA
data/raw/poketwo-data/images/506.png,506,Lillipup,lillipup,,0,1,1,a8dcb8000f5b354907879cbebc699994e20d719612c036ea8249ab69a75067a2,475,475,RGBA
data/raw/poketwo-data/images/507.png,507,Herdier,herdier,,0,1,1,a3792d35f1ea0f5e0b60e2353ee80064f95a0ba8971271ae20a09416c73107a8,475,475,RGBA
data/raw/poketwo-data/images/508.png,508,Stoutland,stoutland,,0,1,1,6694e39941e71efda346e1e93f79a73b6c579340d8ba099bebf325b75c841a6d,475,475,RGBA
data/raw/poketwo-data/images/509.png,509,Purrloin,purrloin,,0,1,1,f600e6404721c7870370e0fe27440b14ffe290a267f449d2905aa1654992a7f2,475,475,RGBA
data/raw/poketwo-data/images/510.png,510,Liepard,liepard,,0,1,1,325ba81cc5258ab9b844196b10fddcfd7b956d16a0266cb96cf0fe79fa843a6d,475,475,RGBA
data/raw/poketwo-data/images/511.png,511,Pansage,pansage,,0,1,1,c7bf7364f3f46a9a72faf307b950f01dafed4b62e0a829c8f18f8cfeda3ed2a3,475,475,RGBA
data/raw/poketwo-data/images/512.png,512,Simisage,simisage,,0,1,1,7b7de4e9f12e92b95db68a95d28ab9ed83818352792f6e53a46e8880f1825b18,475,475,RGBA
data/raw/poketwo-data/images/513.png,513,Pansear,pansear,,0,1,1,9f76097c3f0d1d6488932fc78370d101f376233ddb1df3ec6d67bb91a2f774a1,475,475,RGBA
data/raw/poketwo-data/images/514.png,514,Simisear,simisear,,0,1,1,b8b87d5a01bb4bb1c267a2bceb85a4b3adb6f6bf07d8b4f25fa009bf34e0dbb4,475,475,RGBA
data/raw/poketwo-data/images/515.png,515,Panpour,panpour,,0,1,1,897f9ea01b7e374a358911cdb622e0fe9d8bbbb40aba0aff9ff2b867d8e6aebd,475,475,RGBA
data/raw/poketwo-data/images/516.png,516,Simipour,simipour,,0,1,1,c75fb3837950b36fef7796b3469392e56f066e03c84a294ec8e3209080b2ca41,475,475,RGBA
data/raw/poketwo-data/images/517.png,517,Munna,munna,,0,1,1,5217bc89859f67203bde48866c049c29f011834a277d98635ec184d1d1d0aec6,475,475,RGBA
data/raw/poketwo-data/images/518.png,518,Musharna,musharna,,0,1,1,face2db571416ac5f1cb9bf17eed048e5f80de9555fba0e6395edab899014e0b,475,475,RGBA
data/raw/poketwo-data/images/519.png,519,Pidove,pidove,,0,1,1,14eb8d6b64f8f15ab408cae738dc3449605602b71b981e71b0bb3c2f7f2ba131,475,475,RGBA
data/raw/poketwo-data/images/52.png,52,Meowth,meowth,,0,1,1,f51f99691f69a0d718442b3cddeb8454cef70a5fb98e6d954b7bf909398e1899,475,475,RGBA
data/raw/poketwo-data/images/520.png,520,Tranquill,tranquill,,0,1,1,04d16b98150eee0dc877e9b84058db82da5aa6c81ccf8089cb5f575ed34476c6,475,475,RGBA
data/raw/poketwo-data/images/521.png,521,Unfezant,unfezant,,0,1,1,de44f3d68d5421c825d285f4c0e37dbc0fefd390ad92d14585325ad4c2b49c3f,475,475,RGBA
data/raw/poketwo-data/images/522.png,522,Blitzle,blitzle,,0,1,1,d0c1276953c44a698ad12ffadc68b0a0a2f0b7ad09a3dd100b2469560dcaa3c9,475,475,RGBA
data/raw/poketwo-data/images/523.png,523,Zebstrika,zebstrika,,0,1,1,33556daeb82a8c8f9d4d79385fe07c3fd1b6b7494180930ac79dc7bda7cd86ed,475,475,RGBA
data/raw/poketwo-data/images/53.png,53,Persian,persian,,0,1,1,382fa9a4e15d902e2efb61365c70674b3e3e62254f8f62344337c9c5eb7ced9f,475,475,RGBA
data/raw/poketwo-data/images/531.png,531,Audino,audino,,0,1,1,d831247ee0d75dd19340f3fbfceccfbdd989986cc5c090ce2513576be0557a2c,475,475,RGBA
data/raw/poketwo-data/images/532.png,532,Timburr,timburr,,0,1,1,ec55fecc541a0d97fbd74f461d5208a6a70d844612c82ab22c83dcfded77f711,475,475,RGBA
data/raw/poketwo-data/images/533.png,533,Gurdurr,gurdurr,,0,1,1,fe72726a577697c4f4fcae19238a7ed200def7bc8e5fb2fea0849d217f371080,475,475,RGBA
data/raw/poketwo-data/images/534.png,534,Conkeldurr,conkeldurr,,0,1,1,5d7f9f0ef1b82b36af0d6841116a94fb67e85b4838074e1b5e09766f8082caff,475,475,RGBA
data/raw/poketwo-data/images/536.png,536,Palpitoad,palpitoad,,0,1,1,27b2937e9fb520935cbe32f4ccd1a62a75a1f9a90fe9c45eccf8b68abbae2173,475,475,RGBA
data/raw/poketwo-data/images/537.png,537,Seismitoad,seismitoad,,0,1,1,7867816e7bd9a1400e7a23dc199341c16304edbe9fa8985df8f65bddfc109ecf,475,475,RGBA
data/raw/poketwo-data/images/54.png,54,Psyduck,psyduck,,0,1,1,43f298fc107372faf54c5a7b37d881584e2a2475797d16469d8d56829779c029,475,475,RGBA
data/raw/poketwo-data/images/540.png,540,Sewaddle,sewaddle,,0,1,1,81969f2ff12f2c894b86facbbca3e99df6d9c8100b54662e4d430ac017979522,475,475,RGBA
data/raw/poketwo-data/images/541.png,541,Swadloon,swadloon,,0,1,1,538978186b925129f19858683c35e23dca1c1c751addbf1142ab78cd6b193dea,475,475,RGBA
data/raw/poketwo-data/images/542.png,542,Leavanny,leavanny,,0,1,1,f9b2f19a4d79bd67a9a4b5afce69b19372e64c383336519f7fa4d7ed1617eddc,475,475,RGBA
data/raw/poketwo-data/images/543.png,543,Venipede,venipede,,0,1,1,168ec644f8b8dd5afc567357077deea132ea0b081c126750749571e342368e3f,475,475,RGBA
data/raw/poketwo-data/images/544.png,544,Whirlipede,whirlipede,,0,1,1,9f4c26c54593bf33c51cdc1cefb95cad8eef2cddba44ce5bb4fcfd3dbc79ed34,475,475,RGBA
data/raw/poketwo-data/images/545.png,545,Scolipede,scolipede,,0,1,1,e4e46f45d6ab8d89744c6b94193f852e7eae8ee98c2ada3201025ea20519a8e9,475,475,RGBA
data/raw/poketwo-data/images/546.png,546,Cottonee,cottonee,,0,1,1,6f4065f0f5f7000cf1603d6c91ada33901e857b43bccf7103a3805ac8f5993a9,475,475,RGBA
data/raw/poketwo-data/images/547.png,547,Whimsicott,whimsicott,,0,1,1,be98677abf01e5c7edb3696c6421ffc3c36bec4109425ef5ec721e4bd190ebb0,475,475,RGBA
data/raw/poketwo-data/images/548.png,548,Petilil,petilil,,0,1,1,f3c3fd9b96d6cfd2f2a176e73282e18290259a9de83b7be77ca576217990d2f6,475,475,RGBA
data/raw/poketwo-data/images/549.png,549,Lilligant,lilligant,,0,1,1,3f5edf06196c2756704b39dfa339bdebd72310774ce0c411cd0de2498732c6fb,475,475,RGBA
data/raw/poketwo-data/images/55.png,55,Golduck,golduck,,0,1,1,772c9efd133f2cac8cfdb349fb81124d4fd263e305a333d04d5cd4d5146512d2,475,475,RGBA
data/raw/poketwo-data/images/551.png,551,Sandile,sandile,,0,1,1,7ae79b8fef3ab73662e668733f57ebf28c29b7485d5254bedba3a70a4a75f3f9,475,475,RGBA
data/raw/poketwo-data/images/552.png,552,Krokorok,krokorok,,0,1,1,b7902951b5723843f09eccd2bd0fa94b8d8dd6a5b8f9d5edd73b79d4deae2f18,475,475,RGBA
data/raw/poketwo-data/images/553.png,553,Krookodile,krookodile,,0,1,1,c1222e5adc7f70677f7617e06ee02b138b11b8e7c205142fdcae6f73c9adb75d,475,475,RGBA
data/raw/poketwo-data/images/556.png,556,Maractus,maractus,,0,1,1,1ff4d2bbeacc89c93f0fa7a99ffb83a073ecf5983aed01ef7fd3966ef6345e4c,475,475,RGBA
data/raw/poketwo-data/images/559.png,559,Scraggy,scraggy,,0,1,1,17abbe15ec28e70d4e90099d953e45f6487c616e08992a6d3bfb15b516c46c1f,475,475,RGBA
data/raw/poketwo-data/images/560.png,560,Scrafty,scrafty,,0,1,1,843c7f751ccaa082079bd6c779c03c02ed90a319359fd9495e2f48203023e9e5,475,475,RGBA
data/raw/poketwo-data/images/565.png,565,Carracosta,carracosta,,0,1,1,65af3aff6ef761cece9b84a9f009175cbe7e4c7ac02727a96a118eaa2e45890e,475,475,RGBA
data/raw/poketwo-data/images/566.png,566,Archen,archen,,0,1,1,6e493b31aa5edc9ba1ff2af8e7e0ac134f062e4f7d3da4452293cf71080abf5c,475,475,RGBA
data/raw/poketwo-data/images/570.png,570,Zorua,zorua,,0,1,1,e7f1600698c1345a674011a174bca1aaa68441f0a69330949f199fe813e24bc3,475,475,RGBA
data/raw/poketwo-data/images/571.png,571,Zoroark,zoroark,,0,1,1,be84fb80fcd0018e91cb793dd03dfc5f6138ef19d0b676b9ce646edebd3a7772,475,475,RGBA
data/raw/poketwo-data/images/572.png,572,Minccino,minccino,,0,1,1,74191d480bf0f3103f314898b9d1cb1ed83c35918654cb69a2a07c8be0ce37a9,475,475,RGBA
data/raw/poketwo-data/images/573.png,573,Cinccino,cinccino,,0,1,1,aaca3161c3838ebc78142bfaa8e4c2ebbb88b4a81bf911f53da664d46ae4b59a,475,475,RGBA
data/raw/poketwo-data/images/574.png,574,Gothita,gothita,,0,1,1,ddb5518f8974b9680a59d89435543aa84b57b8f2360ddfe13e80697ca64fa9a3,475,475,RGBA
data/raw/poketwo-data/images/575.png,575,Gothorita,gothorita,,0,1,1,0e77f6bfe668c68e56bb74086e5698faf7501cd73f8b8c2bf22e6db41b1d3088,475,475,RGBA
data/raw/poketwo-data/images/576.png,576,Gothitelle,gothitelle,,0,1,1,252a5a8ccc362bd344bbbf75d650995530024b40eb6d05298f584ddea6343054,475,475,RGBA
data/raw/poketwo-data/images/577.png,577,Solosis,solosis,,0,1,1,f1335ce7e29735bd637f29e6ac8b488ab713d6ba794d23c814077f287ab1e6e1,475,475,RGBA
data/raw/poketwo-data/images/578.png,578,Duosion,duosion,,0,1,1,f87a402a4f46c2cb5d704b9e06c7248dd6f8303c86d174546023c4474176d4e2,475,475,RGBA
data/raw/poketwo-data/images/579.png,579,Reuniclus,reuniclus,,0,1,1,2b05b481c018f9b5a264efdd7f2eb4d76f6efee65ebacaa7371816fe15191999,475,475,RGBA
data/raw/poketwo-data/images/580.png,580,Ducklett,ducklett,,0,1,1,834b9976c4b8b282eaa7bf129247f9c0e49b2ec3a392c33c8dd6c3337aad2e1e,475,475,RGBA
data/raw/poketwo-data/images/581.png,581,Swanna,swanna,,0,1,1,5cf5f8c4a36cb321efde634ea034b847aa34fe48f357539818a0c412552ef746,475,475,RGBA
data/raw/poketwo-data/images/585.png,585,Deerling,deerling,,0,1,1,e314e9f97543e8991baa60b78af6241ce5634d18cee5da31f9dc307e451d0a14,475,475,RGBA
data/raw/poketwo-data/images/586.png,586,Sawsbuck,sawsbuck,,0,1,1,106dc40eed04bbecfdc6bd59f7b37c695cb7d3d1795af72f4e92fd3225cb7d91,475,475,RGBA
data/raw/poketwo-data/images/587.png,587,Emolga,emolga,,0,1,1,d8653608de3764a62d118ac05ea54a9cc5523b6aaee63dd653c28611d5aac421,475,475,RGBA
data/raw/poketwo-data/images/588.png,588,Karrablast,karrablast,,0,1,1,6a7ec36fa4e44350182aecb491f7bbd5b8d47af8a17f8bd544631c27dc53a677,475,475,RGBA
data/raw/poketwo-data/images/590.png,590,Foongus,foongus,,0,1,1,50d84b8657185950d62c1592b267990ff966604aeb5fdc2a1e1ce29f08135de0,475,475,RGBA
data/raw/poketwo-data/images/591.png,591,Amoonguss,amoonguss,,0,1,1,5da782b19e1439cc7f76e7e2ad73f34ae27c23bec4b0035db227d974562be7f1,475,475,RGBA
data/raw/poketwo-data/images/6.png,6,Charizard,charizard,,0,1,1,c0af8fac59b1dc8e51808dbb9c3c3b217174fc92660607b87669f39082ee3018,475,475,RGBA
data/raw/poketwo-data/images/60.png,60,Poliwag,poliwag,,0,1,1,e34f108a8361b99a11c330628a99094084a581302dc4457a54aa3d4a2a6d038c,475,475,RGBA
data/raw/poketwo-data/images/602.png,602,Tynamo,tynamo,,0,1,1,7f0dc9998d0adac357d6be7342811eae0db4a223c2baf757dca5d8abdaa14eea,475,475,RGBA
data/raw/poketwo-data/images/608.png,608,Lampent,lampent,,0,1,1,8400d1bf74ee9b517f4bcb70af29916720e519a73e4edea907986193a7d738c5,475,475,RGBA
data/raw/poketwo-data/images/609.png,609,Chandelure,chandelure,,0,1,1,f798970b05a24c551393577a1131c20cd1cc1e82d3a87d7647ab40de47051ba7,475,475,RGBA
data/raw/poketwo-data/images/61.png,61,Poliwhirl,poliwhirl,,0,1,1,cc516003a057841db2c58373301f9dc0e6cce13012a9c300c14d17b56088a636,475,475,RGBA
data/raw/poketwo-data/images/610.png,610,Axew,axew,,0,1,1,15fea7f47fce5eb30775b7367a0e34e0bf7f6c9d4348bb551e741a55fc9a5d4a,475,475,RGBA
data/raw/poketwo-data/images/611.png,611,Fraxure,fraxure,,0,1,1,10491ba0ed3bb14450fdf5397942bd5b914745a2452ca0ae4478c77f13d68e6c,475,475,RGBA
data/raw/poketwo-data/images/612.png,612,Haxorus,haxorus,,0,1,1,e8161c23ea9b9e69696b21d74af07bb27a152b291b120f321204586a7471ceaa,475,475,RGBA
data/raw/poketwo-data/images/613.png,613,Cubchoo,cubchoo,,0,1,1,25726b1205df8b20c309895526a63998fe47441b8d64ec0f31676ecb94b47ca2,475,475,RGBA
data/raw/poketwo-data/images/614.png,614,Beartic,beartic,,0,1,1,8ff5757bb5f21e409075914f41180bbbcf6c07b4a64eba836648327fdc90074e,475,475,RGBA
data/raw/poketwo-data/images/616.png,616,Shelmet,shelmet,,0,1,1,5de4df90721f82f860a3b728969258884718e44e28c0a4fe8a2dcad0ccd18562,475,475,RGBA
data/raw/poketwo-data/images/617.png,617,Accelgor,accelgor,,0,1,1,68284bd4f91b12a66dafe3835e85471ce937383f14d38500f51e1aa0ec78bfa7,475,475,RGBA
data/raw/poketwo-data/images/619.png,619,Mienfoo,mienfoo,,0,1,1,c544888ae22ac2b0dfb0ff7f446a8b7f41bfd3c80873c772c3973848b5aa9dc2,475,475,RGBA
data/raw/poketwo-data/images/62.png,62,Poliwrath,poliwrath,,0,1,1,d5229df70b5b8ca265bd3166b0f8538ad08b8842950ac77ae882e8c04d0e8222,475,475,RGBA
data/raw/poketwo-data/images/620.png,620,Mienshao,mienshao,,0,1,1,e9424df9a42b3b5fdd26e279605773dbef9504d31f8f7f2ec9d8adf384500015,475,475,RGBA
data/raw/poketwo-data/images/626.png,626,Bouffalant,bouffalant,,0,1,1,b5e36ddd86a7c0df1f985c8aa0842e05d999cdaf6fcef1af269ee6363afc46aa,475,475,RGBA
data/raw/poketwo-data/images/627.png,627,Rufflet,rufflet,,0,1,1,610e65b0199fcc718e09920ae2631f98faa6a0e7ad5947f1c11ff41950c357e1,475,475,RGBA
data/raw/poketwo-data/images/629.png,629,Vullaby,vullaby,,0,1,1,2e53d268dec928469b0a05cf73aeef8beb7bdfcbec0ae62b8552318463f67003,475,475,RGBA
data/raw/poketwo-data/images/630.png,630,Mandibuzz,mandibuzz,,0,1,1,ccbe6ec6b9f46e3b34d5a03cc817d527d52e2700e3be20d12293a4da331565ab,475,475,RGBA
data/raw/poketwo-data/images/632.png,632,Durant,durant,,0,1,1,13e15da4af52c92e9dd83912877b0517a98af64af19981c694b4f295d61be3cd,475,475,RGBA
data/raw/poketwo-data/images/636.png,636,Larvesta,larvesta,,0,1,1,507a17806a6a7ba138f6f2fc797dfffab42111c7444f59c4a05316fc46fdc324,475,475,RGBA
data/raw/poketwo-data/images/637.png,637,Volcarona,volcarona,,0,1,1,a0d6cc7417be6cfba709886b2fa439b1d2fe727a82e05ce821a96aac166d8e93,475,475,RGBA
data/raw/poketwo-data/images/638.png,638,Cobalion,cobalion,,0,1,1,f2ab7d76cd1754e71197b30a05d22f21aa0041d5718742e65500df5e5ce2ffa6,475,475,RGBA
data/raw/poketwo-data/images/639.png,639,Terrakion,terrakion,,0,1,1,4348790444b7112105ec028a06395dacda1d97c4a34a1a8d737d0f875d4237ec,475,475,RGBA
data/raw/poketwo-data/images/640.png,640,Virizion,virizion,,0,1,1,4f5b6bf3bab0d875b0741e242c6b57dfe9d9db267c8be239c53dd217f569fddf,475,475,RGBA
data/raw/poketwo-data/images/647.png,647,Keldeo,keldeo-ordinary,,0,1,1,287294125e24f649487356c5f95d9c68b0ff922e6bd868c3687a3ff2898bf2cc,475,475,RGBA
data/raw/poketwo-data/images/648.png,648,Meloetta,meloetta-aria,,0,1,1,d5880825ee83d946a1c6ecb3e9d5a1fb7e38543d5450547dace9e7647aa37b4a,475,475,RGBA
data/raw/poketwo-data/images/650.png,650,Chespin,chespin,,0,1,1,a7d0f193c24ec9230dd54fa939bac0b831834def24fd829573a8522406c24b7d,475,475,RGBA
data/raw/poketwo-data/images/651.png,651,Quilladin,quilladin,,0,1,1,fec4a1c5940e6f0f0e9960b74cc6df23ed586e99e84539f5b7409666251a5782,475,475,RGBA
data/raw/poketwo-data/images/652.png,652,Chesnaught,chesnaught,,0,1,1,6520608dfdcc2c24bb6e6bfa3da719c6145122f221ef4adfd6ce63339a25e381,475,475,RGBA
data/raw/poketwo-data/images/653.png,653,Fennekin,fennekin,,0,1,1,f747db9a834847ec1e291774292c336f5ec8616cce8f272b4523924190eac270,475,475,RGBA
data/raw/poketwo-data/images/654.png,654,Braixen,braixen,,0,1,1,e52eae47930902df5b54b62503eb7264e02ba7f58775731594e86413c2080d12,475,475,RGBA
data/raw/poketwo-data/images/655.png,655,Delphox,delphox,,0,1,1,c3bdfe9747f4699f9c3e2409534815a0bd7e5048e55d912b0b02493aa7ddb031,475,475,RGBA
data/raw/poketwo-data/images/656.png,656,Froakie,froakie,,0,1,1,fb654908ba76eb425212c7eb919a0ee25aed348361b7f48fda1935ea010cdb48,475,475,RGBA
data/raw/poketwo-data/images/657.png,657,Frogadier,frogadier,,0,1,1,52fc5a70c156b96cd278c793b5272cfce3a2c6f77f2793e8a6898265b6407816,475,475,RGBA
data/raw/poketwo-data/images/658.png,658,Greninja,greninja,,0,1,1,eb594ac865e9a7ccfc4cf07a85ba5e3bdd384978c4415411162c99d687bdec26,475,475,RGBA
data/raw/poketwo-data/images/659.png,659,Bunnelby,bunnelby,,0,1,1,59da46062358fbacba74e1b458919899910320b8a1c35f37cb039260f5fc06bd,475,475,RGBA
data/raw/poketwo-data/images/66.png,66,Machop,machop,,0,1,1,f7601f9a59c92d4574f541f957860cfdbb8edab93e69fe26eca4d4d3edf9d24f,475,475,RGBA
data/raw/poketwo-data/images/660.png,660,Diggersby,diggersby,,0,1,1,0d766e9c1d94b7fac9a2cded2cdd011dd07af8b39f436a80f319e670b02a9875,475,475,RGBA
data/raw/poketwo-data/images/661.png,661,Fletchling,fletchling,,0,1,1,65e5361539f56e8d71018b609032a5710f480f4e156394c2f6073753320d8ddd,475,475,RGBA
data/raw/poketwo-data/images/662.png,662,Fletchinder,fletchinder,,0,1,1,47a5cc1682740ff37078d033b71a2a63df29118553f06a3eb0df265f2cfb9e07,475,475,RGBA
data/raw/poketwo-data/images/664.png,664,Scatterbug,scatterbug,,0,1,1,931fa2a80e9699bb03618bf668df2b3b8a4e7db2c8896da8ffe4f2e50bb81da6,475,475,RGBA
data/raw/poketwo-data/images/665.png,665,Spewpa,spewpa,,0,1,1,4ece679efff7ee7bff6ae6a49f324b0f37e9d596f34ca73792c2c6ff9bcacc97,475,475,RGBA
data/raw/poketwo-data/images/666.png,666,Vivillon,vivillon,,0,1,1,4b354f0265a488d811cdc19c03f488a66ccb18a6bf4cf0664b1ab3d74b7ffbb4,475,475,RGBA
data/raw/poketwo-data/images/667.png,667,Litleo,litleo,,0,1,1,cd098dbcfde14acf4d686d83a5c085c7782598691dfbf534c2f5bf5934d1c008,475,475,RGBA
data/raw/poketwo-data/images/668.png,668,Pyroar,pyroar,,0,1,1,477a103944f7835f6692e8b77fe009f1d7957ba2abc6d2cfdbfb0ad0c4293f47,475,475,RGBA
data/raw/poketwo-data/images/669.png,669,Flabébé,flabebe,,0,1,1,6459476b394bd0c0719a21b34ef9b36fa0507f589fd8b16957ef29184059c459,475,475,RGBA
data/raw/poketwo-data/images/670.png,670,Floette,floette,,0,1,1,e926ba45e10aa524fa394d09635af4cf7b7a2cd936eda61816eba30fc4376c9c,475,475,RGBA
data/raw/poketwo-data/images/671.png,671,Florges,florges,,0,1,1,5520036d303c28f5ce5179edef5cc8fef1aa096e9fdf736de23789d38e59fae9,475,475,RGBA
data/raw/poketwo-data/images/672.png,672,Skiddo,skiddo,,0,1,1,f78430de7e108d08e6a93d3b3351199f99e996597cd873f57e0c3f988dc96d84,475,475,RGBA
data/raw/poketwo-data/images/673.png,673,Gogoat,gogoat,,0,1,1,4b7c25c14599d2a42658ef30a914b347d6fc947b027336e949429ea527db3ff6,475,475,RGBA
data/raw/poketwo-data/images/674.png,674,Pancham,pancham,,0,1,1,020071acd175e5049e50e05da0715d08b6e06cebd7b46cb86b07997f76893d59,475,475,RGBA
data/raw/poketwo-data/images/675.png,675,Pangoro,pangoro,,0,1,1,a36a8ac9223f3f9999bdca3a72b7ec28f609320b528c1c4b933c0921d9a77d7c,475,475,RGBA
data/raw/poketwo-data/images/676.png,676,Furfrou,furfrou,,0,1,1,cf6b1e4e5520489ec8721d7d554dc4965cbe3fca5c7540d15a73f7cc4931ab80,475,475,RGBA
data/raw/poketwo-data/images/677.png,677,Espurr,espurr,,0,1,1,474774d5a5121a9d287ac093d66d7f1683684e92b9bda9a479da6e6f8d45d75d,475,475,RGBA
data/raw/poketwo-data/images/678.png,678,Meowstic,meowstic-male,,0,1,1,e06be8d56385a336139164af47882694fac3c9bc7b043ffeadf0495e12882e4f,475,475,RGBA
data/raw/poketwo-data/images/682.png,682,Spritzee,spritzee,,0,1,1,24a82f7d554171094d068c74a7bfe7f66d5b8bbbe402b388b5aab5e54ec99238,475,475,RGBA
data/raw/poketwo-data/images/683.png,683,Aromatisse,aromatisse,,0,1,1,0ecdf5419ad9a10dd3ccc868de0289e280a6322fc6ca0944a0272e937383f1f6,475,475,RGBA
data/raw/poketwo-data/images/684.png,684,Swirlix,swirlix,,0,1,1,ceeb9ba2ee4698749b1a20d3d8a771e7ef73527f840ec3cecefd169a3cdb02f6,475,475,RGBA
data/raw/poketwo-data/images/685.png,685,Slurpuff,slurpuff,,0,1,1,085c40617b18e7c381bba8e8386e835def48ed452f8e585ac5fe76b0cac61b05,475,475,RGBA
data/raw/poketwo-data/images/69.png,69,Bellsprout,bellsprout,,0,1,1,ac04b5fa13b79a60308bb345ee4abdc4e6a7f6054170057e62150c13f3af0878,475,475,RGBA
data/raw/poketwo-data/images/690.png,690,Skrelp,skrelp,,0,1,1,7d865bf37e9936d5b289f940d80cfc7eafe7a13943f060a37f3d7e571d84e082,475,475,RGBA
data/raw/poketwo-data/images/694.png,694,Helioptile,helioptile,,0,1,1,c968ab9e57947ae65ce3afd74b9434ed3f4595cb0dd713a7c904a0068f0a8f09,475,475,RGBA
data/raw/poketwo-data/images/696.png,696,Tyrunt,tyrunt,,0,1,1,5f1e0867a6cc4f7f67680bd9a979ab8efb8de3ce8075d8cfa4264613377a4bb5,475,475,RGBA
data/raw/poketwo-data/images/697.png,697,Tyrantrum,tyrantrum,,0,1,1,a4cd43c0cccc899c3a64a15aceaa3a6dd1fa63f90349e7c1b883dcb48cdfb1cb,475,475,RGBA
data/raw/poketwo-data/images/698.png,698,Amaura,amaura,,0,1,1,30bf6d8b5ad6b4cf3c8dc867858a76705db359e1e24db0e7bdd19392899cd787,475,475,RGBA
data/raw/poketwo-data/images/699.png,699,Aurorus,aurorus,,0,1,1,ef8b5e1ea6918a8d911e3258155e52f20c1a8d4a9727d9ed6644011559323a80,475,475,RGBA
data/raw/poketwo-data/images/7.png,7,Squirtle,squirtle,,0,1,1,d2d123dd4a14024c90c12a2b00c3336f877d2665607d65c42b50ac8b3fef368a,475,475,RGBA
data/raw/poketwo-data/images/70.png,70,Weepinbell,weepinbell,,0,1,1,d41e8c0baf10949a3780cf9e1b82414d049144753cea2d24be03a8dad7e1fc48,475,475,RGBA
data/raw/poketwo-data/images/700.png,700,Sylveon,sylveon,,0,1,1,44bb2233671aa59f851d4b678289baa44438346d712f78b9b63e44ea1fb7bac6,475,475,RGBA
data/raw/poketwo-data/images/701.png,701,Hawlucha,hawlucha,,0,1,1,053ccf10da315ecad5aa28321ec3f83612024c75447d6cdbb583ff6258e8777a,475,475,RGBA
data/raw/poketwo-data/images/702.png,702,Dedenne,dedenne,,0,1,1,a50d164d4362fc8d0da164487ef3f726ff979e94d75740afa49d813ffca7bbde,475,475,RGBA
data/raw/poketwo-data/images/704.png,704,Goomy,goomy,,0,1,1,44ca734daf43c4c7f04503c8ac0760bb641d90e4a770d5519ef49d8e716e542d,475,475,RGBA
data/raw/poketwo-data/images/705.png,705,Sliggoo,sliggoo,,0,1,1,d4e6f8e98cececa36da8728a2e56caa315402380d5115484d8dd10d02e906ea2,475,475,RGBA
data/raw/poketwo-data/images/706.png,706,Goodra,goodra,,0,1,1,8035d52082238b11fc640797cd6972e3726cebab234549879f4dcc62801b3129,475,475,RGBA
data/raw/poketwo-data/images/707.png,707,Klefki,klefki,,0,1,1,eb3ca474444c2013f42c77af43053f5661cc557bf368d2ab67b7ca1020d1a0a1,475,475,RGBA
data/raw/poketwo-data/images/71.png,71,Victreebel,victreebel,,0,1,1,0899c25ba93014390600606776393d78f1f65dce47501fc791331c4a740695e1,475,475,RGBA
data/raw/poketwo-data/images/712.png,712,Bergmite,bergmite,,0,1,1,1b6e0eb3398aedfbdea84061894d75df0e55a6c1396e85ddbe68da6b9f082ba1,475,475,RGBA
data/raw/poketwo-data/images/713.png,713,Avalugg,avalugg,,0,1,1,34d1d5ac88aa38bb47a9a053843d845bd155958d85436be1c18f322c22b2f96b,475,475,RGBA
data/raw/poketwo-data/images/716.png,716,Xerneas,xerneas,,0,1,1,b64f0483167c54408e4d1b5d3c93eef8044014f21bb9890404ea61aefb331fb2,475,475,RGBA
data/raw/poketwo-data/images/72.png,72,Tentacool,tentacool,,0,1,1,e3a3e216e5d247efe13e54e7241c63c1449629e6a132cb4af36e532a23441c3f,475,475,RGBA
data/raw/poketwo-data/images/721.png,721,Volcanion,volcanion,,0,1,1,0e9811a35d406c7742155f8eee7c82b17f8393fbd215335ffecea2a715a7ab53,475,475,RGBA
data/raw/poketwo-data/images/722.png,722,Rowlet,rowlet,,0,1,1,3033421cff2d4d8d104c42565c26a04618bedccc64d47c88a57168afd9b0b5d1,475,475,RGBA
data/raw/poketwo-data/images/723.png,723,Dartrix,dartrix,,0,1,1,eb3e29e4abaef5766b1f40e05270a71819c404ba1998f844f698c54c243a121d,475,475,RGBA
data/raw/poketwo-data/images/724.png,724,Decidueye,decidueye,,0,1,1,fbc6b6c3820c8d340b9528a8368afcf1b4a984db13fd9f98a381816bc7da3998,475,475,RGBA
data/raw/poketwo-data/images/725.png,725,Litten,litten,,0,1,1,a88449027a61e5891dcb166e13566249ded0b268e1e8735c18705b8b77a13462,475,475,RGBA
data/raw/poketwo-data/images/726.png,726,Torracat,torracat,,0,1,1,1b2f164fc0adeddfa7f2eae21d80381afeb470fdae6a84fa58cada45d31e57f3,475,475,RGBA
data/raw/poketwo-data/images/727.png,727,Incineroar,incineroar,,0,1,1,10cbb49d4e93d163b74040fba22e458adfaffe27de6a3679c754a66fc241c89f,475,475,RGBA
data/raw/poketwo-data/images/73.png,73,Tentacruel,tentacruel,,0,1,1,22cac83aa4d3d4ee05ee3048f978d1e2581c2114091a619aa3f8b0e931d18f31,475,475,RGBA
data/raw/poketwo-data/images/730.png,730,Primarina,primarina,,0,1,1,0c522a8bc929226cca11b04fcba5518f0dc6efd2cae67f359365c1fab81574b1,475,475,RGBA
data/raw/poketwo-data/images/731.png,731,Pikipek,pikipek,,0,1,1,637ff14435c2ff199df3befdc4a6950a35108cbbc87e047e45374838d09bc102,475,475,RGBA
data/raw/poketwo-data/images/732.png,732,Trumbeak,trumbeak,,0,1,1,0165ffa4b23dcc429df94c14077c0c0ec2c4ee254fb4c2ea259df06c7c6c9bfd,475,475,RGBA
data/raw/poketwo-data/images/733.png,733,Toucannon,toucannon,,0,1,1,7387f8a3e3cce3a2b2d8e0e92f53a29542cd24bc3cab01e356a7227e73daaa19,475,475,RGBA
data/raw/poketwo-data/images/734.png,734,Yungoos,yungoos,,0,1,1,7f0563b9b0cb1687622339d31184f38b8d0be89828022bd95b68232f543ea8d3,475,475,RGBA
data/raw/poketwo-data/images/735.png,735,Gumshoos,gumshoos,,0,1,1,1bf3fd50334bc045f88d6c22ee51bbfd010dc6ea537df2b07a8952403b82871e,475,475,RGBA
data/raw/poketwo-data/images/739.png,739,Crabrawler,crabrawler,,0,1,1,1ba41234ab98e08e4a3a28d059d285f991d8a268c3c10e417414cb3099782bee,475,475,RGBA
data/raw/poketwo-data/images/740.png,740,Crabominable,crabominable,,0,1,1,1d7baf67e6ea0b15f3c66dc37866a6d50ef73123d048445a18e423d2195f402d,475,475,RGBA
data/raw/poketwo-data/images/741.png,741,Oricorio,oricorio-baile,,0,1,1,afe5835b5d46c1939cd195adb3a775d5beff986d19c93d34a1c1300deeb8cd69,475,475,RGBA
data/raw/poketwo-data/images/742.png,742,Cutiefly,cutiefly,,0,1,1,8b7d8b7bd0b35b6ea1bf65fd709fe913d756b9d9c7e89b5c5b6f326fd5047aef,475,475,RGBA
data/raw/poketwo-data/images/743.png,743,Ribombee,ribombee,,0,1,1,749094adff3b21aad5fa1d7a9c3b44389eace16db66a70aca1f80cdeb5d89cf2,475,475,RGBA
data/raw/poketwo-data/images/744.png,744,Rockruff,rockruff,,0,1,1,a38f95a5de0af39ef58bf1d01b3137940df227ea2cc8f27461fd84c0e4190eef,475,475,RGBA
data/raw/poketwo-data/images/745.png,745,Lycanroc,lycanroc-midday,,0,1,1,8f5743f0954484bd4c60e24fa8a1cdc2b5bee605469a426b5068af13d2ccb76e,475,475,RGBA
data/raw/poketwo-data/images/747.png,747,Mareanie,mareanie,,0,1,1,edfc8f14e92a3988825ee8e80dbff156172a5f94faf396c142b54f3dab532b29,475,475,RGBA
data/raw/poketwo-data/images/748.png,748,Toxapex,toxapex,,0,1,1,da2d2132d191e6be8e98b0ec3e52bea2ddbf89842770135054c417995ad3e97e,475,475,RGBA
data/raw/poketwo-data/images/749.png,749,Mudbray,mudbray,,0,1,1,6612bb2044d73ca0f4da165dfc1d7143c8889a631506b2c3cd52e3fa26052b39,475,475,RGBA
data/raw/poketwo-data/images/750.png,750,Mudsdale,mudsdale,,0,1,1,25204e4eff9c4b36466fe5a74465f11dfda0b81ef5757a9737ffd664a97b9386,475,475,RGBA
data/raw/poketwo-data/images/753.png,753,Fomantis,fomantis,,0,1,1,c83be0a6b9fd3f65eef68dd3dbd76ad6eefcfc590fa138222a9d3677df6c38d3,475,475,RGBA
data/raw/poketwo-data/images/754.png,754,Lurantis,lurantis,,0,1,1,9e9b4c53508aa3d7c1fae3f6e7e0401671185bcb7a8f3451b8b3f05b450c4973,475,475,RGBA
data/raw/poketwo-data/images/755.png,755,Morelull,morelull,,0,1,1,3e18e38b512fdd0cebb7d966482009a311c0d6174da883d2710ef18944b4af38,475,475,RGBA
data/raw/poketwo-data/images/756.png,756,Shiinotic,shiinotic,,0,1,1,35aae776c5a49622acc51f326e21eb1bcc445523f45476f0c9900b58d5e1f48a,475,475,RGBA
data/raw/poketwo-data/images/759.png,759,Stufful,stufful,,0,1,1,6af1b7bb93d1f75bf4bd2191fe9ebc46df6658754082d53b35bcce0d60b46f45,475,475,RGBA
data/raw/poketwo-data/images/760.png,760,Bewear,bewear,,0,1,1,0e8ba8b3f3c4a2a62a46e58bb6a927de8d9cbcd421c6647446c35c4e487a783a,475,475,RGBA
data/raw/poketwo-data/images/761.png,761,Bounsweet,bounsweet,,0,1,1,0c77a6c6ee44a7472ecd2001a3aac4825d807757aa8acf9e6a609fd16ddb6ada,475,475,RGBA
data/raw/poketwo-data/images/762.png,762,Steenee,steenee,,0,1,1,b7c8e41663bcc1e3ad755e5b3c48aa2aaa9efd94bebb4e691e1bde8d1a706ca5,475,475,RGBA
data/raw/poketwo-data/images/763.png,763,Tsareena,tsareena,,0,1,1,e2f33266ec97c5152b04354607e15edae34b3ec38ba1caf31cb4a0fca29b2488,475,475,RGBA
data/raw/poketwo-data/images/764.png,764,Comfey,comfey,,0,1,1,7aabfb4fd238caed45d69dbb4d5d5730a46096cad77144da1e6d2618e4da21d2,475,475,RGBA
data/raw/poketwo-data/images/765.png,765,Oranguru,oranguru,,0,1,1,35e28d574ca885fc8d98078eebbffca3ed7b051384a2c13adc3ea526627ee88f,475,475,RGBA
data/raw/poketwo-data/images/766.png,766,Passimian,passimian,,0,1,1,562882a2931128524882ef21a18d5f6403bb79502b6e227cd808d86d2b5373e1,475,475,RGBA
data/raw/poketwo-data/images/767.png,767,Wimpod,wimpod,,0,1,1,cf1ebc6e0f57a1225390a2ae8df70530d7265f54066d66c4efc6860ac391fd5f,475,475,RGBA
data/raw/poketwo-data/images/769.png,769,Sandygast,sandygast,,0,1,1,340a97060347cbd794ce434dce914d3d880e854808d9fcbf5a122f9b36a8f4f2,475,475,RGBA
data/raw/poketwo-data/images/77.png,77,Ponyta,ponyta,,0,1,1,28492baf0016942708d1ff02940828ed0889894a129f9167b1976900f24ed996,475,475,RGBA
data/raw/poketwo-data/images/770.png,770,Palossand,palossand,,0,1,1,d28910161a0018867f51d6e407b3dc92f2961b2244fd191c7fe30dc7efcd9959,475,475,RGBA
data/raw/poketwo-data/images/775.png,775,Komala,komala,,0,1,1,fc4bce970495329b28fd2ae201b47c25d8c88286156059476ec47a5185a77e1b,475,475,RGBA
data/raw/poketwo-data/images/776.png,776,Turtonator,turtonator,,0,1,1,20875ae5a540965fc447390a020ed2495e34f82d75bf383e47d5e9f07dd117a2,475,475,RGBA
data/raw/poketwo-data/images/777.png,777,Togedemaru,togedemaru,,0,1,1,f43e4d5a48ee2db3281e69721744a2aab726ffbf86c7df9adfefee4e66624f15,475,475,RGBA
data/raw/poketwo-data/images/778.png,778,Mimikyu,mimikyu-disguised,,0,1,1,29dfd86f6db3fd57ccf9e22679e299d09509368e10356d519ef186f27d09cd20,475,475,RGBA
data/raw/poketwo-data/images/78.png,78,Rapidash,rapidash,,0,1,1,813b89ad9979e2ac88d07dbdf8e3690719189a1349b3818c7520feb4aa807992,475,475,RGBA
data/raw/poketwo-data/images/781.png,781,Dhelmise,dhelmise,,0,1,1,5da304aa8008066e01ab740437dcb69808183ab6dfff9919c10d159cb1757104,475,475,RGBA
data/raw/poketwo-data/images/782.png,782,Jangmo-o,jangmo-o,,0,1,1,202812fe72e4febdfc5cb860ac57e941ce475366ad946aeea7bba013b0760ed4,475,475,RGBA
data/raw/poketwo-data/images/783.png,783,Hakamo-o,hakamo-o,,0,1,1,6f1d206d11f05dbd90f52c9fbc7bcd4972096e38bc21b81ad624865869882ef3,475,475,RGBA
data/raw/poketwo-data/images/784.png,784,Kommo-o,kommo-o,,0,1,1,dae28318c368c39597ce39852d38382180a6bf0192d016ca09f4a0ab2398629d,475,475,RGBA
data/raw/poketwo-data/images/789.png,789,Cosmog,cosmog,,0,1,1,4e78ddeec0babd6a0b163a565438379a84dedd73bde1eb229dd5cfc356fc7c1c,475,475,RGBA
data/raw/poketwo-data/images/79.png,79,Slowpoke,slowpoke,,0,1,1,8327d0dbd4279732a3ad86d056db3ac0c3707dac8d87c282badd32f41c3e8f20,475,475,RGBA
data/raw/poketwo-data/images/790.png,790,Cosmoem,cosmoem,,0,1,1,3e8cde46361e5d1d556978020614364303a5f74d2d0d4f59187380c47d5588a4,475,475,RGBA
data/raw/poketwo-data/images/792.png,792,Lunala,lunala,,0,1,1,c78449c7381222dc26de9eefc37d7079f95b6e3ef9b20a38eb2524f081a7b7d9,475,475,RGBA
data/raw/poketwo-data/images/8.png,8,Wartortle,wartortle,,0,1,1,a20fb908a52dc879385c97f17fe3eaeaf9ee1c6a722cddb052d8da8928a14fd1,475,475,RGBA
data/raw/poketwo-data/images/80.png,80,Slowbro,slowbro,,0,1,1,930a07a02998cbb993be98411c758511cb04d1145ca81abd77be7c2c5ef2c8ff,475,475,RGBA
data/raw/poketwo-data/images/807.png,807,Zeraora,zeraora,,0,1,1,fbce804d173a6dc5128db614c80b2593e7763fcac16a0d03f122c24fdc26a4c9,475,475,RGBA
data/raw/poketwo-data/images/81.png,81,Magnemite,magnemite,,0,1,1,a17e66664a98a22d802b7b5e25bbe09b11937256f8dfb5f4404a62233bdc1974,475,475,RGBA
data/raw/poketwo-data/images/810.png,810,Grookey,grookey,,0,1,1,e144086708140b2e54587fade2d3235baf307c8616041be5265ea2c6dd37ccd0,475,475,RGBA
data/raw/poketwo-data/images/811.png,811,Thwackey,thwackey,,0,1,1,4e7399a61a1f0cf33de5c6e472f5299f8469ef2c841edb2b2b066d0f869e8cb0,475,475,RGBA
data/raw/poketwo-data/images/812.png,812,Rillaboom,rillaboom,,0,1,1,ea8dab8e25bd79de1030d2e1582fd7927ae38dd33fdd73b1c7348d559bd13aee,475,475,RGBA
data/raw/poketwo-data/images/813.png,813,Scorbunny,scorbunny,,0,1,1,78ba6c9e264df2c734ae61623009dea816d60670e496f93b50080b71d8566667,475,475,RGBA
data/raw/poketwo-data/images/814.png,814,Raboot,raboot,,0,1,1,8a2bc83e5a0170be0be42cef448f7120f7da57e161a25af0bfd00d4ca13aee4c,475,475,RGBA
data/raw/poketwo-data/images/815.png,815,Cinderace,cinderace,,0,1,1,f5ea35af1e63172ea8fd05adead8a0b2ae7933717fce71bc4976595b804d7e95,475,475,RGBA
data/raw/poketwo-data/images/816.png,816,Sobble,sobble,,0,1,1,4ab5d8af2827a57b0b5cc8dff622f9671ff7251ea8b8a40d896efebe55d90cca,475,475,RGBA
data/raw/poketwo-data/images/817.png,817,Drizzile,drizzile,,0,1,1,a0b9824238350d945f2c0c2e2951e463af37fed8b2d88e53c90e32814638a6b4,475,475,RGBA
data/raw/poketwo-data/images/818.png,818,Inteleon,inteleon,,0,1,1,166113f6efd5e83272d619f18fcecb5c11dd136bbda00b8b9e58020b5cfbe09a,475,475,RGBA
data/raw/poketwo-data/images/819.png,819,Skwovet,skwovet,,0,1,1,749c89d6e43422f58b12c75ad88a02cee39a13a7ce9ad9be7981de9bc513566c,475,475,RGBA
data/raw/poketwo-data/images/82.png,82,Magneton,magneton,,0,1,1,e868ed0d3e679fe4558fb9dd6d5cbad91bc93f9b7fc69eeebdfd6cee59ff7c74,475,475,RGBA
data/raw/poketwo-data/images/820.png,820,Greedent,greedent,,0,1,1,c0a3dd33f8ad7d88b92db878a4c894ef99537805f50ced6d0e4185bf04439859,475,475,RGBA
data/raw/poketwo-data/images/821.png,821,Rookidee,rookidee,,0,1,1,f06e5e7a1c4390b26fa69a80cf6b8607939f109b0ed970deb6b65b0060d8e065,475,475,RGBA
data/raw/poketwo-data/images/822.png,822,Corvisquire,corvisquire,,0,1,1,4e4dda860e30d8302597af1bc2ad02822008ab462af8da1521928efd5c4ac895,475,475,RGBA
data/raw/poketwo-data/images/823.png,823,Corviknight,corviknight,,0,1,1,878332e225965e0dd1eed85b4d8325e21b4cad9c360539107493f35b47fe5b2e,475,475,RGBA
data/raw/poketwo-data/images/824.png,824,Blipbug,blipbug,,0,1,1,a1a6c60671bad62a4d918f50acf2d667a031831609d1908b01ece77f5ee4ee6d,475,475,RGBA
data/raw/poketwo-data/images/825.png,825,Dottler,dottler,,0,1,1,33d0f150b3048d73402c557610304546ee8645f8622150b02d33fa1cb9e03bb0,475,475,RGBA
data/raw/poketwo-data/images/826.png,826,Orbeetle,orbeetle,,0,1,1,954f94f27e3bf7353e48975c78c5945cdd9fa5a5500ad9f1f68672675582ec4a,475,475,RGBA
data/raw/poketwo-data/images/827.png,827,Nickit,nickit,,0,1,1,46b7126021b00c46886fc04222018fb9fddf888f4e153f27f13cd6fca979de83,475,475,RGBA
data/raw/poketwo-data/images/828.png,828,Thievul,thievul,,0,1,1,6cc29df6caf4cf13f396afb79d8e3610cc5194b3f8a9b216abf0bcd042446db2,475,475,RGBA
data/raw/poketwo-data/images/829.png,829,Gossifleur,gossifleur,,0,1,1,8a0a88e2d37d7103bda8771a987d5a97cd2bf97a3ad15e3ccc7f3bfad16e3fba,475,475,RGBA
data/raw/poketwo-data/images/83.png,83,Farfetch'd,farfetchd,,0,1,1,f7b870777d23ef1490af571a12df22f2d061edf2a41c07425d8b1d740d059de7,475,475,RGBA
data/raw/poketwo-data/images/830.png,830,Eldegoss,eldegoss,,0,1,1,dda3b4f215e9dd2d470f980beb529fc11c4df5120c7c6fb68a31ff5dfd78e560,475,475,RGBA
data/raw/poketwo-data/images/831.png,831,Wooloo,wooloo,,0,1,1,c6a7a426df62f11e65745d5e89eb03a336e71aaec8cdacc105292d6b20c88b52,475,475,RGBA
data/raw/poketwo-data/images/832.png,832,Dubwool,dubwool,,0,1,1,8c4275763235a88bc08b629c417d249de6391e4e6b0637c540faaa42e44b7205,475,475,RGBA
data/raw/poketwo-data/images/833.png,833,Chewtle,chewtle,,0,1,1,ea78e3d0270264d560b0106a6079dbe9739c49f0ea5153285840146cccd960a0,475,475,RGBA
data/raw/poketwo-data/images/834.png,834,Drednaw,drednaw,,0,1,1,78f6b6a179a7c3e1928896f18f7bacd9b277a324be804587e87c7e4e1f5809a5,475,475,RGBA
data/raw/poketwo-data/images/835.png,835,Yamper,yamper,,0,1,1,ae4bd1d6ec19a7a49ca23306aa0a734a4c5b11cb82cf7d974dbba860a27f74dd,475,475,RGBA
data/raw/poketwo-data/images/836.png,836,Boltund,boltund,,0,1,1,e3e7f4ea57511a309103e511105270f2c1ccb56bd0ccae030a3ae5cd33cc7f2d,475,475,RGBA
data/raw/poketwo-data/images/837.png,837,Rolycoly,rolycoly,,0,1,1,4879ecd2fba6711b3bb186a3ff646d24d89a59dc01a99e9e185c12b4110c8f3f,475,475,RGBA
data/raw/poketwo-data/images/838.png,838,Carkol,carkol,,0,1,1,201f83442e2aa0659563e0ec20be6c5dfecf593a5f6b2ae70cde9fdc9bb8883f,475,475,RGBA
data/raw/poketwo-data/images/839.png,839,Coalossal,coalossal,,0,1,1,9d862e3307157f6db85233617ca4288f09eca6fce5306c74fe21596a95e2a048,475,475,RGBA
data/raw/poketwo-data/images/84.png,84,Doduo,doduo,,0,1,1,73124f287de8e2bf4948714d9955d202a09734c1b3f5cdb7301cd41b5f6cad03,475,475,RGBA
data/raw/poketwo-data/images/840.png,840,Applin,applin,,0,1,1,a206a5af7487dd071e2f7bb85d068e306730fb27c486ad3d74ae17133b5eba22,475,475,RGBA
data/raw/poketwo-data/images/841.png,841,Flapple,flapple,,0,1,1,ccff5c13ca4ea9218c9d064fad4816a4dac5b3a201c67fa0ffeff09181c395ec,475,475,RGBA
data/raw/poketwo-data/images/842.png,842,Appletun,appletun,,0,1,1,23243efb8d41f525cc0d896604def8867544ed78a43b9c6a52a5f5042991f687,475,475,RGBA
data/raw/poketwo-data/images/843.png,843,Silicobra,silicobra,,0,1,1,605f473adea3c181c0cc75fadb314f1be5fb6f35ff3dd8d51505271d4ca31c5a,475,475,RGBA
data/raw/poketwo-data/images/844.png,844,Sandaconda,sandaconda,,0,1,1,30f4575c734075acb4d2ab52a5c9921b323f069429f509b7fe301e308662dc80,475,475,RGBA
data/raw/poketwo-data/images/845.png,845,Cramorant,cramorant,,0,1,1,fd8388911fdabe081e87b6fa912578e280c5f0855a8f46d497b80bb1a277354a,475,475,RGBA
data/raw/poketwo-data/images/846.png,846,Arrokuda,arrokuda,,0,1,1,4fc694dcb0780a5b79c24e1cf0c983ff3c537842013cb7181d01dc504ee73e15,475,475,RGBA
data/raw/poketwo-data/images/847.png,847,Barraskewda,barraskewda,,0,1,1,4b6c99bf50e2e7066596ed72c2fcf691b61c96247481717b4031f56c6440873b,475,475,RGBA
data/raw/poketwo-data/images/848.png,848,Toxel,toxel,,0,1,1,4e8f42218c3a4ce17d2541e1a2b4def3b9a5c433201552ff8706a7a78b571329,475,475,RGBA
data/raw/poketwo-data/images/849.png,849,Amped Toxtricity,toxtricity-amped,,0,1,1,137535adc0a9d53b87f635cb05a83a25520be5b225f624576bd8d54da2fbce8d,475,475,RGBA
data/raw/poketwo-data/images/85.png,85,Dodrio,dodrio,,0,1,1,aaeaa8b903f51fe8ab7a7955e831442210b5f11fe3495c310d490b625eb5abf2,475,475,RGBA
data/raw/poketwo-data/images/850.png,850,Sizzlipede,sizzlipede,,0,1,1,04397e2a74120e2ea37770af8b4c21afc6b0186f8bd332f149ad7f9974e6f1be,475,475,RGBA
data/raw/poketwo-data/images/851.png,851,Centiskorch,centiskorch,,0,1,1,5e1c81065dc122f8b72585bd3af847e31200c0e1d656694fe28afc6c23b07485,475,475,RGBA
data/raw/poketwo-data/images/852.png,852,Clobbopus,clobbopus,,0,1,1,24c22705da3653c747694838f5be4306a89cbe325c5c69014a31f7e43e035658,475,475,RGBA
data/raw/poketwo-data/images/853.png,853,Grapploct,grapploct,,0,1,1,7d2dcac178e2ac4c679515d803317ac4b11ec3e8410584384097e819f3ae5e33,475,475,RGBA
data/raw/poketwo-data/images/854.png,854,Sinistea,sinistea,,0,1,1,24156be4878819aa682a08d5b063808323f756453c7c0921288081956eaef332,475,475,RGBA
data/raw/poketwo-data/images/855.png,855,Polteageist,polteageist,,0,1,1,607f7bc204e53632018d09df184b58547c135fd3fe339f4a6ebb40e4ee5a6d9e,475,475,RGBA
data/raw/poketwo-data/images/856.png,856,Hatenna,hatenna,,0,1,1,8f7a7ba8507d5bd81009d9e161a5487cc15755de02f00c66b0dd7a6a324a0280,475,475,RGBA
data/raw/poketwo-data/images/857.png,857,Hattrem,hattrem,,0,1,1,dc97d25c111cc43d62bf2b29ba57814993cd5df503d50fe14caad1196660d844,475,475,RGBA
data/raw/poketwo-data/images/858.png,858,Hatterene,hatterene,,0,1,1,2048a9bf58adbfc27db55764a3dd9cd11326d4a9fa69697070b6caeed5d19b4d,475,475,RGBA
data/raw/poketwo-data/images/859.png,859,Impidimp,impidimp,,0,1,1,53e124056099203c5fb568e853289b16cea7b9fadcb3919b6eed1a993829eac3,475,475,RGBA
data/raw/poketwo-data/images/86.png,86,Seel,seel,,0,1,1,d7b3eff4b8b8ee9abbbb22c44dfc4e216f9251cc77213e28d0e7a1231265abdf,475,475,RGBA
data/raw/poketwo-data/images/860.png,860,Morgrem,morgrem,,0,1,1,a982c16ce0a84de855d0f769b58a450fc5029bd2442824a607cbffdb29f9d0fd,475,475,RGBA
data/raw/poketwo-data/images/861.png,861,Grimmsnarl,grimmsnarl,,0,1,1,5a04b35e41a4f53408fe1595436ea5f3a4cac1f5ff64bc04262ef56635afb144,475,475,RGBA
data/raw/poketwo-data/images/862.png,862,Obstagoon,obstagoon,,0,1,1,183de7e82036fc4351517606d71640fac30990ff33d9c2e786d930d6a12e9ce5,475,475,RGBA
data/raw/poketwo-data/images/863.png,863,Perrserker,perrserker,,0,1,1,9bc71ae14e24e14fc9cff74f96f10d9a6b4119565058cf416555bb189cf8d19f,475,475,RGBA
data/raw/poketwo-data/images/864.png,864,Cursola,cursola,,0,1,1,79af359ab78fc2aa545a68b262a674d81c3a04dbe1e65384dac93aa7d0c82d3a,475,475,RGBA
data/raw/poketwo-data/images/865.png,865,Sirfetch'd,sirfetchd,,0,1,1,f1f2a9d486b051323ad1b96bb73b9fce00ac6b6d0640d14998f781c2a6953095,475,475,RGBA
data/raw/poketwo-data/images/866.png,866,Mr. Rime,mr-rime,,0,1,1,290da145e391435820c2d769b85641a41e3266df211e26ba23eae8862534fbfd,475,475,RGBA
data/raw/poketwo-data/images/867.png,867,Runerigus,runerigus,,0,1,1,8d4f3be0a1959b563088ab95fa3de88626ac1c41b39d640e07fc7c0245bcbd5d,475,475,RGBA
data/raw/poketwo-data/images/868.png,868,Milcery,milcery,,0,1,1,1ad548e834291067881635f435e0c481543dc1e4e974eeb37779b07db546436e,475,475,RGBA
data/raw/poketwo-data/images/869.png,869,Alcremie,alcremie-vanilla-cream-strawberry-sweet,,0,1,1,cc9e0a3f88833aaaecbadc25051dd02b57792cded9d44cd6aae908f72ab91106,475,475,RGBA
data/raw/poketwo-data/images/87.png,87,Dewgong,dewgong,,0,1,1,f345746255e80ed361dda208e5a763e4ea3668c250cea28b3d4522a8aa240d07,475,475,RGBA
data/raw/poketwo-data/images/870.png,870,Falinks,falinks,,0,1,1,341c6c1e76b70c81afd3f747181fe38a1869110237ca0495fefec32c91203dbe,475,475,RGBA
data/raw/poketwo-data/images/871.png,871,Pincurchin,pincurchin,,0,1,1,d58102feb9e6fec51c3dedfb4aba036ef1b74f93c5af009146a275d884af70fa,475,475,RGBA
data/raw/poketwo-data/images/872.png,872,Snom,snom,,0,1,1,a2052c50c954e5c133411cfae711b6f5d023c7963d9091cd98828c2852273724,475,475,RGBA
data/raw/poketwo-data/images/873.png,873,Frosmoth,frosmoth,,0,1,1,dfc3c0ce4538c73398fe25a029d444893db788247ae5f2242db4c17d4fd0d31c,475,475,RGBA
data/raw/poketwo-data/images/874.png,874,Stonjourner,stonjourner,,0,1,1,5158a105234a170997e58c6430ee6f3439783427920dc10d975d5b8dea65927f,475,475,RGBA
data/raw/poketwo-data/images/875.png,875,Eiscue,eiscue-ice,,0,1,1,66c13f8d877df8306e3df73e9c8059df918d479ac811042fc28327b4b40859a8,475,475,RGBA
data/raw/poketwo-data/images/876.png,876,Indeedee,indeedee-male,,0,1,1,94b4bd69f7b3b7b0e791064273fe95ba4608c0eed59b03e7cb66c370b0767a5c,475,475,RGBA
data/raw/poketwo-data/images/877.png,877,Morpeko,morpeko-full-belly,,0,1,1,e8115318c30983afbd887fd75aa7779f59a06eed80fbb45c137bee5d12ca859f,475,475,RGBA
data/raw/poketwo-data/images/878.png,878,Cufant,cufant,,0,1,1,3f37676164a974d229de9bc317382fb9781820c72aaa98289a453d8309649ba9,475,475,RGBA
data/raw/poketwo-data/images/879.png,879,Copperajah,copperajah,,0,1,1,7dd52cd99f223fee8a7cfcd1520a16f065f255d40ade0e52e37ad84bed36620a,475,475,RGBA
data/raw/poketwo-data/images/880.png,880,Dracozolt,dracozolt,,0,1,1,8979223eca325559f2372d99abefe38c12229d84c6a189417800cef678598034,475,475,RGBA
data/raw/poketwo-data/images/881.png,881,Arctozolt,arctozolt,,0,1,1,498bca883efbd5dd1920c396623b75855fefe089bd1e91fb047ff9978dd3b955,475,475,RGBA
data/raw/poketwo-data/images/882.png,882,Dracovish,dracovish,,0,1,1,3d6e60d8daa9fbfdf1a35bc5970f09f48cbc60390aec994a14e719b5921e72e1,475,475,RGBA
data/raw/poketwo-data/images/883.png,883,Arctovish,arctovish,,0,1,1,8a198c18c1849ca40c2cfd1b3f7720cac3df0b399eb0c3489a5f96af5ac849cc,475,475,RGBA
data/raw/poketwo-data/images/884.png,884,Duraludon,duraludon,,0,1,1,56b678287f884a9dc342e4374646561967459404a1a5139b9b7340c26c527673,475,475,RGBA
data/raw/poketwo-data/images/885.png,885,Dreepy,dreepy,,0,1,1,870beb1632ee6258aa6a34a8ee0af3fd90a3a7bbf6eff37b57af85b4c7444363,475,475,RGBA
data/raw/poketwo-data/images/886.png,886,Drakloak,drakloak,,0,1,1,9b0740aae9a76b0632a7a55c3ec7f556422e379786578e9428ab40db51070744,475,475,RGBA
data/raw/poketwo-data/images/887.png,887,Dragapult,dragapult,,0,1,1,9be176bfb7d21233d257e85e8fc5b6e52c06821f7117f1c9d4c8df253e3cb382,475,475,RGBA
data/raw/poketwo-data/images/888.png,888,Zacian,zacian,,0,1,1,9846ebc28eee7b3ce36144787f3ce53eda40cbfe77f7a556e014b759f00f659f,475,475,RGBA
data/raw/poketwo-data/images/889.png,889,Zamazenta,zamazenta,,0,1,1,8b5b087c406a40aafd5ec7bdf8a04857f56e05da208159094172ba7c7e8fccf3,475,475,RGBA
data/raw/poketwo-data/images/890.png,890,Eternatus,eternatus,,0,1,1,be26000561444df2c07481cc8eb64741064a8040d7daa5e1bd484f0c8125311d,475,475,RGBA
data/raw/poketwo-data/images/891.png,891,Kubfu,kubfu,,0,1,1,95828eb52b153cb8a6a11ac70a68c2f3b64da514faf6bc04f9b4e2596dd37469,475,475,RGBA
data/raw/poketwo-data/images/892.png,892,Urshifu,urshifu-single-strike,,0,1,1,79dce483a795f2503639b7c95f90c99b7ae59d59f627f4031680446397b1032a,475,475,RGBA
data/raw/poketwo-data/images/893.png,893,Zarude,zarude,,0,1,1,c5ff196959fa33a363481a5f5f72dee0cdca404adb9bf2ff1d345f7c567b6a98,475,475,RGBA
data/raw/poketwo-data/images/894.png,894,Regieleki,regieleki,,0,1,1,206fa5d3fd64fb6995610c9fb47ac4f11089984a951e4b0efab4e058b187b95f,475,475,RGBA
data/raw/poketwo-data/images/895.png,895,Regidrago,regidrago,,0,1,1,298c79b39503f9d5b7c60bb6a3b91e7332c68373d69f04683d8787698b617067,475,475,RGBA
data/raw/poketwo-data/images/896.png,896,Glastrier,glastrier,,0,1,1,d8c813b63731bf7214916a4f4da99a0de829dc726970fce69129e634a108a381,475,475,RGBA
data/raw/poketwo-data/images/897.png,897,Spectrier,spectrier,,0,1,1,2c5ce53f53eb0c4273df2ad90db2c9af0563ec24c414769002f8a5fcdf34995d,475,475,RGBA
data/raw/poketwo-data/images/898.png,898,Calyrex,calyrex,,0,1,1,1c5705c967242917b1045889d110341aaa105032c82e407906f4ff573d2faf92,475,475,RGBA
data/raw/poketwo-data/images/899.png,899,Wyrdeer,wyrdeer,,0,1,1,6b5f7cb8f7ac6a0a99f8435a8c5b73937e11810cfab90476f514bac294ee6712,475,475,RGBA
data/raw/poketwo-data/images/9.png,9,Blastoise,blastoise,,0,1,1,77be453f6cf58cfa875b3658379ecfdac69097db37ee2f49eb67903fde8ff412,475,475,RGBA
data/raw/poketwo-data/images/900.png,900,Kleavor,kleavor,,0,1,1,dd2bc759177c09031917ba7fe4b3d4323c6c08f567f437e54b75e51c7c0d8c98,475,475,RGBA
data/raw/poketwo-data/images/901.png,901,Ursaluna,ursaluna,,0,1,1,fbb1fc95d8348419cf8fe750f50fa79b12b29a04bab82ed5751d3e32f9605262,475,475,RGBA
data/raw/poketwo-data/images/902.png,902,Basculegion,basculegion-male,,0,1,1,170598dad30ba604bb6e73074f438198480568770ca92776562af6e763784171,475,475,RGBA
data/raw/poketwo-data/images/903.png,903,Sneasler,sneasler,,0,1,1,147577ccf706664e159eeafe80fd54eeeff78ec7e0cb41eca379c05f9c7139c8,475,475,RGBA
data/raw/poketwo-data/images/904.png,904,Overqwil,overqwil,,0,1,1,460eaaa2ad5442d8c920b64744eae0ade4e3020a2adb6272eb7c5b9bd032504e,475,475,RGBA
data/raw/poketwo-data/images/905.png,905,Enamorus,enamorus-incarnate,,0,1,1,371cc34c35d598c933caefd51bdc0bdc0fb434181a4ce818c40c24f3c3fdbd3b,475,475,RGBA
data/raw/poketwo-data/images/906.png,906,Sprigatito,sprigatito,,0,1,1,100332fc8bb3ea68037357c4f30ce46035cc8ed429f507074153adf8c9d5a525,475,475,RGBA
data/raw/poketwo-data/images/907.png,907,Floragato,floragato,,0,1,1,9a1eb833533a5b373a3fac029e52d92be2a5bd43fcd52814891d7aa23fe1b40a,475,475,RGBA
data/raw/poketwo-data/images/908.png,908,Meowscarada,meowscarada,,0,1,1,b02ce8b503124a37754d2429623ed67feca02eaff5997e956a8c77b85e46269d,475,475,RGBA
data/raw/poketwo-data/images/909.png,909,Fuecoco,fuecoco,,0,1,1,773829b8f3b91c697771d0786b2f185eb8b9c1cbd457d3a8edfd37f1ae8d7da0,475,475,RGBA
data/raw/poketwo-data/images/910.png,910,Crocalor,crocalor,,0,1,1,7ee93826af07fa6a2759aa0d77349732eebb8994e98a18113665a117c1985722,475,475,RGBA
data/raw/poketwo-data/images/911.png,911,Skeledirge,skeledirge,,0,1,1,e7da56609284f196c70dfd4ff5091e86f16bcf24aea1c89d331bd411e9e28207,475,475,RGBA
data/raw/poketwo-data/images/912.png,912,Quaxly,quaxly,,0,1,1,87b9be85750d154432d85a71da7e79fd981f7762090dc21098e331d90bc51b00,475,475,RGBA
data/raw/poketwo-data/images/913.png,913,Quaxwell,quaxwell,,0,1,1,43b9bb2dc766bf875330088c034a9eca15f1720d5fe0d4b42e8685ede02ae7a6,475,475,RGBA
data/raw/poketwo-data/images/914.png,914,Quaquaval,quaquaval,,0,1,1,47ae3b1c4cd5b25afc86afbe7af4c2db4fd30863c4d8d182ceab5bd09fb4b476,475,475,RGBA
data/raw/poketwo-data/images/915.png,915,Lechonk,lechonk,,0,1,1,91d39dd9e716d8d33a8e9d8d1a7e9f2180ef23302c453d5e1ad8221db6372a95,475,475,RGBA
data/raw/poketwo-data/images/916.png,916,Oinkologne,oinkologne,,0,1,1,b1a495963d9555f472ec5117e37ebd3efe372b6834a5523e09262970e1a3974a,475,475,RGBA
data/raw/poketwo-data/images/917.png,917,Tarountula,tarountula,,0,1,1,35035ee5f7e9ea87928fac7c292e80e537dbbca05648fa6d63c06ca8ca1b3a77,475,475,RGBA
data/raw/poketwo-data/images/918.png,918,Spidops,spidops,,0,1,1,1fd1a5f037787b4c6ab96adfcd46ca49e914ede4a9bafd44841e47ca21b8d6c9,475,475,RGBA
data/raw/poketwo-data/images/919.png,919,Nymble,nymble,,0,1,1,0408f97d5b4916805d097fb136bb0c50a653e9fb078e7256b9f4f6ebe6ca0473,475,475,RGBA
data/raw/poketwo-data/images/920.png,920,Lokix,lokix,,0,1,1,2af417d52c7b2cfc204859d5e14db67084e854b3a9cc560023de0f3838274db6,475,475,RGBA
data/raw/poketwo-data/images/921.png,921,Pawmi,pawmi,,0,1,1,3074328fa68e0385582b1e30ef3a07d3ca3f01e35d60266c9a0991e504e5b36a,475,475,RGBA
data/raw/poketwo-data/images/922.png,922,Pawmo,pawmo,,0,1,1,04c156bdda61d6b6cd1e9a3c3bdb3ffd6a9a49d6ee840f2b4cbe7bbaa8a7583b,475,475,RGBA
data/raw/poketwo-data/images/923.png,923,Pawmot,pawmot,,0,1,1,dd51854e2e8e953e29f19ab67e198e79a6f597a6d6c6e541d35fb1705f17716d,475,475,RGBA
data/raw/poketwo-data/images/924.png,924,Tandemaus,tandemaus,,0,1,1,3d1a8e8767fb8e96f9419902bcd3b5109aa9bb690b291be24458915b737867f4,475,475,RGBA
data/raw/poketwo-data/images/925.png,925,Maushold,maushold,,0,1,1,d94e6d6eb8cb52f9dbd5b6c373c03c7fc5da007226f589967d2de4962c347c00,475,475,RGBA
data/raw/poketwo-data/images/926.png,926,Fidough,fidough,,0,1,1,dac150a915f27424e2f1dc7bddf1d51f7a24a05afd5e6ad2265092b4fba6d8fa,475,475,RGBA
data/raw/poketwo-data/images/927.png,927,Dachsbun,dachsbun,,0,1,1,c1c6c66a22cab4227866d696ed3d58107a10f0e54db830184051f3086e3c1eb5,475,475,RGBA
data/raw/poketwo-data/images/928.png,928,Smoliv,smoliv,,0,1,1,e35f26c1b2843def5619ebf4f2ff37de0c826d728ab0340776ed53f3ffddc4c1,475,475,RGBA
data/raw/poketwo-data/images/929.png,929,Dolliv,dolliv,,0,1,1,7a90a013570a3201f81ce4d3f9ac9e224373a9dfb430061bfba42d4aa5799a90,475,475,RGBA
data/raw/poketwo-data/images/930.png,930,Arboliva,arboliva,,0,1,1,83b86d5392b57340e64238d957fc2311546a7dd132235ab0ececb9b2759acf4f,475,475,RGBA
data/raw/poketwo-data/images/931.png,931,Squawkabilly,squawkabilly,,0,1,1,b6070843f6866137314a6b9ce4ac33de593481347c6160f958cfcc3acbc85142,475,475,RGBA
data/raw/poketwo-data/images/932.png,932,Nacli,nacli,,0,1,1,e63690622c17398b125bc0d5f63f6899f509a7a2a3026fd62dd35882e683045e,475,475,RGBA
data/raw/poketwo-data/images/933.png,933,Naclstack,naclstack,,0,1,1,2d10c80b9537cc4fabdaf769d5e3b9df2e9c39ea481f1cab15196a74a7a8dd2c,475,475,RGBA
data/raw/poketwo-data/images/934.png,934,Garganacl,garganacl,,0,1,1,97ed749ae91da8a46ea504064b16b381efbf08edf319a2185022552ae1ce2b0f,475,475,RGBA
data/raw/poketwo-data/images/935.png,935,Charcadet,charcadet,,0,1,1,cab997206fc467ba45cf2b3e4a9b931c5b6f855b825659339c4a8fe154d8110d,475,475,RGBA
data/raw/poketwo-data/images/936.png,936,Armarouge,armarouge,,0,1,1,3d05f26c6026b6bf8f55b7fe02cc2aeaedf1cea2da5abce72334f10ee6d537bf,475,475,RGBA
data/raw/poketwo-data/images/937.png,937,Ceruledge,ceruledge,,0,1,1,098dab336b324a146a37146f0f1d798c58d520df704827b2c0ab4c6b7e80a896,475,475,RGBA
data/raw/poketwo-data/images/938.png,938,Tadbulb,tadbulb,,0,1,1,ebadb337145d2e43c9b5f47414a788b1a3454cc8644220e06c676bee8c3ef289,475,475,RGBA
data/raw/poketwo-data/images/939.png,939,Bellibolt,bellibolt,,0,1,1,ad49200b81d0883459d92ea2f4538d8d592fd0e7354e258801c1b3574502e6fd,475,475,RGBA
data/raw/poketwo-data/images/940.png,940,Wattrel,wattrel,,0,1,1,a7194cefbf0a361bdd00c8b070031124fd53bfc9365e156492b6fd31f0c7fba4,475,475,RGBA
data/raw/poketwo-data/images/941.png,941,Kilowattrel,kilowattrel,,0,1,1,d8398f448305bbdf5365ae255951d24874435eab557724164eeb08cee86ce609,475,475,RGBA
data/raw/poketwo-data/images/942.png,942,Maschiff,maschiff,,0,1,1,0fbc2cb4ea98a3b88797fa4766211a5b1cb87f304914ffb47dc45307e22bef03,475,475,RGBA
data/raw/poketwo-data/images/943.png,943,Mabosstiff,mabosstiff,,0,1,1,bd4715c32de0d95c1e355c3b29551345423dccbbfdc070cfce9eee0ecf1ccb1d,475,475,RGBA
data/raw/poketwo-data/images/944.png,944,Shroodle,shroodle,,0,1,1,ffa6c2a8f04e57625f163bee7a4f63ebe3d7f01e8eee57c7c3d9d7f62024337b,475,475,RGBA
data/raw/poketwo-data/images/945.png,945,Grafaiai,grafaiai,,0,1,1,1943b0b430993af9804ad744eef837a536c0f40cafbd3822ab017ae08213db8d,475,475,RGBA
data/raw/poketwo-data/images/946.png,946,Bramblin,bramblin,,0,1,1,eaf3fbfc1367e70c0284f1be06a1b39b0505e904e3de30b0df973cae2636d229,475,475,RGBA
data/raw/poketwo-data/images/947.png,947,Brambleghast,brambleghast,,0,1,1,e6c4caf84d4e1dd895dc3efa4ef6c52edcd3433fb47059fb48dd8978b334c445,475,475,RGBA
data/raw/poketwo-data/images/948.png,948,Toedscool,toedscool,,0,1,1,47a6ab80b4588f43a22ae2a34f43ecaf3b954f97995fd36e8812da820514d063,475,475,RGBA
data/raw/poketwo-data/images/949.png,949,Toedscruel,toedscruel,,0,1,1,bb55938ee43b48ef37bd859be5092705cf13bda666f5f5e32ad723d4f4dce7cc,475,475,RGBA
data/raw/poketwo-data/images/950.png,950,Klawf,klawf,,0,1,1,65881d49d3d35cca28f45573d204e8cf39df6f88b816001ddc3300b32fe6c460,475,475,RGBA
data/raw/poketwo-data/images/951.png,951,Capsakid,capsakid,,0,1,1,a2083a4ee7edcb77a4538558b412de7bc6feda125016a1c3db50af8f16e300f8,475,475,RGBA
data/raw/poketwo-data/images/952.png,952,Scovillain,scovillain,,0,1,1,c9a1f5281b620a854442e121a176cbabeb62a3daf2ea7b715ec3afbf07f161b3,475,475,RGBA
data/raw/poketwo-data/images/953.png,953,Rellor,rellor,,0,1,1,fdcdd8b0e1ac888b152a9ad5443856c1a7c35496c7144e9d63a90b944e4301cc,475,475,RGBA
data/raw/poketwo-data/images/954.png,954,Rabsca,rabsca,,0,1,1,731cebf8a917016aff55f913d6c061839661e69ca382d40d3c718bdd7373f0ec,475,475,RGBA
data/raw/poketwo-data/images/955.png,955,Flittle,flittle,,0,1,1,be466b19f591f07d520673e86c720483e722acfb09412124b07bcee22f70d41f,475,475,RGBA
data/raw/poketwo-data/images/956.png,956,Espathra,espathra,,0,1,1,f39da3a9e213f3d6c90b033e305776334455a8edd3bc0d9e7d6f181c72a385d9,475,475,RGBA
data/raw/poketwo-data/images/957.png,957,Tinkatink,tinkatink,,0,1,1,524311f8d237d8de1e68ea3e2d93900e738a86621b50a87d53c3d67f206f0fc2,475,475,RGBA
data/raw/poketwo-data/images/958.png,958,Tinkatuff,tinkatuff,,0,1,1,e868fa9076d4467333098e20ffe27afcf4a4cdc8dfd0c10c94421b0cb6cd6001,475,475,RGBA
data/raw/poketwo-data/images/959.png,959,Tinkaton,tinkaton,,0,1,1,b37ed6ec9677c50dd0c16b9c0f8333da80009cfd166a855d1fcba4548cc76c4a,475,475,RGBA
data/raw/poketwo-data/images/960.png,960,Wiglett,wiglett,,0,1,1,81658a27cf710408673b3d09929c44656fc7b28fe7ce1eb5455ad29d2fba4212,475,475,RGBA
data/raw/poketwo-data/images/961.png,961,Wugtrio,wugtrio,,0,1,1,f8f62a4ccdf92d80bf7aa1bd886a077b9754d6cee82aac9aec0c505ba2a1c1a9,475,475,RGBA
data/raw/poketwo-data/images/962.png,962,Bombirdier,bombirdier,,0,1,1,f896c4433ca20cd760b0bfc981036c5238ad95d76034778a6d64bab0eb65a41a,475,475,RGBA
data/raw/poketwo-data/images/963.png,963,Finizen,finizen,,0,1,1,9ac83ffb5f12b4a32de9f82ebedcfed590f4a3f3ced89bb7e0677f53bc17054c,475,475,RGBA
data/raw/poketwo-data/images/964.png,964,Palafin,palafin,,0,1,1,aed9baa1c94ea8fb92a3b5300728fe8aa5baffb8aca6bae4583487243aebecbb,475,475,RGBA
data/raw/poketwo-data/images/965.png,965,Varoom,varoom,,0,1,1,0d63ab38d766aad1c2f77db880dbeb6aa7116c3e238ea8e1b105aaaa8300cece,475,475,RGBA
data/raw/poketwo-data/images/966.png,966,Revavroom,revavroom,,0,1,1,50cfde0e3c258f27079845f712d7b45b34a7105b72864b2f1494f49d3e13f3aa,475,475,RGBA
data/raw/poketwo-data/images/967.png,967,Cyclizar,cyclizar,,0,1,1,7c756b687831c827e89dcbb5fea1872bcca20e90525e5383e70433868f4e2d7f,475,475,RGBA
data/raw/poketwo-data/images/968.png,968,Orthworm,orthworm,,0,1,1,d4c6f7d8d48daa2f761424214160bc459747d02030a000bff7aeba3d2d039b33,475,475,RGBA
data/raw/poketwo-data/images/969.png,969,Glimmet,glimmet,,0,1,1,dc65c6157035a1f3858870f4b2fa4161870f8770c41bc8033ff8529f5f4da8b9,475,475,RGBA
data/raw/poketwo-data/images/970.png,970,Glimmora,glimmora,,0,1,1,6759aa1c9cf16dfbeb83929938711f3ce000d25d39f51221d3ce42459d8e78f6,475,475,RGBA
data/raw/poketwo-data/images/971.png,971,Greavard,greavard,,0,1,1,6429dc306205e97aaa404584e53709088a9297a0b49dc8c944c8b4a711f578a9,475,475,RGBA
data/raw/poketwo-data/images/972.png,972,Houndstone,houndstone,,0,1,1,ef32cc9e202a2bbd8c464cf89ac005948a16c5ac36fde59442c8d63e682d6404,475,475,RGBA
data/raw/poketwo-data/images/973.png,973,Flamigo,flamigo,,0,1,1,de4d6402e85e7be6251b298606e535bbc5fddf022dc92aa2c699653ddbc7ed14,475,475,RGBA
data/raw/poketwo-data/images/974.png,974,Cetoddle,cetoddle,,0,1,1,3920ae61c8fd47c783b9d8f731677433cc4ff796fbd6e4025de788dde0292779,475,475,RGBA
data/raw/poketwo-data/images/975.png,975,Cetitan,cetitan,,0,1,1,276a1ccde180635c74e243178e47b0f6cbe90d4751c2028e81f6e02f90f54e0f,475,475,RGBA
data/raw/poketwo-data/images/976.png,976,Veluza,veluza,,0,1,1,c66853a8ae2d147369e74f60ac49c8d0a1aaf618748efe56e35ac41aa29ed3bb,475,475,RGBA
data/raw/poketwo-data/images/977.png,977,Dondozo,dondozo,,0,1,1,65d799fbab2bafa86f9293cd52985fd138c74e725b5331080246494d50ee3000,475,475,RGBA
data/raw/poketwo-data/images/978.png,978,Tatsugiri,tatsugiri,,0,1,1,12a0c301fee4ced80cb4339a36c0c7a01acef4c95ad1bcbc0dbde9ee6dd7474d,475,475,RGBA
data/raw/poketwo-data/images/979.png,979,Annihilape,annihilape,,0,1,1,1a353fb9d040d9ee08d66c4e83f37fc8f2fb7588f9cf418a934f5145d3b92390,475,475,RGBA
data/raw/poketwo-data/images/980.png,980,Clodsire,clodsire,,0,1,1,0549f4291dab2aee83264ecf5038c71919a108251e7f364f9c68d980a120d722,475,475,RGBA
data/raw/poketwo-data/images/981.png,981,Farigiraf,farigiraf,,0,1,1,2cf91f32f197bc18048bc4bbf93a701575ade6eb5c4243d42c17dcbe5e0a8f23,475,475,RGBA
data/raw/poketwo-data/images/982.png,982,Dudunsparce,dudunsparce,,0,1,1,b4b3cda4d7565c109c53f020ba4ee49af780d5319a9f094f56241f751b626db1,475,475,RGBA
data/raw/poketwo-data/images/983.png,983,Kingambit,kingambit,,0,1,1,219a5415e98c510b4599f397622439df96faf5762157ff37658e2c67dc934bd3,475,475,RGBA
data/raw/poketwo-data/images/984.png,984,Great Tusk,great-tusk,,0,1,1,0579fec1b7ef2dc705369ec4b86125e841d4c6de6ccb10de712dae2999e80775,475,475,RGBA
data/raw/poketwo-data/images/985.png,985,Scream Tail,scream-tail,,0,1,1,903c4a28173e415acd9837ba60a686685a30f836e5ea11518ae8122467d1699d,475,475,RGBA
data/raw/poketwo-data/images/986.png,986,Brute Bonnet,brute-bonnet,,0,1,1,30d98e5ff941d24da393c3fd5321bb8ebc08e5507d7db58f9f3981d274637cb8,475,475,RGBA
data/raw/poketwo-data/images/987.png,987,Flutter Mane,flutter-mane,,0,1,1,6b247f6ade4a6b6e8cd0a36da5fb825d10583d20e6ed7a83561d556c7959ff0f,475,475,RGBA
data/raw/poketwo-data/images/988.png,988,Slither Wing,slither-wing,,0,1,1,4104d46cfce43df0e9371eb9e0f0585d2b1527483c8b9e2f9c3ad9cc436a1192,475,475,RGBA
data/raw/poketwo-data/images/989.png,989,Sandy Shocks,sandy-shocks,,0,1,1,1696a85c36b8115c0c26957e69623c65427098cb9e2ccd52c9574bbeb2c27c89,475,475,RGBA
data/raw/poketwo-data/images/990.png,990,Iron Treads,iron-treads,,0,1,1,faf4113650a98ef3084c2329043bcf5ef2d18cba322c3815e66f7574dcf03148,475,475,RGBA
data/raw/poketwo-data/images/991.png,991,Iron Bundle,iron-bundle,,0,1,1,4cb2a419d643265c1863254e1900a0431303a34cd81e6671516f382bb19d078c,475,475,RGBA
data/raw/poketwo-data/images/992.png,992,Iron Hands,iron-hands,,0,1,1,83a4d55b669d4e634dda7f145de6b9ab442840bc5ef7ddb1bb893a917effb9e9,475,475,RGBA
data/raw/poketwo-data/images/993.png,993,Iron Jugulis,iron-jugulis,,0,1,1,599cc13077f434319241a62295d263d95cedb4de1cd1889a6cca7ffcbb10f920,475,475,RGBA
data/raw/poketwo-data/images/994.png,994,Iron Moth,iron-moth,,0,1,1,1e517a3ea19027a5e66648bd09bd574b60bee3f355487696ff5b19f754e4110a,475,475,RGBA
data/raw/poketwo-data/images/995.png,995,Iron Thorns,iron-thorns,,0,1,1,020e88d06070aa2dc2fa841a4b9dd28a281c403aa809556ddd50a61ae0ed2b62,475,475,RGBA
data/raw/poketwo-data/images/996.png,996,Frigibax,frigibax,,0,1,1,898442000ac0ff530532c4ef2b1ab2aff86ba682f315e63b7232f69f45ff4c9d,475,475,RGBA
data/raw/poketwo-data/images/997.png,997,Arctibax,arctibax,,0,1,1,3257f18461c2713a3a0df60f2dfe2885aad68dcdbd4cd88b02a8e46e58b34a7c,475,475,RGBA
data/raw/poketwo-data/images/998.png,998,Baxcalibur,baxcalibur,,0,1,1,8fdf221566664632dbdd3ac37a608064d6eab34af9ba4a6d974dcb71d1b866f7,475,475,RGBA
data/raw/poketwo-data/images/999.png,999,Gimmighoul,gimmighoul,,0,1,1,23c5acf9e40c5f8e4948b491703b4696673a80daa5c97f4e818033e1995b6417,475,475,RGBA
data/raw/poketwo-data/shiny/0.png,0,MissingNo.,missingno,,1,1,1,5a93151a7f103bbd21b18a0ae9c17a2c62500f84c1471ab686529ebc5ef58a56,475,475,RGBA
data/raw/poketwo-data/shiny/1.png,1,Bulbasaur,bulbasaur,,1,1,1,522504d818f95be0f35f72976cbfe42160de28bc8bab53207b80775b23e2bb6c,475,475,RGBA
data/raw/poketwo-data/shiny/10.png,10,Caterpie,caterpie,,1,1,1,8c60a4381c338fa92bc45c24d723ea6896ed17b75f29f16b51c283298ce49b3a,475,475,RGBA
data/raw/poketwo-data/shiny/100.png,100,Voltorb,voltorb,,1,1,1,ecf6accd7a1a52206ee26b1cece77587a6dbcec57f7dc9baee5f3edf289aaa35,475,475,RGBA
data/raw/poketwo-data/shiny/1000.png,1000,Gholdengo,gholdengo,,1,1,1,cb6a487f3eab5037ed9f11a74400c3d49d0b2f835e1530c2e4c0428ca99d5c9b,475,475,RGBA
data/raw/poketwo-data/shiny/10001.png,10001,Attack Deoxys,deoxys-attack,1,1,1,1,e8bbee188c674dd12b3f47e4ee71d144160bae68481b5dc662a1f3c509ffa0a4,475,475,RGBA
data/raw/poketwo-data/shiny/10002.png,10002,Defense Deoxys,deoxys-defense,1,1,1,1,42b64418f2109b7e01347991bc9f548719ab0f8483d87a91f6c6e2ed3bedff75,475,475,RGBA
data/raw/poketwo-data/shiny/10003.png,10003,Speed Deoxys,deoxys-speed,1,1,1,1,cc71672583dcf1f0b0a96fb1d9c8dedf5573ebb0283b371091cc1152e36d2938,475,475,RGBA
data/raw/poketwo-data/shiny/10004.png,10004,Sandy Wormadam,wormadam-sandy,1,1,1,1,b0978aad0847c7ede7c5d6278a31a3bb40f46417ae8e1957a312f563b3d517a1,475,475,RGBA
data/raw/poketwo-data/shiny/10005.png,10005,Trash Wormadam,wormadam-trash,1,1,1,1,aa2d690c271a0e1fbf9da0d186420bc5874b547fe6cc5bffffbd138c0f947e78,475,475,RGBA
data/raw/poketwo-data/shiny/10008.png,10008,Heat Rotom,rotom-heat,1,1,1,1,ce3e78b9aba27172a91253d2130d282186192f6c779e40e8638ae3f8563a599c,475,475,RGBA
data/raw/poketwo-data/shiny/10009.png,10009,Wash Rotom,rotom-wash,1,1,1,1,c83e80cf99a25118d09b23c8c2a70f47cdc02c7d56c322a15606516b5a4205d7,475,475,RGBA
data/raw/poketwo-data/shiny/1001.png,1001,Wo-Chien,wo-chien,,1,1,1,05f760510544ae600c18943a11c4c63d1336eed4a3c0d9c31d501980ec1ff419,475,475,RGBA
data/raw/poketwo-data/shiny/10010.png,10010,Frost Rotom,rotom-frost,1,1,1,1,d96efcb4b955dc4803b678b14476c7206b6476c8826263e7dccf8ec8961c42f0,475,475,RGBA
data/raw/poketwo-data/shiny/10011.png,10011,Fan Rotom,rotom-fan,1,1,1,1,204b156900713d7e4751974e0d1b964fdb6d813635da3acb8c7166d9962e575e,475,475,RGBA
data/raw/poketwo-data/shiny/10012.png,10012,Mow Rotom,rotom-mow,1,1,1,1,f8b3e8f3473d4270bf901a34745215e172ea45448bac661f17885835a1150101,475,475,RGBA
data/raw/poketwo-data/shiny/10013.png,10013,Sunny Castform,castform-sunny,1,1,1,1,22df4fce18c07e688cfec2a5b842b63b2e59ec3facd884ab91828a448f1bd3cb,475,475,RGBA
data/raw/poketwo-data/shiny/10014.png,10014,Rainy Castform,castform-rainy,1,1,1,1,4286e0fde672aea7f580fece79e37f36603d10effdf12cc047fd60780ec5d315,475,475,RGBA
data/raw/poketwo-data/shiny/10015.png,10015,Snowy Castform,castform-snowy,1,1,1,1,1a16572561fd233c5a16352d3f33c396aa59d3481a38d72a7abb83f031414b50,475,475,RGBA
data/raw/poketwo-data/shiny/10017.png,10017,Zen Darmanitan,darmanitan-zen,1,1,1,1,79bee9bace091ebe0c54f5f106715d05a80ef42e868e1f1bf3855c13bcb6f442,475,475,RGBA
data/raw/poketwo-data/shiny/10018.png,10018,Pirouette Meloetta,meloetta-pirouette,1,1,1,1,9ad5e6afce9bcc972b42380569e21de3aaccbfaafb98fab40077403e235eead0,475,475,RGBA
data/raw/poketwo-data/shiny/1002.png,1002,Chien-Pao,chien-pao,,1,1,1,caa9e35115241a6c84dae6b00448cf33a350457deb51994b2642cbe0a649d011,475,475,RGBA
data/raw/poketwo-data/shiny/10026.png,10026,Blade Aegislash,aegislash-blade,1,1,1,1,b66a0b84f377a47e9fe3fec3c149f12c3a035ab5df4ce5560f2bf68183588040,475,475,RGBA
data/raw/poketwo-data/shiny/1003.png,1003,Ting-Lu,ting-lu,,1,1,1,67cd44c1723f3454cf2a35763f228cb08294713383ac56852c9a459c478192fe,475,475,RGBA
data/raw/poketwo-data/shiny/1004.png,1004,Chi-Yu,chi-yu,,1,1,1,d6204bf438c95192a89170652066c6883ebe29ab7a0e8db707c866141d392188,475,475,RGBA
data/raw/poketwo-data/shiny/1005.png,1005,Roaring Moon,roaring-moon,,1,1,1,336c3835a9632fb312c23838804215e28365646432866799045cb6bf89bfe77c,475,475,RGBA
data/raw/poketwo-data/shiny/1006.png,1006,Iron Valiant,iron-valiant,,1,1,1,6eb2b366671fc822fa3c5ecd277770f3e1f21d98063b0a58540f73c016443586,475,475,RGBA
data/raw/poketwo-data/shiny/1007.png,1007,Koraidon,koraidon,,1,1,1,12133572d3d5b53e40eac8a074fffe48ff0ef3e912ecb7134577e2477fb67a7d,475,475,RGBA
data/raw/poketwo-data/shiny/1008.png,1008,Miraidon,miraidon,,1,1,1,e8877efd703ec0678f107cb84ddd24dcdc24b724c0d4081dad24143260e07aec,475,475,RGBA
data/raw/poketwo-data/shiny/1009.png,1009,Walking Wake,walking-wake,,1,1,1,bed97d20be6b45f0e1522cce73c300cf0c5ecbb6ad659f1e4492a78eb65d9aa3,475,475,RGBA
data/raw/poketwo-data/shiny/10091.png,10091,Alolan Rattata,rattata-alola,1,1,1,1,b7d95b69445f91664b519814aba96bba25191b37868c149446e5ffd3eb2ebdbb,475,475,RGBA
data/raw/poketwo-data/shiny/10092.png,10092,Alolan Raticate,raticate-alola,1,1,1,1,f3e1e581786d62f868748e8021774fa00612371ef18935f49fb958d5c6640d35,475,475,RGBA
data/raw/poketwo-data/shiny/101.png,101,Electrode,electrode,,1,1,1,d75d32d83e035d474a30b3b82cc8d8aa31c14d30e02085c8cfc8fe2c89c394df,475,475,RGBA
data/raw/poketwo-data/shiny/1010.png,1010,Iron Leaves,iron-leaves,,1,1,1,a00cd08bf37ac3ff692d31ce48565cfd61c3033ec9fc8c901a0a5fc85bab8b68,475,475,RGBA
data/raw/poketwo-data/shiny/10100.png,10100,Alolan Raichu,raichu-alola,1,1,1,1,b072a331ccafd92f7881ef34bcbd8bc94d3e64080a7c16276397e10af084e573,475,475,RGBA
data/raw/poketwo-data/shiny/10101.png,10101,Alolan Sandshrew,sandshrew-alola,1,1,1,1,bb5b85db9ffa22223a9e2859e44858aa77ccb6c1ce9b16b2c7c586b9de9ad7ec,475,475,RGBA
data/raw/poketwo-data/shiny/10102.png,10102,Alolan Sandslash,sandslash-alola,1,1,1,1,b1a8100c6abe69b05d1b2a6913130177fea4ba4b08ab945a76ecd6fb7a96b302,475,475,RGBA
data/raw/poketwo-data/shiny/10103.png,10103,Alolan Vulpix,vulpix-alola,1,1,1,1,7e7e0e3a82d855a6f064a10532d42fd3b471426e6cf985604837437e39e5365f,475,475,RGBA
data/raw/poketwo-data/shiny/10104.png,10104,Alolan Ninetales,ninetales-alola,1,1,1,1,bbf894af0f5f2e6b23e572753557efb0f465fb7b16995d89c80d58a5b19d46a2,475,475,RGBA
data/raw/poketwo-data/shiny/10105.png,10105,Alolan Diglett,diglett-alola,1,1,1,1,9a2d17d7236d8ec6736807622f6109644c55da6778bcace831f5e1031b0882e9,475,475,RGBA
data/raw/poketwo-data/shiny/10106.png,10106,Alolan Dugtrio,dugtrio-alola,1,1,1,1,09bbe118fd1a67949a887b40288a79130ebb0231f46b5f395ce6fa1b8dbe1453,475,475,RGBA
data/raw/poketwo-data/shiny/10107.png,10107,Alolan Meowth,meowth-alola,1,1,1,1,d64cb8f8a70154df6c5c2765dfe08452044a19d3c7f2f02ffc2749a2279bdef0,475,475,RGBA
data/raw/poketwo-data/shiny/10108.png,10108,Alolan Persian,persian-alola,1,1,1,1,f20eeb2b3ee367e5ea541eb82e419998cd6e3d0f4c62b9fe6a152882242dc9c7,475,475,RGBA
data/raw/poketwo-data/shiny/1011.png,1011,Dipplin,dipplin,,1,1,1,13d27b2a7ea80f3a5122fef89b27bebc9117f140a339147c4e372ec64a964b4a,475,475,RGBA
data/raw/poketwo-data/shiny/10112.png,10112,Alolan Grimer,grimer-alola,1,1,1,1,cbc1288cd58d146b9d7017c575670f462c4aa35fc67bd995bcbf3db57504d942,475,475,RGBA
data/raw/poketwo-data/shiny/10113.png,10113,Alolan Muk,muk-alola,1,1,1,1,c502e56164a9e8abaa48de04a0f0e2ec6184cc19e6cbd5dcb4c653d4034d67aa,475,475,RGBA
data/raw/poketwo-data/shiny/10114.png,10114,Alolan Exeggutor,exeggutor-alola,1,1,1,1,281f6864a4c33fb18352ce67e453d42a9a383e558a2f29a760495b3512292299,475,475,RGBA
data/raw/poketwo-data/shiny/10118.png,10118,10% Zygarde,zygarde-10-power-construct,1,1,1,1,f5dad16f46177b14ec052d2da6e87501ad3a40992e8fb66dc032a6a8aee9a7f9,475,475,RGBA
data/raw/poketwo-data/shiny/1012.png,1012,Poltchageist,poltchageist,,1,1,1,e550266759e83359d445f8b4b24adc9852aff0d4d8b8a9d29c6704da37ff0684,475,475,RGBA
data/raw/poketwo-data/shiny/10120.png,10120,Complete Zygarde,zygarde-complete,1,1,1,1,ce7674314713032f3fc3efc54c3c170b47bf333a00ca70d31ca8ce9e96fb40e0,475,475,RGBA
data/raw/poketwo-data/shiny/10123.png,10123,Pom-pom Oricorio,oricorio-pom-pom,1,1,1,1,d35372c8cab614b983871f0c9c88f7c6fecefcb4b987ac4c79330e4db2dde8bf,475,475,RGBA
data/raw/poketwo-data/shiny/10124.png,10124,Pa'u Oricorio,oricorio-pau,1,1,1,1,254db05c93e44b9f3769517110882a95267f4b275bd8ecda94b5a3ec0eb6f7ec,475,475,RGBA
data/raw/poketwo-data/shiny/10125.png,10125,Sensu Oricorio,oricorio-sensu,1,1,1,1,75660357d330338baeea721d83c87dfff62a83ab7200e150197c00ba450bac41,475,475,RGBA
data/raw/poketwo-data/shiny/10126.png,10126,Midnight Lycanroc,lycanroc-midnight,1,1,1,1,5f1413ab7c59d444b76ece53344135769f5a8ad8f0ac3d9c8008d23319048c81,475,475,RGBA
data/raw/poketwo-data/shiny/10127.png,10127,School Wishiwashi,wishiwashi-school,1,1,1,1,e4cda7a1b9d1960275b8855f669a055ddf43cd8e484954fe0eaa3c78ac40d33e,475,475,RGBA
data/raw/poketwo-data/shiny/1013.png,1013,Sinistcha,sinistcha,,1,1,1,c5cc188385592f601cd87066787a3e960f1438b48925365896f75590064fb148,475,475,RGBA
data/raw/poketwo-data/shiny/1014.png,1014,Okidogi,okidogi,,1,1,1,cb4c4f9cbcf8ed8b37eeaed0fe5c26ae0043a54f97fcfe6ace1e6aed358cca86,475,475,RGBA
data/raw/poketwo-data/shiny/1015.png,1015,Munkidori,munkidori,,1,1,1,7038b00907d6dbaf6b8b5ec80dffab9d6d81d633437bc4458e2d0ee40733a53b,475,475,RGBA
data/raw/poketwo-data/shiny/10152.png,10152,Dusk Lycanroc,lycanroc-dusk,1,1,1,1,29fa0405585bbeaff729c75af2e3b3219dca8e86cd226a20cfd22a77f145b3a9,475,475,RGBA
data/raw/poketwo-data/shiny/10158.png,10158,Galarian Meowth,meowth-galar,1,1,1,1,52ada481c4e2c4558d941a1df57d6d2196f021e9933a089ada62ec714d3d5397,475,475,RGBA
data/raw/poketwo-data/shiny/10159.png,10159,Galarian Ponyta,ponyta-galar,1,1,1,1,c87397f4153fec67de29d520af7fdf62c7395a3bdcec059ece698cf9c77703b4,475,475,RGBA
data/raw/poketwo-data/shiny/1016.png,1016,Fezandipiti,fezandipiti,,1,1,1,372602c6c38f7036f2ae365359c0d58634056d2eb2e27000b7e0a9855f15dc2c,475,475,RGBA
data/raw/poketwo-data/shiny/10160.png,10160,Galarian Rapidash,rapidash-galar,1,1,1,1,76bd8dcb99f967293de921650b9566f033e72263337cf9ebe736af3315f1c473,475,475,RGBA
data/raw/poketwo-data/shiny/10161.png,10161,Galarian Slowpoke,slowpoke-galar,1,1,1,1,4a7fbb1e88eded029bd8debe8e9cc21c0f85d0485f6db0292c7c219c09b14bcf,475,475,RGBA
data/raw/poketwo-data/shiny/10162.png,10162,Galarian Slowbro,slowbro-galar,1,1,1,1,c88ee2b7d571fc57c9db8c99bd917699ade5193c15d3f3af70015b75e7c93b68,475,475,RGBA
data/raw/poketwo-data/shiny/10163.png,10163,Galarian Farfetch'd,farfetchd-galar,1,1,1,1,de0d18f5042dd9e4aab00806af468b63327e80f6dcd55efcf78b61f27272758f,475,475,RGBA
data/raw/poketwo-data/shiny/10164.png,10164,Galarian Weezing,weezing-galar,1,1,1,1,cdf97dc85cfdde92aeb2a2fc492a555377cd7cdd4e54a2275cc4b7c9d84ce8b6,475,475,RGBA
data/raw/poketwo-data/shiny/10165.png,10165,Galarian Mr. Mime,mr-mime-galar,1,1,1,1,b450f05b4a9e26c488aaef18d0984f9a78a77295a67d5cabca187c7f664ab5f8,475,475,RGBA
data/raw/poketwo-data/shiny/10166.png,10166,Galarian Articuno,articuno-galar,1,1,1,1,e54da53e144925168bc90bed55c3d152ff5fe1d9d7a32a21842d70453f8a3611,475,475,RGBA
data/raw/poketwo-data/shiny/10167.png,10167,Galarian Zapdos,zapdos-galar,1,1,1,1,9bfa0dd8b80926871c11eeaf8905408d2e56b5429eb98b5bddc1e57154f1026b,475,475,RGBA
data/raw/poketwo-data/shiny/10168.png,10168,Galarian Moltres,moltres-galar,1,1,1,1,5d3da4bfaeb62e6f1ffeada1e3fd66555fa86fbac08b72b2200f71e2fc81c66c,475,475,RGBA
data/raw/poketwo-data/shiny/10169.png,10169,Galarian Slowking,slowking-galar,1,1,1,1,6342eacf4700d8d7011ae4994642dfd41dc4fdc17b475da6d92f9df1a9d8ea15,475,475,RGBA
data/raw/poketwo-data/shiny/1017.png,1017,Ogerpon,ogerpon,,1,1,1,3a5baf71efd8bffc5dd39872a9b805b6ac2b8a14eef5b1cf4c86cfd93726e17a,475,475,RGBA
data/raw/poketwo-data/shiny/10170.png,10170,Galarian Corsola,corsola-galar,1,1,1,1,1d28ac94caf51df145cf901a20d38a31825c1afe9582aa572f2ddb1f85d353e3,475,475,RGBA
data/raw/poketwo-data/shiny/10171.png,10171,Galarian Zigzagoon,zigzagoon-galar,1,1,1,1,cdb4acc2d3eb818fd1e52c326bafd73da62a062ab15fdcc746c478c86ef4db76,475,475,RGBA
data/raw/poketwo-data/shiny/10172.png,10172,Galarian Linoone,linoone-galar,1,1,1,1,ea8b61f216f39e205f7188e788567a5193037f661419030608913112dab30214,475,475,RGBA
data/raw/poketwo-data/shiny/10173.png,10173,Galarian Darumaka,darumaka-galar,1,1,1,1,30e356e072a2705a182e98bfbac417f1490f55a42fe9c90feae2e38df5abad0d,475,475,RGBA
data/raw/poketwo-data/shiny/10174.png,10174,Galarian Darmanitan,darmanitan-galar-standard,1,1,1,1,2370eaa268d89cc1e1584d39938dd3b872d28653741d69a8afe745d1832060c4,475,475,RGBA
data/raw/poketwo-data/shiny/10175.png,10175,Galarian Zen Darmanitan,darmanitan-galar-zen,1,1,1,1,babcbb0dec84cf531d6a66f661ea85591e39dae8619d298fb070c0c1fcd518d0,475,475,RGBA
data/raw/poketwo-data/shiny/10176.png,10176,Galarian Yamask,yamask-galar,1,1,1,1,fd8f24614fd89481ac310bb07b5ea7487baaf7cfdbda73b2b241e85fec7faf3f,475,475,RGBA
data/raw/poketwo-data/shiny/10177.png,10177,Galarian Stunfisk,stunfisk-galar,1,1,1,1,908a863e6593c43a72e1a38566b6cb97bebd7a2b9e980511b1af61a9585df3ad,475,475,RGBA
data/raw/poketwo-data/shiny/10178.png,10178,Low Key Toxtricity,toxtricity-low-key,1,1,1,1,908bbd1bbad939f008034738aac1f433b7e452dfc0fc937cdacfa7877f7a9abe,475,475,RGBA
data/raw/poketwo-data/shiny/10179.png,10179,Noice Face Eiscue,eiscue-noice,1,1,1,1,dd7b11431789fa649ef21d321419c8b790ef2f9e96c76fd95a5dff0c7038d939,475,475,RGBA
data/raw/poketwo-data/shiny/1018.png,1018,Archaludon,archaludon,,1,1,1,681592104b60a7c8e34ab9633890eeac7504edb6ae3921c65ed73b4429a5adb5,475,475,RGBA
data/raw/poketwo-data/shiny/10183.png,10183,Rapid Strike Urshifu,urshifu-rapid-strike,1,1,1,1,d4563f3eb8b2503c0cd644c8a78c88e8e03844afeeccf6d5a9d7e9feedf4c310,475,475,RGBA
data/raw/poketwo-data/shiny/1019.png,1019,Hydrapple,hydrapple,,1,1,1,f3853e77b9e35e5169bc31bce12a0966b36b793841f072e17748b0212d602b5a,475,475,RGBA
data/raw/poketwo-data/shiny/102.png,102,Exeggcute,exeggcute,,1,1,1,31e314c56117f90bfc1dddbcdd30d98b190d5fb91cb1363f775cd3967772e975,475,475,RGBA
data/raw/poketwo-data/shiny/1020.png,1020,Gouging Fire,gouging-fire,,1,1,1,7a13fa6cd45de4ff1a4ff67022946b3fea989575c630a00c5e3665b0892453df,475,475,RGBA
data/raw/poketwo-data/shiny/1021.png,1021,Raging Bolt,raging-bolt,,1,1,1,b73cdb8ff51883d275a4c4a8768b8de09ae578e86627387de5e322ade1e3381d,475,475,RGBA
data/raw/poketwo-data/shiny/1022.png,1022,Iron Boulder,iron-boulder,,1,1,1,ec0884aa5c331cc6766be2f4e1734e70d08694ab5a18615fa3802292da7a29fb,475,475,RGBA
data/raw/poketwo-data/shiny/10223.png,10223,Hisuian Voltorb,voltorb-hisui,1,1,1,1,31ec9d6662c80da47670408b9c9f5de67f6a9d03fced0adcf39375684b6d3ddd,475,475,RGBA
data/raw/poketwo-data/shiny/10224.png,10224,Hisuian Electrode,electrode-hisui,1,1,1,1,e65a332063920c3d691c35c5fd5de6ed9df170420041e42cb67f6f38ab001c19,475,475,RGBA
data/raw/poketwo-data/shiny/10225.png,10225,Hisuian Typhlosion,typhlosion-hisui,1,1,1,1,e18c33b58c47d19c9b6ed288f9340c9187c04482a8b2aceb651b9aeafe60248d,475,475,RGBA
data/raw/poketwo-data/shiny/10227.png,10227,Hisuian Sneasel,sneasel-hisui,1,1,1,1,2a0cfffcaadea021194063a1c9bb6359cfb0e08d59621f7fc7d7ce05cb51e020,475,475,RGBA
data/raw/poketwo-data/shiny/10228.png,10228,Hisuian Samurott,samurott-hisui,1,1,1,1,33e67feaf674ddcd47ac198389cc5932f81d49a7f3d005de2bc501c95fcbc773,475,475,RGBA
data/raw/poketwo-data/shiny/10229.png,10229,Hisuian Lilligant,lilligant-hisui,1,1,1,1,fddb3f3769f2b9184d3c38ebad9007f8552eeed17219a7de4733a0155840f9b0,475,475,RGBA
data/raw/poketwo-data/shiny/1023.png,1023,Iron Crown,iron-crown,,1,1,1,d0b25f4b1bf1388f18eb9461775f8e6354f58f25db0f744bf4855add458f4684,475,475,RGBA
data/raw/poketwo-data/shiny/10230.png,10230,Hisuian Zorua,zorua-hisui,1,1,1,1,300c8618404fcfe853dc70a0b0a6dcd9bf3bb0cf783fed60150180e8c49a6f96,475,475,RGBA
data/raw/poketwo-data/shiny/10231.png,10231,Hisuian Zoroark,zoroark-hisui,1,1,1,1,fa5a974bec7ce622feb235a7332de116fa71c6261bb5cd79cacb39de32ec6395,475,475,RGBA
data/raw/poketwo-data/shiny/10233.png,10233,Hisuian Sliggoo,sliggoo-hisui,1,1,1,1,dc6f9749a7a53e983ce91350f4cb0ba84760ba51e61050a0cc0a58c5f62afe51,475,475,RGBA
data/raw/poketwo-data/shiny/10234.png,10234,Hisuian Goodra,goodra-hisui,1,1,1,1,a732d4230e70cf0e6fd3b2df6d1a6c9bd39240e5cb5436ed1c6e4dfe7f755999,475,475,RGBA
data/raw/poketwo-data/shiny/10235.png,10235,Hisuian Avalugg,avalugg-hisui,1,1,1,1,bb002b181c5d31f0aacb6fbd70b04713fd93788ec5e9ba0166a9dec3943621a8,475,475,RGBA
data/raw/poketwo-data/shiny/10236.png,10236,Hisuian Decidueye,decidueye-hisui,1,1,1,1,7279f0f5215b5ce07d6c8f30cb1eda077d497ed5e45a97b5142d91aa088fa4fb,475,475,RGBA
data/raw/poketwo-data/shiny/10239.png,10239,Partner Pikachu,pikachu-starter,1,1,1,1,f0e7fbb3f22bfb767d708b984a28692be64401ff6cf85f1eecfb53cba6fbf8d7,475,475,RGBA
data/raw/poketwo-data/shiny/1024.png,1024,Terapagos,terapagos,,1,1,1,bd616d8230f7da20b1b4e1773d3d9d786d3311558712ad8ac2ddab70bae131a0,475,475,RGBA
data/raw/poketwo-data/shiny/10240.png,10240,Partner Eevee,eevee-starter,1,1,1,1,fc36c7594633736519314c56150aa41c7a136e3abd113bbc61f9ad772fa69d08,475,475,RGBA
data/raw/poketwo-data/shiny/10243.png,10243,Gulping Cramorant,cramorant-gulping,1,1,1,1,ae1f536874e3733a153871dc6bb1e42c6760e3dc00797700739505e661e7cbbc,475,475,RGBA
data/raw/poketwo-data/shiny/10244.png,10244,Gorging Cramorant,cramorant-gorging,1,1,1,1,5b07be74bc6992bb0d7f22f4078def657de0dfc59065c457ee771f8148f74b8a,475,475,RGBA
data/raw/poketwo-data/shiny/10245.png,10245,Hangry Morpeko,morpeko-hangry,1,1,1,1,d591d735b1a4a110160bf1fae999c280d729f2334bcde5c4f53874b4c41273fd,475,475,RGBA
data/raw/poketwo-data/shiny/10246.png,10246,Dada Zarude,zarude-dada,1,1,1,1,5bbf91673b15ee9ce9d2b2dbaac6735ae816311e0bc3b70a9eb85aae5ca392c4,475,475,RGBA
data/raw/poketwo-data/shiny/10247.png,10247,White-Striped Basculin,basculin-white-striped,1,1,1,1,c472c71d5ff09b3c4ad2ddc1d5df02afd08cb89268d988c7ebd65b58b3da2869,475,475,RGBA
data/raw/poketwo-data/shiny/1025.png,1025,Pecharunt,pecharunt,,1,1,1,bae53390525676fa05e214b66c345a917f34a2de9bf303653b6724151dc0cfda,475,475,RGBA
data/raw/poketwo-data/shiny/10250.png,10250,Combat Breed Tauros,tauros-paldea-combat-breed,1,1,1,1,cd74e4b30b79cfce3c75dfb5695271e54a47b5ad876174a464ca7ea36b325379,570,570,RGBA
data/raw/poketwo-data/shiny/10251.png,10251,Blaze Breed Tauros,tauros-paldea-blaze-breed,1,1,1,1,ff3587fd3db4430ca7a0d05a9231dbbc5f3eaed90c427ae603c81781b3799c3c,570,570,RGBA
data/raw/poketwo-data/shiny/10252.png,10252,Aqua Breed Tauros,tauros-paldea-aqua-breed,1,1,1,1,44ebee96ca447ec77dc0d9146ea26a802bd67631c72efa955a3a625f9774433e,570,570,RGBA
data/raw/poketwo-data/shiny/10253.png,10253,Paldean Wooper,wooper-paldea,1,1,1,1,b4c148038d96ef4f5ad873aa3e7d083a5e431ae6fadd18b3fc1cf6dba7a09dae,475,475,RGBA
data/raw/poketwo-data/shiny/10255.png,10255,Three-Segment Dudunsparce,dudunsparce-three-segment,1,1,1,1,aa154cf66972ce91ecaeefee2f59638d37e57bc173165f4bc734a73bb659acf0,475,475,RGBA
data/raw/poketwo-data/shiny/10256.png,10256,Hero Palafin,palafin-hero,1,1,1,1,3e737f9f9f8778a1cd96f584c79642ee126fbbd247f5ba6673b76ced7f7bc8d6,475,475,RGBA
data/raw/poketwo-data/shiny/10257.png,10257,Family of Three Maushold,maushold-family-of-three,1,1,1,1,babadd3cf91945f99896c8e14c133bcf4e4c3eec33df94e6d15abda7adaeb672,475,475,RGBA
data/raw/poketwo-data/shiny/10258.png,10258,Droopy Tatsugiri,tatsugiri-droopy,1,1,1,1,da36437c1e0ed25343da0744cee68cfa11b85208c2e559ea5be4856f2106061f,475,475,RGBA
data/raw/poketwo-data/shiny/10259.png,10259,Stretchy Tatsugiri,tatsugiri-stretchy,1,1,1,1,36f217ef47ae14fea670fdee92c86cc33e47dc49216629903e5bd6fb6310c987,475,475,RGBA
data/raw/poketwo-data/shiny/10260.png,10260,Blue Plumage Squawkabilly,squawkabilly-blue-plumage,1,1,1,1,ae8cdfc187e97fcc4259334e774812959d047c3bb862db4a519fa9e46332e59a,475,475,RGBA
data/raw/poketwo-data/shiny/10261.png,10261,Yellow Plumage Squawkabilly,squawkabilly-yellow-plumage,1,1,1,1,516032e87086a608ce09b00a7709bfcb1f0e2bab4b8ee6f57c4f6b29e6276079,475,475,RGBA
data/raw/poketwo-data/shiny/10262.png,10262,White Plumage Squawkabilly,squawkabilly-white-plumage,1,1,1,1,15172ed95a01b9b155fd064c2681ef3c5dda427a31b4d7b799d08bc749785179,475,475,RGBA
data/raw/poketwo-data/shiny/10263.png,10263,Roaming Gimmighoul,gimmighoul-roaming,1,1,1,1,198ac1415cec839019ea4ba9912b538038318fc162888a8a976e70bcfee77654,475,475,RGBA
data/raw/poketwo-data/shiny/10265.png,10265,Sprinting Build Koraidon,koraidon-sprinting-build,1,1,1,1,e220355e572507b819d9668dff3d8cc99daf8f2a85a8dd50cd73250b34492edd,475,475,RGBA
data/raw/poketwo-data/shiny/10267.png,10267,Gliding Build Koraidon,koraidon-gliding-build,1,1,1,1,9d2c2e7fcadf8b61cf5f09af8ec0b95d13580884fc8ca74c825d115cc17945d8,475,475,RGBA
data/raw/poketwo-data/shiny/10269.png,10269,Drive Mode Miraidon,miraidon-drive-mode,1,1,1,1,561d3e5982dd668e2b79ff84a024fc0820f524394a7e9776625a3ecc1e9c44da,475,475,RGBA
data/raw/poketwo-data/shiny/10271.png,10271,Glide Mode Miraidon,miraidon-glide-mode,1,1,1,1,6d87f06552beccb7a892923bf1753379965e19d4f2304aaa46023eb4d4879cbf,475,475,RGBA
data/raw/poketwo-data/shiny/10272.png,10272,Bloodmoon Ursaluna,ursaluna-bloodmoon,1,1,1,1,d434fdc04202e21695c4e27e7b2f97f832179e8cd9876b6e6f0665c9b8cf43c2,475,475,RGBA
data/raw/poketwo-data/shiny/10273.png,10273,Wellspring Mask Ogerpon,ogerpon-wellspring-mask,1,1,1,1,398deed635326456b49e8e1583ae9f01bf7c8eaf3471425ae036e73f94707993,475,475,RGBA
data/raw/poketwo-data/shiny/10274.png,10274,Hearthflame Mask Ogerpon,ogerpon-hearthflame-mask,1,1,1,1,2aa40a940cfe7d826792b0148f138a4cab04af18bc08e38f5b974d8cd13eea16,475,475,RGBA
data/raw/poketwo-data/shiny/10275.png,10275,Cornerstone Mask Ogerpon,ogerpon-cornerstone-mask,1,1,1,1,f0cef3194d10f3a379294811159ee136dc86345961e3ac7455d537a27879247b,475,475,RGBA
data/raw/poketwo-data/shiny/10276.png,10276,Terastal Terapagos,terapagos-terastal,1,1,1,1,5d3f8d6112fb930a68c9a6027bbd8b357e0e2a92d8f0121f8c82b1d3ee9891d5,475,475,RGBA
data/raw/poketwo-data/shiny/10278.png,10278,Unown A,unown-a,1,1,1,1,13eebbf76fc43cdbf2383835878b303bdc4bd08f97064a9353a0d517fb4de9f8,475,475,RGBA
data/raw/poketwo-data/shiny/10279.png,10279,Unown B,unown-b,1,1,1,1,8f924afd0c0c1f1f34c570d0d5e42e6a2f3f41011908419e164a7d941b09233f,475,475,RGBA
data/raw/poketwo-data/shiny/10280.png,10280,Unown C,unown-c,1,1,1,1,10c4d96fdc0324eb244d240f867517510107d43cf26ea73720562c78b3d75318,475,475,RGBA
data/raw/poketwo-data/shiny/10281.png,10281,Unown D,unown-d,1,1,1,1,9484c1d6dff3a74162f9955fd9975792cd5e3b65ab5e37421ad6a05f2edc3384,475,475,RGBA
data/raw/poketwo-data/shiny/10282.png,10282,Unown E,unown-e,1,1,1,1,e6ac4869bb2e4ae66d9e79fa34ab896d4329bf32ba99134b73c47b203fecff43,475,475,RGBA
data/raw/poketwo-data/shiny/10283.png,10283,Unown G,unown-g,1,1,1,1,97a827e9c372be0ab50cc8f2f1ef9c17149a1b6dbaec5a28d92baafb60853dbb,475,475,RGBA
data/raw/poketwo-data/shiny/10284.png,10284,Unown H,unown-h,1,1,1,1,9a2e3f1de7f899d194efd8484e562ffa1c8d678cdc684f9d331128b1f8c7350a,475,475,RGBA
data/raw/poketwo-data/shiny/10285.png,10285,Unown I,unown-i,1,1,1,1,9216064c789ad17f048fde363d8090d57cfb2a9a8261b66ead2439a253db81e4,475,475,RGBA
data/raw/poketwo-data/shiny/10286.png,10286,Unown J,unown-j,1,1,1,1,19e9dad2bd1628ffb4b66abdc5213e4a09de38efe99e12d715c4af8b326aa314,475,475,RGBA
data/raw/poketwo-data/shiny/10287.png,10287,Unown K,unown-k,1,1,1,1,556e7b3f7abb3a00b23e5d495ebfaa1cba0625ed8271347603bc02f8705e87d1,475,475,RGBA
data/raw/poketwo-data/shiny/10288.png,10288,Unown L,unown-l,1,1,1,1,57ef8f0131cd7ab03d22b96746533798c61375533e94700a654348c390eb18eb,475,475,RGBA
data/raw/poketwo-data/shiny/10289.png,10289,Unown M,unown-m,1,1,1,1,5f6417b48ce2e9f83fb60c814709dc6ab5f36873e9a91286371c85ec7a78e8b7,475,475,RGBA
data/raw/poketwo-data/shiny/10290.png,10290,Unown N,unown-n,1,1,1,1,4fcfbe61629a1491e69ce4c8efcecb8a47b637feeadbf03a9512315d068911c9,475,475,RGBA
data/raw/poketwo-data/shiny/10291.png,10291,Unown O,unown-o,1,1,1,1,c919cd547c91c212b652a3d097573671d4e9cf7e8a68c5f7830d505f33c258bb,475,475,RGBA
data/raw/poketwo-data/shiny/10292.png,10292,Unown P,unown-p,1,1,1,1,2202f48ba617757ebd99fd5251d873981caad44a9229b97bb67efeba16e702d7,475,475,RGBA
data/raw/poketwo-data/shiny/10293.png,10293,Unown Q,unown-q,1,1,1,1,9c16c7f52ea471bf55e6432d4bd1003e0cbd7dfa17aa8ca4b61cccf6e7631b74,475,475,RGBA
data/raw/poketwo-data/shiny/10294.png,10294,Unown R,unown-r,1,1,1,1,2606112ef94d438e8eb4124482058fa63a2338e7af31e16b1f97271e2113db03,475,475,RGBA
data/raw/poketwo-data/shiny/10295.png,10295,Unown S,unown-s,1,1,1,1,bebc56f92c76d28238827f66a36df7e22ee9a0c1e60186652484efb58d266955,475,475,RGBA
data/raw/poketwo-data/shiny/10296.png,10296,Unown T,unown-t,1,1,1,1,65974e8cafc2e7097547321e8398a39ad314ffb6844a711ca53b7025eb86ac41,475,475,RGBA
data/raw/poketwo-data/shiny/10297.png,10297,Unown U,unown-u,1,1,1,1,86e74bd51ebbdce06978d5c7666e993a2b0fec9bc025d9878629c6fa531ea25c,475,475,RGBA
data/raw/poketwo-data/shiny/10298.png,10298,Unown V,unown-v,1,1,1,1,e799449ba0eb946e9cc8c2bc103a107b5ef84977f1bcf577f223546d9a6596c9,475,475,RGBA
data/raw/poketwo-data/shiny/10299.png,10299,Unown W,unown-w,1,1,1,1,69ecea7bd9eb6c8f306116509c31254c9764bdb0c0bf7f797a3542bd8da6b9f0,475,475,RGBA
data/raw/poketwo-data/shiny/103.png,103,Exeggutor,exeggutor,,1,1,1,95de6dbb20887d25f0e59a995049706842e99ce2c31c57ea205c9670087e40e2,475,475,RGBA
data/raw/poketwo-data/shiny/10300.png,10300,Unown X,unown-x,1,1,1,1,071e66a5dbfbfe90eaa3681ae2cb73caeb902138e31616b7e4f553c1469bc54a,475,475,RGBA
data/raw/poketwo-data/shiny/10301.png,10301,Unown Y,unown-y,1,1,1,1,cf5cf3d2536c331cf327df9b7198c2f9b395c40640be914f18c709918ce83635,475,475,RGBA
data/raw/poketwo-data/shiny/10302.png,10302,Unown Z,unown-z,1,1,1,1,ee943b8df42af4aed97f28dcc618a0a6498086aa809b8754a7e201b68e3ec4f8,475,475,RGBA
data/raw/poketwo-data/shiny/10303.png,10303,Unown Exclamation,unown-exclamation,1,1,1,1,581c37fcf3df554aea8af9ddad4b7f64a2b80dbb713b1e044e812fc7402145bb,475,475,RGBA
data/raw/poketwo-data/shiny/10304.png,10304,Unown Question,unown-question,1,1,1,1,5762f0b2a2bdf56e0920238241bcbe999806b21126bd6d7145c3b1dac6bea462,475,475,RGBA
data/raw/poketwo-data/shiny/10305.png,10305,Yellow Flower Flabébé,flabebe-yellow,1,1,1,1,bcdab8ec5f9562da6e4937700d63ad57baaf70d03964dbf5782c92d8a0de0b26,475,475,RGBA
data/raw/poketwo-data/shiny/10306.png,10306,Orange Flower Flabébé,flabebe-orange,1,1,1,1,5c4f7201d4f7d1bcf43b2f3faf1e96831252e3b53cfafaf53ad264044456e76d,475,475,RGBA
data/raw/poketwo-data/shiny/10307.png,10307,Blue Flower Flabébé,flabebe-blue,1,1,1,1,beaaf46996c8bc5de8c08bd77d4a60d94c3dfcf7f65b3dfee591761227907108,475,475,RGBA
data/raw/poketwo-data/shiny/10308.png,10308,White Flower Flabébé,flabebe-white,1,1,1,1,c88ed0a18d76537133297298dcf8ab13cb5d9c170e920b1d9665bbecf8625d57,475,475,RGBA
data/raw/poketwo-data/shiny/10309.png,10309,Yellow Flower Floette,floette-yellow,1,1,1,1,fed0765ac824c4896f3229e821fa65b2598faeadcff9f0ddeb74c3fa2e92262a,475,475,RGBA
data/raw/poketwo-data/shiny/10310.png,10310,Orange Flower Floette,floette-orange,1,1,1,1,627c1d8d55b3101b66a62af4aafe6da124f80be2efc50f63166c689e57565972,475,475,RGBA
data/raw/poketwo-data/shiny/10311.png,10311,Blue Flower Floette,floette-blue,1,1,1,1,8f343a05967477b73f406d8abbec5ed7a30813f6d75e1e9424d71151a3ac7d9c,475,475,RGBA
data/raw/poketwo-data/shiny/10312.png,10312,White Flower Floette,floette-white,1,1,1,1,63819914176b545f80bfff727a5c157b2a06cf07daef0bb8eeb0a1ce415d2f1f,475,475,RGBA
data/raw/poketwo-data/shiny/10313.png,10313,Yellow Flower Florges,florges-yellow,1,1,1,1,7846d9a1000a65fe80cc55f88dcbf8bffe2144558cd308c7d0c207dae8ddacb5,475,475,RGBA
data/raw/poketwo-data/shiny/10314.png,10314,Orange Flower Florges,florges-orange,1,1,1,1,b508edfd724739469c3d171c1bb1cb1af2b974a0559b0de98d0dbdd8cac61842,475,475,RGBA
data/raw/poketwo-data/shiny/10315.png,10315,Blue Flower Florges,florges-blue,1,1,1,1,85573679fa17b64f7cca745a1531a8c8d05061193ad88feafcf947035db94a79,475,475,RGBA
data/raw/poketwo-data/shiny/10316.png,10316,White Flower Florges,florges-white,1,1,1,1,42ff3c7e6a56aa8886261d9029d615038abcef2ab197937126f660fd5a8f2708,475,475,RGBA
data/raw/poketwo-data/shiny/10317.png,10317,Spiky-eared Pichu,pichu-spiky-eared,1,1,1,1,b5906e087203750da0ce27cc2e21888af8b91336a1a81b51f3481387364c9c20,475,475,RGBA
data/raw/poketwo-data/shiny/10318.png,10318,Sunshine Cherrim,cherrim-sunshine,1,1,1,1,ceb3b46d774a5ea8127b9987eea9315bb57155695f69af453b6b7c64d75f2b82,475,475,RGBA
data/raw/poketwo-data/shiny/10319.png,10319,East Sea Shellos,shellos-east,1,1,1,1,c1d08debfc2e57cfa972f293815615f6e36f033ce625e356cc583bef71b49d03,500,500,RGBA
data/raw/poketwo-data/shiny/10320.png,10320,East Sea Gastrodon,gastrodon-east,1,1,1,1,03573d5d95bc93bfe146ef5e6670753d016624e2b56f26c4c3a554220397fc78,490,490,RGBA
data/raw/poketwo-data/shiny/10321.png,10321,Icy Snow Vivillon,vivillon-icy-snow,1,1,1,1,ba0e776b8d7a6e33320593b6606615c948ee3a7178e66fef5bed9c406f54495c,475,475,RGBA
data/raw/poketwo-data/shiny/10322.png,10322,Polar Vivillon,vivillon-polar,1,1,1,1,24fb530461d04f3f7a357fb41df328cb20cc0c5692985a9046114f15b9daf29f,475,475,RGBA
data/raw/poketwo-data/shiny/10323.png,10323,Tundra Vivillon,vivillon-tundra,1,1,1,1,ed75d0db92f1ae9133968c441393e84016bb50a9daa4448d359b186054687c4b,475,475,RGBA
data/raw/poketwo-data/shiny/10324.png,10324,Continental Vivillon,vivillon-continental,1,1,1,1,ef8bd37e8d53385a890aad65e958c398e1e27ba4d8f64713a77cc86ef3fc440f,475,475,RGBA
data/raw/poketwo-data/shiny/10325.png,10325,Garden Vivillon,vivillon-garden,1,1,1,1,c678c894296d4dae8a6ce9270b67ff210f5140b61d26aa87b8af9f10e8b3d054,475,475,RGBA
data/raw/poketwo-data/shiny/10326.png,10326,Elegant Vivillon,vivillon-elegant,1,1,1,1,4f6913df298046cd2e882abda4be2d768fa280305ee5e14d21773d2079e79573,475,475,RGBA
data/raw/poketwo-data/shiny/10327.png,10327,Modern Vivillon,vivillon-modern,1,1,1,1,b21296dfa375075cec2fbdc50ce3a5e1eb34ec47502877582e7b5b0073c5cad3,475,475,RGBA
data/raw/poketwo-data/shiny/10328.png,10328,Marine Vivillon,vivillon-marine,1,1,1,1,718eed7a675a28d7bdb6e6d49764a8537b983529f7c3293ed255a6163f3dff10,475,475,RGBA
data/raw/poketwo-data/shiny/10329.png,10329,Archipelago Vivillon,vivillon-archipelago,1,1,1,1,13b5e13cf7ea9d8a42e2cd38f087a05c5bb1ab5fed79baa07636ece72f238795,475,475,RGBA
data/raw/poketwo-data/shiny/10330.png,10330,High Plain Vivillon,vivillon-high-plains,1,1,1,1,2605304d311f41bc0b2e0426b9b94ae07f06979e029d82a7be34452fb207d8b3,475,475,RGBA
data/raw/poketwo-data/shiny/10331.png,10331,Sandstorm Vivillon,vivillon-sandstorm,1,1,1,1,e726b5d31c4c2d5f39a9b9175a96a80d5bcc235dfe34ba5c8188449362c14271,475,475,RGBA
data/raw/poketwo-data/shiny/10332.png,10332,River Vivillon,vivillon-river,1,1,1,1,e475281c9be2e098b7380b46df536e2c5099ac1f19e52e8ffbbfbda3e0a84299,475,475,RGBA
data/raw/poketwo-data/shiny/10333.png,10333,Monsoon Vivillon,vivillon-monsoon,1,1,1,1,b4f671d54570ca65d9404b5ef66d7036db2cb2093511572b3c38919dcae2a80b,475,475,RGBA
data/raw/poketwo-data/shiny/10334.png,10334,Savanna Vivillon,vivillon-savanna,1,1,1,1,35ed192e4dbf4321f9905eb0f35ed36c6296bd30b53ea3c00508f9368d2f9a72,475,475,RGBA
data/raw/poketwo-data/shiny/10335.png,10335,Sun Vivillon,vivillon-sun,1,1,1,1,b8b748a227daaa03f0134d99a768795e7ab09f51f7fdc0e06c72c89d1a15998c,475,475,RGBA
data/raw/poketwo-data/shiny/10336.png,10336,Ocean Vivillon,vivillon-ocean,1,1,1,1,13fda538316a56620bb329a326c3c900681bb9167dcef7e0a203cfe2655c22f3,475,475,RGBA
data/raw/poketwo-data/shiny/10337.png,10337,Jungle Vivillon,vivillon-jungle,1,1,1,1,3ab51ea93838cf61755a5a748e545813dede5aa42ac10b3ad0e454ac975560b9,475,475,RGBA
data/raw/poketwo-data/shiny/10338.png,10338,Fancy Vivillon,vivillon-fancy,1,1,1,1,8c3ef29b226143c4abba2042494bb55f40ed70f4177184b7ee609435faefb098,475,475,RGBA
data/raw/poketwo-data/shiny/10339.png,10339,Poké Ball Vivillon,vivillon-poke-ball,1,1,1,1,050b88ecd971b5b948227b1cd2eb47608b1e3b7662d4764407f3c5231da9f62f,475,475,RGBA
data/raw/poketwo-data/shiny/10340.png,10340,Summer Deerling,deerling-summer,1,1,1,1,4bfb85fd1a29e2e95c8bf534a6b6ff47d7f76c886b0cf72f797585bc0dab1d79,475,475,RGBA
data/raw/poketwo-data/shiny/10341.png,10341,Autumn Deerling,deerling-autumn,1,1,1,1,0accc3bc3f03e7f11e531ae35121191c608f8334c2191fa37982948d2e23fd72,475,475,RGBA
data/raw/poketwo-data/shiny/10342.png,10342,Winter Deerling,deerling-winter,1,1,1,1,c382a34f709fb87d1d62c024de04faff65da09f2ce37eba35a001a47697f092f,475,475,RGBA
data/raw/poketwo-data/shiny/10343.png,10343,Summer Sawsbuck,sawsbuck-summer,1,1,1,1,bae4dcc03c0180f2f8523c1c0da42034666719a0982a170b5b08372a9ef7f47e,475,475,RGBA
data/raw/poketwo-data/shiny/10344.png,10344,Autumn Sawsbuck,sawsbuck-autumn,1,1,1,1,f8e5454ae9c7a9476be9a49aa000661203fcb913250ac9bee2ebceb8bd6222d6,475,475,RGBA
data/raw/poketwo-data/shiny/10345.png,10345,Winter Sawsbuck,sawsbuck-winter,1,1,1,1,189f8e88a26b51eaee3cd64ea70288e18d4062c01a887cf8781bcb59f7b5cc06,475,475,RGBA
data/raw/poketwo-data/shiny/10346.png,10346,Neutral Xerneas,xerneas-neutral,1,1,1,1,9d71f245e2288c310862c448eebe338e62ebb16b4d0aa5883c0a39899f7ae065,475,475,RGBA
data/raw/poketwo-data/shiny/10381.png,10381,Heart Trim Furfrou,furfrou-heart,1,1,1,1,d295d5bba44926a51cef7751e013df02683f652c94ab907f04ef0799b078ed21,475,475,RGBA
data/raw/poketwo-data/shiny/10382.png,10382,Star Trim Furfrou,furfrou-star,1,1,1,1,6df2b792c67137ad6d310d69e5bba84cab67c3bafe52134c2a88423e249f729b,475,475,RGBA
data/raw/poketwo-data/shiny/10383.png,10383,Diamond Trim Furfrou,furfrou-diamond,1,1,1,1,f3f0ba6dc056f708403dabeac9fc8f4a009310c4570de43956d7e1b52fc4722f,475,475,RGBA
data/raw/poketwo-data/shiny/10384.png,10384,Debutante Trim Furfrou,furfrou-debutante,1,1,1,1,25dfd745067265422dabec070fda2b3aa87382157a1b04963ea2cc040e96073f,475,475,RGBA
data/raw/poketwo-data/shiny/10385.png,10385,Matron Trim Furfrou,furfrou-matron,1,1,1,1,b6b71867af497a05cbc1db573f10b896cfd194cbcb5e1e364881ec933b692ca6,475,475,RGBA
data/raw/poketwo-data/shiny/10386.png,10386,Dandy Trim Furfrou,furfrou-dandy,1,1,1,1,3436746c2affcea1868c13fec9d53dc9907102da8e1a448c38ec8858afc64b46,475,475,RGBA
data/raw/poketwo-data/shiny/10387.png,10387,La Reine Trim Furfrou,furfrou-la-reine,1,1,1,1,93b6a753460bdefda1d2c70cf27b5845f45b9eb7936258608c38939708e25833,475,475,RGBA
data/raw/poketwo-data/shiny/10388.png,10388,Kabuki Trim Furfrou,furfrou-kabuki,1,1,1,1,91ec53e9a3b95b1ba3c72ac497a49d0c813b8bf1fab3411c1138f41a221278a6,475,475,RGBA
data/raw/poketwo-data/shiny/10389.png,10389,Pharaoh Trim Furfrou,furfrou-pharaoh,1,1,1,1,5b42d49fb446af734d4e3544a73ac52632c2b7a98b9f68c56b1da35904e86c30,475,475,RGBA
data/raw/poketwo-data/shiny/10398.png,10398,Vanilla Cream Berry Sweet Alcremie,alcremie-vanilla-cream-berry-sweet,1,1,1,1,64cb72aaa9b8805bed288811fe683f01b18d7336e13fc7c8e0ca5a5c1fb7f409,475,475,RGBA
data/raw/poketwo-data/shiny/10407.png,10407,Vanilla Cream Love Sweet Alcremie,alcremie-vanilla-cream-love-sweet,1,1,1,1,20a09940849a657fa38cd8dc64d36e9a60eb296caeefdf95a6595dc5c6b040e1,475,475,RGBA
data/raw/poketwo-data/shiny/10416.png,10416,Vanilla Cream Star Sweet Alcremie,alcremie-vanilla-cream-star-sweet,1,1,1,1,f08440c2cdce55306bee39c8c45dd18921ad43f771e5c037cca16305811d111e,475,475,RGBA
data/raw/poketwo-data/shiny/10425.png,10425,Vanilla Cream Clover Sweet Alcremie,alcremie-vanilla-cream-clover-sweet,1,1,1,1,cf694f5d09e17230768a0d59a79bf117808b0f123dfbd5f33505afa8c1b29e03,475,475,RGBA
data/raw/poketwo-data/shiny/10434.png,10434,Vanilla Cream Flower Sweet Alcremie,alcremie-vanilla-cream-flower-sweet,1,1,1,1,aacedbe21c11bcad060d45dbce94af48297e3746f51f7dcb6b0cf46cc973d55e,475,475,RGBA
data/raw/poketwo-data/shiny/10443.png,10443,Vanilla Cream Ribbon Sweet Alcremie,alcremie-vanilla-cream-ribbon-sweet,1,1,1,1,4e09f5e89e470d6baa529a58a05b0bf07d769d95154b122a58568c1f08b62f9c,475,475,RGBA
data/raw/poketwo-data/shiny/10452.png,10452,Sandy Burmy,burmy-sandy,1,1,1,1,48df03763d2ce58536cac92c534be133cb9eb58d5ef0e412118addc34fcb412a,475,475,RGBA
data/raw/poketwo-data/shiny/10453.png,10453,Trash Burmy,burmy-trash,1,1,1,1,52ef4ea91b0fa422fbc7fcd9b4b7cc1d2e4da4cf0f3e1417eebbfea40f313390,475,475,RGBA
data/raw/poketwo-data/shiny/108.png,108,Lickitung,lickitung,,1,1,1,f5daabcec79a33482d0471c10466945ebec21182a776f51c63a0fd8ac14291ed,475,475,RGBA
data/raw/poketwo-data/shiny/11.png,11,Metapod,metapod,,1,1,1,93b5020dda6b84f3b877d20cf4b6442d5f56ec9f98235e75ef9bcf2b3602beb6,475,475,RGBA
data/raw/poketwo-data/shiny/113.png,113,Chansey,chansey,,1,1,1,91f81654ca35999cb0a3ed0b7e905692cb1d72569de66c030193ff212cae8a44,475,475,RGBA
data/raw/poketwo-data/shiny/12.png,12,Butterfree,butterfree,,1,1,1,a7150607d8e16f6bb1d9dc00191fcb45b475036fccd7cfff4935cfec5acfca88,475,475,RGBA
data/raw/poketwo-data/shiny/120.png,120,Staryu,staryu,,1,1,1,6dfacb3d9358d9d56b2164e3fbd4ea3fd33bd9d1c45e0649a7d46ef545795905,475,475,RGBA
data/raw/poketwo-data/shiny/121.png,121,Starmie,starmie,,1,1,1,b04e33762d92f0afff6f7daaaf459cac632dcf2caf1963cddd1d33fe1371eb24,475,475,RGBA
data/raw/poketwo-data/shiny/122.png,122,Mr. Mime,mr-mime,,1,1,1,0a972b214d95d40acde012e869f87f9b387dabf700a213c601f3d61756295d6f,475,475,RGBA
data/raw/poketwo-data/shiny/123.png,123,Scyther,scyther,,1,1,1,448e9641a53b7a83a66b711f9fa383d9653dcb9994e6bd4ac86dcfd7bd28ffa0,475,475,RGBA
data/raw/poketwo-data/shiny/125.png,125,Electabuzz,electabuzz,,1,1,1,c14f1ce81e458ea7a945e50a8bea5fccaeae9e77b4034748c0ed634728ec29ee,475,475,RGBA
data/raw/poketwo-data/shiny/126.png,126,Magmar,magmar,,1,1,1,6927d2708d96501ea97cf87bb446d8104d8566c9242cdd986266f5bb425ddadd,475,475,RGBA
data/raw/poketwo-data/shiny/13.png,13,Weedle,weedle,,1,1,1,12f914a6d7ffc2277f462826a05d65b908e851c87157613f84b62c33fa77d91d,475,475,RGBA
data/raw/poketwo-data/shiny/131.png,131,Lapras,lapras,,1,1,1,dd40853d960635a4fc674b4a90947470561a0749e165c54b8f19306a8e88217c,475,475,RGBA
data/raw/poketwo-data/shiny/132.png,132,Ditto,ditto,,1,1,1,2dcc4603b84cd753b480197570b253278eaa52a35227be090b08a6a22f80636e,475,475,RGBA
data/raw/poketwo-data/shiny/133.png,133,Eevee,eevee,,1,1,1,9f0e6e436912030acf87bd21bc29a70dfe5604e90a0fed94c8e41b898b738f1a,475,475,RGBA
data/raw/poketwo-data/shiny/134.png,134,Vaporeon,vaporeon,,1,1,1,f0c0b76583901441adefc6fa278e5d52e0b8e20cab163537bf0400756b7c0272,475,475,RGBA
data/raw/poketwo-data/shiny/137.png,137,Porygon,porygon,,1,1,1,55f7c7d2dbb6daad05edc2adfc4d540828c531a3e9709417af365be8defcaf62,475,475,RGBA
data/raw/poketwo-data/shiny/138.png,138,Omanyte,omanyte,,1,1,1,ca4d3142b37f219b2089e1225413c09da406e5dbe1062d3053062d543f2419bb,475,475,RGBA
data/raw/poketwo-data/shiny/139.png,139,Omastar,omastar,,1,1,1,61a1e140547f391e2f5c50fe480d35198b4ee7945af6924141be4f5b9d4d48b1,475,475,RGBA
data/raw/poketwo-data/shiny/14.png,14,Kakuna,kakuna,,1,1,1,26a76cf25af4138c61ed6a3ff0153a2408e3ae83703cb465259a41aeb4f25504,475,475,RGBA
data/raw/poketwo-data/shiny/141.png,141,Kabutops,kabutops,,1,1,1,120cc613dce5e04ee75aa32c04e18f7d209293d8d80fdd142cbb0391f9a4fdbb,475,475,RGBA
data/raw/poketwo-data/shiny/143.png,143,Snorlax,snorlax,,1,1,1,80ad7932c4a6def05fa7feb820397124ec21d0b4ba80bd29d7d65b51e19443df,475,475,RGBA
data/raw/poketwo-data/shiny/147.png,147,Dratini,dratini,,1,1,1,f167da54e2e0a18fba7690c0ca85d5ab9e9cb08a11556a013b792cc2ecae40ba,475,475,RGBA
data/raw/poketwo-data/shiny/148.png,148,Dragonair,dragonair,,1,1,1,ef986189d17124d5e7c26e509bf3e814b527b2e7f09a1a18e7a56cb80f2cacc4,475,475,RGBA
data/raw/poketwo-data/shiny/15.png,15,Beedrill,beedrill,,1,1,1,dae0252f34e0c7a3cccbb9ca6b9e5f39e8dc9ccfded39dc64cfc81303995e34f,475,475,RGBA
data/raw/poketwo-data/shiny/150.png,150,Mewtwo,mewtwo,,1,1,1,85ad7ac6c897f5c7c7fb46faabb740da124799e77fd99ef63f9d12ef3b82775f,475,475,RGBA
data/raw/poketwo-data/shiny/151.png,151,Mew,mew,,1,1,1,1b60699452c91cb0021ceda926c36d3edd343d93d4a30923a608245f1d7d2037,475,475,RGBA
data/raw/poketwo-data/shiny/152.png,152,Chikorita,chikorita,,1,1,1,d7b577600639514edf2aad9bca152b8c9d46b54cdbb9873dd792a070a27581cb,475,475,RGBA
data/raw/poketwo-data/shiny/153.png,153,Bayleef,bayleef,,1,1,1,137c160f3a07865e047e80a2687b49c0a6cce4cb1e94d3a9aeebe1902b198b64,475,475,RGBA
data/raw/poketwo-data/shiny/154.png,154,Meganium,meganium,,1,1,1,54599aa9eece0b28bce574a4e669adc1fa0ded8dfd5e079cb5c49ebbaffa376e,475,475,RGBA
data/raw/poketwo-data/shiny/156.png,156,Quilava,quilava,,1,1,1,34b6c615a4f1bb7084c2fd98ecfeed7eb2af8e0f9d06780bc4eada06f436ccaf,475,475,RGBA
data/raw/poketwo-data/shiny/157.png,157,Typhlosion,typhlosion,,1,1,1,b50bef6250159673862445d4919bda469a84639f1df6815d8e3de14840bb560e,475,475,RGBA
data/raw/poketwo-data/shiny/16.png,16,Pidgey,pidgey,,1,1,1,81938dcabd3725cd6408f093643c50c4a094209a8054f9bc55c60dc317126987,475,475,RGBA
data/raw/poketwo-data/shiny/163.png,163,Hoothoot,hoothoot,,1,1,1,380d63596df4f27ac43f978dba611fc2af692b3112101976e845ee7d7f17281f,475,475,RGBA
data/raw/poketwo-data/shiny/164.png,164,Noctowl,noctowl,,1,1,1,cda5c2af89276ac4756159893314eee81ee9d74afdd86afdc27271dcb9971e3f,475,475,RGBA
data/raw/poketwo-data/shiny/165.png,165,Ledyba,ledyba,,1,1,1,02b0c2afaf16fe7d4d79c8df068dfba001a6fb0d741229dcae20e8db5ce5a55e,475,475,RGBA
data/raw/poketwo-data/shiny/167.png,167,Spinarak,spinarak,,1,1,1,71b84256727c83c83500046e75cd55b004fc159aa91f13f1cec1114688d18b91,475,475,RGBA
data/raw/poketwo-data/shiny/168.png,168,Ariados,ariados,,1,1,1,28e343952fd0b2c495bba043a41093b7ce3360c22977e1ec60a1a1d8a03f0067,475,475,RGBA
data/raw/poketwo-data/shiny/170.png,170,Chinchou,chinchou,,1,1,1,b0e745546a11964af75da0e5ab09737b622ce7ed2fa60cc10599da5626d0f926,475,475,RGBA
data/raw/poketwo-data/shiny/171.png,171,Lanturn,lanturn,,1,1,1,aa288d00ec313a378a7bbac5f43af92db01550c830eeecf32a7e3b30b292e221,475,475,RGBA
data/raw/poketwo-data/shiny/172.png,172,Pichu,pichu,,1,1,1,fe334f7cc79812f03442146d10586ec1a2d4b7ad0d2a43ae94e5f3372a2ddeef,475,475,RGBA
data/raw/poketwo-data/shiny/173.png,173,Cleffa,cleffa,,1,1,1,e9eb969fa832339085498f3de3f25ead8ef1e436bf3ae96946c6959f60f6686d,475,475,RGBA
data/raw/poketwo-data/shiny/174.png,174,Igglybuff,igglybuff,,1,1,1,e4af6e22cf8401f1e264758d04ef677cfe04adaac4f98a83ad360d411b154a03,475,475,RGBA
data/raw/poketwo-data/shiny/175.png,175,Togepi,togepi,,1,1,1,90f14749c692557682805d0280a8a871651ad133c3792fea524c4caea53960fd,475,475,RGBA
data/raw/poketwo-data/shiny/176.png,176,Togetic,togetic,,1,1,1,918804d39c67485fb8d783bd706fcc03489b109fd4da370fcdff0bd0fac4aa2d,475,475,RGBA
data/raw/poketwo-data/shiny/177.png,177,Natu,natu,,1,1,1,acd30459e0b621ae502e0b4e72419865e607df0cbd74eec9c0903a46e7ecc050,475,475,RGBA
data/raw/poketwo-data/shiny/178.png,178,Xatu,xatu,,1,1,1,7621e8affd734e7fc786139a0822c2339e784dd91be1d827a5b9e28ef2f44cd6,475,475,RGBA
data/raw/poketwo-data/shiny/179.png,179,Mareep,mareep,,1,1,1,315dfc3f343ad1b73306077d30d6ad7e5db9e3340d401e49a77dea9028643dc4,475,475,RGBA
data/raw/poketwo-data/shiny/180.png,180,Flaaffy,flaaffy,,1,1,1,1c8d52a65930e2c75db2a75d4621f6b62884e21927e1fd96b33144eb3c5c249d,475,475,RGBA
data/raw/poketwo-data/shiny/181.png,181,Ampharos,ampharos,,1,1,1,c290732d501b35c11dde74379623b5066c307b053a019e9c1326c430e9242334,475,475,RGBA
data/raw/poketwo-data/shiny/182.png,182,Bellossom,bellossom,,1,1,1,b3a4b7d8bf734dc4ecc5084db9bad4d8e983d6a94735b443670c71697bbba967,475,475,RGBA
data/raw/poketwo-data/shiny/183.png,183,Marill,marill,,1,1,1,7259a47cb84ab5ef0cbdd6b9616b0081fd4915805168686dc855bf1a11e1e2d2,475,475,RGBA
data/raw/poketwo-data/shiny/184.png,184,Azumarill,azumarill,,1,1,1,5e52363df1d9fdd6b222e0d7980077c86ecd162b7f9099ce18d8fa4d91a0ab90,475,475,RGBA
data/raw/poketwo-data/shiny/185.png,185,Sudowoodo,sudowoodo,,1,1,1,14f19401faba8084d6b401968ef952db37df4f2b2d3ab81210b6dcf8ad46b7b7,475,475,RGBA
data/raw/poketwo-data/shiny/186.png,186,Politoed,politoed,,1,1,1,2087bd0bdffa610f31f2ef5446e004c98d05a30b39c02bacf685355c0c1212bc,475,475,RGBA
data/raw/poketwo-data/shiny/187.png,187,Hoppip,hoppip,,1,1,1,71324f71afd2561a04955f33a026f0345df254f354898950535c476a539318ab,475,475,RGBA
data/raw/poketwo-data/shiny/188.png,188,Skiploom,skiploom,,1,1,1,c457ec8a05c84b8c38bca052879ff102266f5236ba0388d8aa84942e626064d6,475,475,RGBA
data/raw/poketwo-data/shiny/189.png,189,Jumpluff,jumpluff,,1,1,1,93d305ea49a77434aa120cb422e2674e4bf4372f2cf5267602ab6a730407e38b,475,475,RGBA
data/raw/poketwo-data/shiny/19.png,19,Rattata,rattata,,1,1,1,05608d7f9561b96b97b445b19353e52662355d462898a74e7384d490b09f29f4,475,475,RGBA
data/raw/poketwo-data/shiny/190.png,190,Aipom,aipom,,1,1,1,b610a6215da7e8bebba00ec18bde4f8d54a10938b6345da0d07945979195abc8,475,475,RGBA
data/raw/poketwo-data/shiny/191.png,191,Sunkern,sunkern,,1,1,1,14e7d82b7f25a27e1ef852303bc96c42aea521e62909f10d67dfc51120a8444b,475,475,RGBA
data/raw/poketwo-data/shiny/192.png,192,Sunflora,sunflora,,1,1,1,d0ec24f6b9b080f5a9b3f7fdfe00e50c9208c8d89a703cfdcbc047d960fe737c,475,475,RGBA
data/raw/poketwo-data/shiny/193.png,193,Yanma,yanma,,1,1,1,c1cb64ac255f03f1389dfd86254a3cd70628d9b1060f17b08de1bb1142c3e519,475,475,RGBA
data/raw/poketwo-data/shiny/196.png,196,Espeon,espeon,,1,1,1,4fba78fa88eac0ee5d9595d94f13582cdd677fa21b0a54e2da0cdff3eb398fd3,475,475,RGBA
data/raw/poketwo-data/shiny/197.png,197,Umbreon,umbreon,,1,1,1,d0516f44335cffc15ca714a4b858a1f987cc1b8d4cfbce207687121726096686,475,475,RGBA
data/raw/poketwo-data/shiny/198.png,198,Murkrow,murkrow,,1,1,1,f92cd7c74321ca51a2a5f59b876f0928cc45440d3bde4a542d20432384d11dfd,475,475,RGBA
data/raw/poketwo-data/shiny/199.png,199,Slowking,slowking,,1,1,1,89ea3f7658d51ced51bab9fe32ae091d62bcf29a24a4fa37b72bc27c5f231616,475,475,RGBA
data/raw/poketwo-data/shiny/2.png,2,Ivysaur,ivysaur,,1,1,1,b5184d59da68c4f1f7539637a940c47b88dc7e4024101135af8e01310f634765,475,475,RGBA
data/raw/poketwo-data/shiny/20.png,20,Raticate,raticate,,1,1,1,1ebc7e834ff838174e2718a640c32b90c67091eefb926cc73aefee6a59190fa9,475,475,RGBA
data/raw/poketwo-data/shiny/20000.png,20000,Zygarde Cell,zygarde-cell,1,1,1,1,266bdeea6950e6d881aa25e28253426120cfc95e4ae13a5eb5da9dce1e77caa7,475,475,RGBA
data/raw/poketwo-data/shiny/20001.png,20001,Zygarde Core,zygarde-core,1,1,1,1,175d1c27968c596ed12e9fd0dfc4f7731f23ecf3b2622a2ad7601b6be5e89762,475,475,RGBA
data/raw/poketwo-data/shiny/20002.png,20002,Zenith Marshadow,marshadow-zenith,1,1,1,1,290ac3a32119b21a754114ec0bb4fa7ea269326dbdee91d84aad14f2af7f8373,475,475,RGBA
data/raw/poketwo-data/shiny/20003.png,20003,Battle Cyclizar,cyclizar-battle,1,1,1,1,62bad9a98240e1c069d4f55f5484aa7b169743df0c721da8bc84c648243a1541,475,475,RGBA
data/raw/poketwo-data/shiny/20004.png,20004,Ride Cyclizar,cyclizar-ride,1,1,1,1,e18de37ef9bdf8b4f8f36cfb0e93fd2c6e3f15e6ff9f6fd65619f2b29e3ce124,475,475,RGBA
data/raw/poketwo-data/shiny/20006.png,20006,Rotom Pokédex,rotom-pokedex,1,1,1,1,3ed30cf3d036f75539fc3875a179f4bbcd02dcaadbf085c54702dc5cb2635afb,475,475,RGBA
data/raw/poketwo-data/shiny/20007.png,20007,Rotom Phone,rotom-phone,1,1,1,1,ecd5a3d56d30419e9c26979d987584b0c29bccf5a90b3d013992b37768b37987,475,475,RGBA
data/raw/poketwo-data/shiny/20008.png,20008,Rotom Drone,rotom-drone,1,1,1,1,18111c4c1f516b6d7a000e024ff1990f0d4c4176f5239a4de3d587ca8a0973f0,475,475,RGBA
data/raw/poketwo-data/shiny/202.png,202,Wobbuffet,wobbuffet,,1,1,1,30c4f0d86f22a7ae1b8b78481af8e2603c7a029bee67827aadda2d548314d7bb,475,475,RGBA
data/raw/poketwo-data/shiny/203.png,203,Girafarig,girafarig,,1,1,1,03332a12f197a6d6c50223629d98d3ea942762cba988fba045f84df1b051b1e3,475,475,RGBA
data/raw/poketwo-data/shiny/204.png,204,Pineco,pineco,,1,1,1,bbce4f2e67e53d843ad92eaf2d66478130455a0e574dd858f6a9ab2e6763d271,475,475,RGBA
data/raw/poketwo-data/shiny/205.png,205,Forretress,forretress,,1,1,1,ae2e885cc50fd5315ade8908e63b4f9997ff5305a6c41d9a4232106ea37ae550,475,475,RGBA
data/raw/poketwo-data/shiny/206.png,206,Dunsparce,dunsparce,,1,1,1,579f5bb5114326e3e6fb5d6928c8a3a971da7cf34ab9ec793ee4feb9d740fe69,475,475,RGBA
data/raw/poketwo-data/shiny/207.png,207,Gligar,gligar,,1,1,1,181906d8a26418f4d7f044d7edd902012dadd70bad92e218050204e8c0fedfb0,475,475,RGBA
data/raw/poketwo-data/shiny/209.png,209,Snubbull,snubbull,,1,1,1,0755e93bf8d05a286c5b4842f6d6266d46c28bb6c284b5b9fafd81fffbd11984,475,475,RGBA
data/raw/poketwo-data/shiny/210.png,210,Granbull,granbull,,1,1,1,48d8b4c706d4804c34d83e61ae70802f81f9512c42db968e0a36bb494771c30d,475,475,RGBA
data/raw/poketwo-data/shiny/212.png,212,Scizor,scizor,,1,1,1,5af8ea92e9d3b79134b539a7797e8a436e53bd2a0b5e7d196554fe35c96507e0,475,475,RGBA
data/raw/poketwo-data/shiny/213.png,213,Shuckle,shuckle,,1,1,1,5c23fbdef2c9207eba3c0e9a2cedf270bcf56d0396ec2573f6d49a99abe4c988,475,475,RGBA
data/raw/poketwo-data/shiny/214.png,214,Heracross,heracross,,1,1,1,bfd43a5c1b507ccda9ed9bfa16048cbd40c6c562aa5c0ea3fd2937c187c8e60e,475,475,RGBA
data/raw/poketwo-data/shiny/215.png,215,Sneasel,sneasel,,1,1,1,df2c9c24cf88f4198b6a3fd0afbf5a36f601bd853bd320009e4e6e97840d9ff9,475,475,RGBA
data/raw/poketwo-data/shiny/216.png,216,Teddiursa,teddiursa,,1,1,1,2c335859cc14bf2155bd3a75e7ada316fb81b21007828a9aab43b46bf3bbbbe9,475,475,RGBA
data/raw/poketwo-data/shiny/217.png,217,Ursaring,ursaring,,1,1,1,9c23ddbb65ac189b2956bb36a99cd708d796f1781d892f5ed985d04692a97699,475,475,RGBA
data/raw/poketwo-data/shiny/218.png,218,Slugma,slugma,,1,1,1,46446a34bc258d140a4f852ec67bee0c8183081ead8cd35901ff553cf31ffddd,475,475,RGBA
data/raw/poketwo-data/shiny/219.png,219,Magcargo,magcargo,,1,1,1,4831598e565dfd01d8210fe872b5badac86293d7829b72f827dde138be25b371,475,475,RGBA
data/raw/poketwo-data/shiny/220.png,220,Swinub,swinub,,1,1,1,6263a532323c06e95e52968baf6f4a49d71a0af8cbf1a31db7e8bfa82eadf732,475,475,RGBA
data/raw/poketwo-data/shiny/221.png,221,Piloswine,piloswine,,1,1,1,d592518e1e6d4f239b4674e49e33601f03571d76d57baab5e6a926db951d9e47,475,475,RGBA
data/raw/poketwo-data/shiny/222.png,222,Corsola,corsola,,1,1,1,4acbaf7440cbedababca4b2f88d1b653ede3076b992aa21ba9b44a911dbf85f1,475,475,RGBA
data/raw/poketwo-data/shiny/224.png,224,Octillery,octillery,,1,1,1,07e993e4aa13d5de30a5e34b796659a6627a31f0e3061ac20f36fcafb7720007,475,475,RGBA
data/raw/poketwo-data/shiny/225.png,225,Delibird,delibird,,1,1,1,c25e5cf10dd1781745932d65aa93899e5e155985c10729288d859ff0b2e3fe3a,475,475,RGBA
data/raw/poketwo-data/shiny/231.png,231,Phanpy,phanpy,,1,1,1,e1bb47a18ad8d0d9ef1d1ac48f6ac537f48b6e1c19a7d77538a2fde5c0464050,475,475,RGBA
data/raw/poketwo-data/shiny/232.png,232,Donphan,donphan,,1,1,1,da0c9b1c66a03e2d3f7519b711b02d978feedfe5d925003fbdedd4653a0d6895,475,475,RGBA
data/raw/poketwo-data/shiny/233.png,233,Porygon2,porygon2,,1,1,1,48ff1f6f74a1567c4d2968a138bca4b38ab10a27d87320695db32aaa3a6e303d,475,475,RGBA
data/raw/poketwo-data/shiny/234.png,234,Stantler,stantler,,1,1,1,0680b883af13151efd9bf363b4f69ce40b772270c7fa0af4357760f767947789,475,475,RGBA
data/raw/poketwo-data/shiny/235.png,235,Smeargle,smeargle,,1,1,1,e705f735e0b1f6d46b8e8b6b57bb724f5529bbfac4dbc7621828e2c1e2648e1a,475,475,RGBA
data/raw/poketwo-data/shiny/236.png,236,Tyrogue,tyrogue,,1,1,1,4bfc89484dbc03cd790865e40be31d564eb7646571937ff4930c8a96b2c84645,475,475,RGBA
data/raw/poketwo-data/shiny/237.png,237,Hitmontop,hitmontop,,1,1,1,dd9f68b2595ed24427d926e5dd71c7195bfb99c51c22785ca590c1337d1c8546,475,475,RGBA
data/raw/poketwo-data/shiny/238.png,238,Smoochum,smoochum,,1,1,1,b644c6bcdc19edfe7f222f87b0a4ce2dd6397dd4d9a2e5ce148d6161ca6b39c9,475,475,RGBA
data/raw/poketwo-data/shiny/239.png,239,Elekid,elekid,,1,1,1,bc895db7b03c1fc0ab7812732e170ccc737594ea64d96dcc29d689cc3b071d8d,475,475,RGBA
data/raw/poketwo-data/shiny/240.png,240,Magby,magby,,1,1,1,a3bfed0376045bffdd11fa418e62f6d5768484aa0ee6f3b66db6126fbc13b0e2,475,475,RGBA
data/raw/poketwo-data/shiny/241.png,241,Miltank,miltank,,1,1,1,297b89252408c42ae2cf99b303f07a55ecca16ed7fe6e73735179e0d28b3c495,475,475,RGBA
data/raw/poketwo-data/shiny/242.png,242,Blissey,blissey,,1,1,1,f3725450ab76877e8e158cd1e65d9f4aca96ed61e8c2f0a60da8552747ae6650,475,475,RGBA
data/raw/poketwo-data/shiny/243.png,243,Raikou,raikou,,1,1,1,869f53ae06397bd6c62bc6634997192d5223b2fedc2351fa554d75ff93f3bbc5,475,475,RGBA
data/raw/poketwo-data/shiny/244.png,244,Entei,entei,,1,1,1,01b667bf28620f68c725cc55294f1ea5db24a9ccde4edbede433ddc8de262ada,475,475,RGBA
data/raw/poketwo-data/shiny/245.png,245,Suicune,suicune,,1,1,1,047334bdbbd7c532f6fd6436fc63b9aecb9a01c080dc0fda1bd7a13daa683629,475,475,RGBA
data/raw/poketwo-data/shiny/246.png,246,Larvitar,larvitar,,1,1,1,5f5722234a4bae1d5aad63292b4f62f97fba16d7feec72e1025d80a5a96ac932,475,475,RGBA
data/raw/poketwo-data/shiny/247.png,247,Pupitar,pupitar,,1,1,1,e52833700dace7ef5be497ecdd96b9ba47447b18f66a01fa64876b222ca82fb8,475,475,RGBA
data/raw/poketwo-data/shiny/248.png,248,Tyranitar,tyranitar,,1,1,1,88ce5cf77a54c4d7a4420e804ff63f5aaa5622de5685d73fbfdeb255477a1bd5,475,475,RGBA
data/raw/poketwo-data/shiny/25.png,25,Pikachu,pikachu,,1,1,1,9de578bee6665d1a45884686b1d355f67aedd43522f31e073bfd6e0f58e84a03,475,475,RGBA
data/raw/poketwo-data/shiny/251.png,251,Celebi,celebi,,1,1,1,732fe88f196a905426f4c484371b030521a3136ad4281d5f2b08bec8c7c922a3,475,475,RGBA
data/raw/poketwo-data/shiny/252.png,252,Treecko,treecko,,1,1,1,7915d867902fbca8b537dceaf80d79cdfa2378a662abaaba77aedee396d0d014,475,475,RGBA
data/raw/poketwo-data/shiny/253.png,253,Grovyle,grovyle,,1,1,1,267043e8cb46e88ee587d76cb3ff9f3d1561445683d3b52838768ce0fca4067c,475,475,RGBA
data/raw/poketwo-data/shiny/254.png,254,Sceptile,sceptile,,1,1,1,2bd910823936afd34d81aefa4dc5a09778845224da8d8f34acb3d48444ccf41c,475,475,RGBA
data/raw/poketwo-data/shiny/255.png,255,Torchic,torchic,,1,1,1,a2648f185230135ccee0f2096bc093f48128523ef5d713e24af52029f1064162,475,475,RGBA
data/raw/poketwo-data/shiny/256.png,256,Combusken,combusken,,1,1,1,716e2a3e3413d4ce3c7722b95085d12ef84994d50b8a1f5795b51b652999efe2,475,475,RGBA
data/raw/poketwo-data/shiny/257.png,257,Blaziken,blaziken,,1,1,1,cca0a10304a94cd8b879c62b76c52f3737b3cbda58dc38276edcd05bdb6b43d7,475,475,RGBA
data/raw/poketwo-data/shiny/258.png,258,Mudkip,mudkip,,1,1,1,7dbc1b7f9254d03e901a7770c6f21f0a3e36c18998c5a041f97ae9a55a3620db,475,475,RGBA
data/raw/poketwo-data/shiny/259.png,259,Marshtomp,marshtomp,,1,1,1,42918ddc061e506ad3a994b7c846723bf3cd01d5dcc77812b114e9d182d6c9e6,475,475,RGBA
data/raw/poketwo-data/shiny/26.png,26,Raichu,raichu,,1,1,1,e488d484d1da5f622f9c9e3c8135a1c3c1c7cb6c49351b21c8ca414d53ff04fb,475,475,RGBA
data/raw/poketwo-data/shiny/260.png,260,Swampert,swampert,,1,1,1,6730e0d53b6235dd8d5a9822a4d4747bf30070ede112eca833c2c7404a74f052,475,475,RGBA
data/raw/poketwo-data/shiny/261.png,261,Poochyena,poochyena,,1,1,1,ee8c7a61d0a9cdc5f1d11f294be7f8ae4b0268562c93961ca3ffe32eaa2cf29c,750,750,RGBA
data/raw/poketwo-data/shiny/262.png,262,Mightyena,mightyena,,1,1,1,f2c1016bfc2adcac379d1daf12508ef6454eca60b30e722e60c029e27a7aa377,475,475,RGBA
data/raw/poketwo-data/shiny/265.png,265,Wurmple,wurmple,,1,1,1,4ae2f73f389353127ac796a660f2414a03bf74ae631c02bad174e26f52133ed4,475,475,RGBA
data/raw/poketwo-data/shiny/266.png,266,Silcoon,silcoon,,1,1,1,e5b2d0f0d1076542b2a16ea43f02aeff03f77440681c2b999e44cf55409e0759,750,750,RGBA
data/raw/poketwo-data/shiny/267.png,267,Beautifly,beautifly,,1,1,1,9d2a762905127940102b42871436e6648d2091d9cc9f917a39e722a8ba4de26e,475,475,RGBA
data/raw/poketwo-data/shiny/268.png,268,Cascoon,cascoon,,1,1,1,f47539e0354af8c4174895a47f94f2aed001d73ce3c39d208b259908df8df6f1,475,475,RGBA
data/raw/poketwo-data/shiny/269.png,269,Dustox,dustox,,1,1,1,e938763fe4c9b9e40a69de212b0e40b60c8b7febf2bb8c170c089032eb815fad,475,475,RGBA
data/raw/poketwo-data/shiny/270.png,270,Lotad,lotad,,1,1,1,f25d404de8ceaaed0938ad28f9f0e2f2b03d5e266087c7a1d2084e76508c9d41,475,475,RGBA
data/raw/poketwo-data/shiny/271.png,271,Lombre,lombre,,1,1,1,6758377c7409cda181b5a75468fc1eea1aadc347faedcc01cde8e9ee61a7c35f,475,475,RGBA
data/raw/poketwo-data/shiny/272.png,272,Ludicolo,ludicolo,,1,1,1,543990e13bd7b717d1d2cef7510f3b642df7992fafb58c5013ebd06f0dfbe74e,475,475,RGBA
data/raw/poketwo-data/shiny/273.png,273,Seedot,seedot,,1,1,1,28ed5529a25286ce95a96bda2866d0cec910c568f7efa80d02cc5c775d47e842,475,475,RGBA
data/raw/poketwo-data/shiny/274.png,274,Nuzleaf,nuzleaf,,1,1,1,1891aa75b01386ad54cf329c5738074651b88bb4ed9c3b029ee2f6df64512864,475,475,RGBA
data/raw/poketwo-data/shiny/275.png,275,Shiftry,shiftry,,1,1,1,e647aa304da9e5bd249ae7540a53d2d2867ebe83124a500a148c4d4e714bced8,475,475,RGBA
data/raw/poketwo-data/shiny/276.png,276,Taillow,taillow,,1,1,1,3e997db08c22938baa0fe68a6157348026dc2afa38fca46a07cd43847ec9966b,475,475,RGBA
data/raw/poketwo-data/shiny/277.png,277,Swellow,swellow,,1,1,1,a6afb4cedf06727d272b7e3a439b81bf0935cc571fb5ed010071c746e8c4b6a2,475,475,RGBA
data/raw/poketwo-data/shiny/280.png,280,Ralts,ralts,,1,1,1,96a46b6f990d9f57799ce33d6d18948e4aa8bd81feb14403cca5ec33d3c3daad,475,475,RGBA
data/raw/poketwo-data/shiny/281.png,281,Kirlia,kirlia,,1,1,1,c27786cfcb975ca819e92a7bf44e48359dd11f670824d525106318ae3125d95f,475,475,RGBA
data/raw/poketwo-data/shiny/282.png,282,Gardevoir,gardevoir,,1,1,1,2bf197a41e0471069867b574a8b22af6c74bbf52cbc1c52fd3f15ce3ac5b06ed,475,475,RGBA
data/raw/poketwo-data/shiny/283.png,283,Surskit,surskit,,1,1,1,b587c8cd61f27e7faeb9a180bd1f047da4d3c2acafe5e4a0e5bc0a7e1a9ba62c,475,475,RGBA
data/raw/poketwo-data/shiny/284.png,284,Masquerain,masquerain,,1,1,1,76001dbc0795b2df1a1cd476db9beb96dcf50a938ba03c52ff3b329d0992449b,475,475,RGBA
data/raw/poketwo-data/shiny/285.png,285,Shroomish,shroomish,,1,1,1,5bdb12783192aacfdc1c8cfb93deecf064d67ec47419ed98bd3a8614d4e0032d,475,475,RGBA
data/raw/poketwo-data/shiny/286.png,286,Breloom,breloom,,1,1,1,717333da74425f7c3e9897f5346b7efd4f9f13ee96ad736f0235dc3112d90fdd,475,475,RGBA
data/raw/poketwo-data/shiny/287.png,287,Slakoth,slakoth,,1,1,1,94fbe2554c7a119c6dc3787a126a3fb8a68f39f3fa44c944a7a8069ab620e90b,475,475,RGBA
data/raw/poketwo-data/shiny/288.png,288,Vigoroth,vigoroth,,1,1,1,5c01ae542685043c0b19dba6f5f08c220cd00425cf4315844e80d39be4ca5ec3,475,475,RGBA
data/raw/poketwo-data/shiny/29.png,29,Nidoran♀️,nidoran-f,,1,1,1,48ca5dd95992219b99ac79b3c0b9757eb5b710ce1683b16b9b61ae425da1f25d,475,475,RGBA
data/raw/poketwo-data/shiny/291.png,291,Ninjask,ninjask,,1,1,1,4018867dd1b4cd3dd39667c81f60379c0817e9f8530973fca2f002d181304e5a,475,475,RGBA
data/raw/poketwo-data/shiny/293.png,293,Whismur,whismur,,1,1,1,ab46cc2caaf961713462e5d4772c8135b6e6ad53d77e9876a44820a78ce56999,475,475,RGBA
data/raw/poketwo-data/shiny/294.png,294,Loudred,loudred,,1,1,1,433576feba13fc4c3de711a23974ca502da6bb5b81028130dd2df44328f1307f,475,475,RGBA
data/raw/poketwo-data/shiny/295.png,295,Exploud,exploud,,1,1,1,fba917b9b1ce19fb2c9feeb37022a62804a4a9ecb61d455b7a9231eea168d3e8,475,475,RGBA
data/raw/poketwo-data/shiny/296.png,296,Makuhita,makuhita,,1,1,1,4cb59462ed65601d6d41e9ab6ba4c70fdb068111d665bef2e5c16d2f17bc76cc,475,475,RGBA
data/raw/poketwo-data/shiny/297.png,297,Hariyama,hariyama,,1,1,1,b25a250867fcd51a2bd68abfba496c598689b097999416c233407015d289c746,475,475,RGBA
data/raw/poketwo-data/shiny/298.png,298,Azurill,azurill,,1,1,1,24c3ed7c22c36bd847eef77f388f4331cd6bc941111e7830a390fcc9a9e4dcdb,475,475,RGBA
data/raw/poketwo-data/shiny/299.png,299,Nosepass,nosepass,,1,1,1,c107aee57e272467caf163899a734118b796cc29e07b841e68c8d7c0787e6c7f,475,475,RGBA
data/raw/poketwo-data/shiny/3.png,3,Venusaur,venusaur,,1,1,1,cd98105bb21cf579a378d1eda6f17c0b13ad7b12c0e8a48e7262163bb30ae787,475,475,RGBA
data/raw/poketwo-data/shiny/30.png,30,Nidorina,nidorina,,1,1,1,33e54a78a313a53ca2c63849e23124573f2bf8fe3b8aa23836a8d03392cc3aa5,475,475,RGBA
data/raw/poketwo-data/shiny/300.png,300,Skitty,skitty,,1,1,1,e3849f28422949d9f29d4ce7ab1f5d2ab78ec952d81275171548b1b1f4dd3057,475,475,RGBA
data/raw/poketwo-data/shiny/301.png,301,Delcatty,delcatty,,1,1,1,81ddc19d98dd4bb138573b6c28e27893ae46a6b4038382ad583bab9d476566b0,475,475,RGBA
data/raw/poketwo-data/shiny/307.png,307,Meditite,meditite,,1,1,1,d7057c0411a9151ae4e5c857e0998e8ec1ed847528c056d4bd059f27ea6740d6,475,475,RGBA
data/raw/poketwo-data/shiny/308.png,308,Medicham,medicham,,1,1,1,4d9b9ddaf32a722e37e53c6687303f6e1058d4e0c87437ec2d07f42d234eec8f,475,475,RGBA
data/raw/poketwo-data/shiny/309.png,309,Electrike,electrike,,1,1,1,b8661d011a69f427e76f0d7f3368785719dcf771e73fd8c13003ed74d2e4492b,475,475,RGBA
data/raw/poketwo-data/shiny/31.png,31,Nidoqueen,nidoqueen,,1,1,1,4ef9a662df688d3c3049be61c0e4dd8677622db3151c483f63e7162efb2c8617,475,475,RGBA
data/raw/poketwo-data/shiny/310.png,310,Manectric,manectric,,1,1,1,e637f0e0a620c2d396ca14e1933a84182c53be6cafcaa4d70de74a4a44c975a4,475,475,RGBA
data/raw/poketwo-data/shiny/311.png,311,Plusle,plusle,,1,1,1,856af140945780599a504d66021e26aea24d1b5bf62e0b123cfb564a61416572,475,475,RGBA
data/raw/poketwo-data/shiny/312.png,312,Minun,minun,,1,1,1,286c51e2e9668e960e88ffb7e4b1e78e557850590c6f867106469fd18c74befc,475,475,RGBA
data/raw/poketwo-data/shiny/313.png,313,Volbeat,volbeat,,1,1,1,d42ff5885c3415a122b3d716f52bee10e1b1289b2523747e95ffe1d5e6ecadab,475,475,RGBA
data/raw/poketwo-data/shiny/314.png,314,Illumise,illumise,,1,1,1,3bb0abc35d6338be99c51f83042fa13b77b8fcc1be2bcafc3e1bb475fefc357c,475,475,RGBA
data/raw/poketwo-data/shiny/315.png,315,Roselia,roselia,,1,1,1,d315fb826cb3df4be47b95372919f8f8724579f46934b110c54c7c0698bade72,475,475,RGBA
data/raw/poketwo-data/shiny/316.png,316,Gulpin,gulpin,,1,1,1,5d0594f3b1cd09d7030cd52009840dbb8adc5ae677586bdfa3f8df50983a01a4,475,475,RGBA
data/raw/poketwo-data/shiny/317.png,317,Swalot,swalot,,1,1,1,8dacded2990b58cba7b263657bea2fd18fb187465177ce117911ebd938d92afe,475,475,RGBA
data/raw/poketwo-data/shiny/32.png,32,Nidoran♂️,nidoran-m,,1,1,1,84f4d74a38eaf3053c2729b1593b7de7d664d94842b54b75d246884f0d54d03a,475,475,RGBA
data/raw/poketwo-data/shiny/322.png,322,Numel,numel,,1,1,1,da91217897a9a402b877a76264e7875096cc5da8ac7876cb92a594a382a9e234,475,475,RGBA
data/raw/poketwo-data/shiny/326.png,326,Grumpig,grumpig,,1,1,1,7208c4295bc77b28c29bf54c0da7e2afb9a4271a71f3f6f9f5643469a9722f24,475,475,RGBA
data/raw/poketwo-data/shiny/327.png,327,Spinda,spinda,,1,1,1,1e5bd18335c893d5479db6b4ba0f4dc7daf1eff2498b6b5bf0c28a3973d46de8,750,750,RGBA
data/raw/poketwo-data/shiny/329.png,329,Vibrava,vibrava,,1,1,1,fdbadeb2c9a9d219b505c4e885fa0f51e3734db14b8e71246ec8e96c75b1dd12,475,475,RGBA
data/raw/poketwo-data/shiny/33.png,33,Nidorino,nidorino,,1,1,1,9c0352411e503ad3c0af11465d32a89963a14b2cd7abd2253581c059b87dcd85,475,475,RGBA
data/raw/poketwo-data/shiny/330.png,330,Flygon,flygon,,1,1,1,fa5e677a9891f1c64c5eaed6bc4a79a99031c794b546af6ee7409c66769f6f67,475,475,RGBA
data/raw/poketwo-data/shiny/331.png,331,Cacnea,cacnea,,1,1,1,4765e16fca73eb1b4ed08c841fd9a25bfa1dfbfae4842191df75a0d02b4317ba,475,475,RGBA
data/raw/poketwo-data/shiny/332.png,332,Cacturne,cacturne,,1,1,1,4847cabb168a6ef07a98a83cd7beb91aa2f67a8878a38d2c83bbd11d743d509b,475,475,RGBA
data/raw/poketwo-data/shiny/333.png,333,Swablu,swablu,,1,1,1,4a84520d4ed9fd61239ef77aa0ae907234d5e33bcc672ceb9268dfc88ad44169,750,750,RGBA
data/raw/poketwo-data/shiny/334.png,334,Altaria,altaria,,1,1,1,008324beed44edeff74b9cf06fa307342e1b6fd645594bb59fc10031644e1808,750,750,RGBA
data/raw/poketwo-data/shiny/335.png,335,Zangoose,zangoose,,1,1,1,4703c3d02d4bb05ed69fe6e31d335045adec2211a1e34b07099ffdcccc985ed4,475,475,RGBA
data/raw/poketwo-data/shiny/336.png,336,Seviper,seviper,,1,1,1,1b4a807b429752388de6b8b28288d6ff98c7de35d1fe08b127e2abd9788ece6f,475,475,RGBA
data/raw/poketwo-data/shiny/339.png,339,Barboach,barboach,,1,1,1,e0272393899af370e8b3039a1cb797af412a301ba94606cacfb141da81c5c994,475,475,RGBA
data/raw/poketwo-data/shiny/34.png,34,Nidoking,nidoking,,1,1,1,7fe8aa744ddf4b21f8da8787f524a14d9310a3b3f2086dbfe175b4574dc01f98,475,475,RGBA
data/raw/poketwo-data/shiny/344.png,344,Claydol,claydol,,1,1,1,774b6a318bb3cb724358ef18168674664c308055e1ed7c0cf92995c595593a71,475,475,RGBA
data/raw/poketwo-data/shiny/345.png,345,Lileep,lileep,,1,1,1,770192b2c9cbe39e3987a19850615c9875dda69d0d5d428eca2fae6610a37963,475,475,RGBA
data/raw/poketwo-data/shiny/346.png,346,Cradily,cradily,,1,1,1,f4d8e4645f0fed01d975d41964bbc08dea580ffa95db5d96a6ef5500dec45984,475,475,RGBA
data/raw/poketwo-data/shiny/347.png,347,Anorith,anorith,,1,1,1,6eb7b79d34f382f603431ef6796543df13db48277a8306c9587912fa6784869f,475,475,RGBA
data/raw/poketwo-data/shiny/348.png,348,Armaldo,armaldo,,1,1,1,7aaace0eac8664a4995f96f6023c7129840460542107bc981e5a5e9bfecf4af5,475,475,RGBA
data/raw/poketwo-data/shiny/35.png,35,Clefairy,clefairy,,1,1,1,9c8a33416798409327fa5e9ae381eefb9d1e63f60eda06778699d2fa424336f8,475,475,RGBA
data/raw/poketwo-data/shiny/350.png,350,Milotic,milotic,,1,1,1,fe8dce71a90705ced71c82cf794a652d7b02f5c6148d4305dc85f935bfbc0715,475,475,RGBA
data/raw/poketwo-data/shiny/351.png,351,Castform,castform,,1,1,1,3f876c7f444d073bdce72328729f0cdfd6a708386890e5b937cea4094c84de7e,475,475,RGBA
data/raw/poketwo-data/shiny/352.png,352,Kecleon,kecleon,,1,1,1,5f26bfa4673e4f8858e75da141f07168dd912bbffe540f0d12cf954c8a3b3415,475,475,RGBA
data/raw/poketwo-data/shiny/357.png,357,Tropius,tropius,,1,1,1,8eae23794872db59bda65df694aeafb3919e1563741b3b50320804c655593de9,475,475,RGBA
data/raw/poketwo-data/shiny/358.png,358,Chimecho,chimecho,,1,1,1,a85cca1f281c840998b2617b8572d31601eb356a8ea581f3882a41689e23450e,475,475,RGBA
data/raw/poketwo-data/shiny/359.png,359,Absol,absol,,1,1,1,ee608a188dd4d61d4189834c4b4e84bcf1ddf0491207c6ab041c7bc2ecae7fca,475,475,RGBA
data/raw/poketwo-data/shiny/36.png,36,Clefable,clefable,,1,1,1,10e331d32467a14e526c25f5261052c233921ea52b0098cffaa57fe7a03f98f1,475,475,RGBA
data/raw/poketwo-data/shiny/360.png,360,Wynaut,wynaut,,1,1,1,21b07949ee85bb63f2bb9d2da23b1af017d6a70e6f1113e5c09cb22db1b7ce92,475,475,RGBA
data/raw/poketwo-data/shiny/361.png,361,Snorunt,snorunt,,1,1,1,521e29fea1fc48f5e2367259841f56a686a94da7aa7cbe4f7ed83791a67da14e,475,475,RGBA
data/raw/poketwo-data/shiny/363.png,363,Spheal,spheal,,1,1,1,eaac93c61ccd0a2868b53847b80fa987628c5a12f58293d2f2483fcad16c5271,475,475,RGBA
data/raw/poketwo-data/shiny/364.png,364,Sealeo,sealeo,,1,1,1,cd112702141db072e0c50d0b706502f12835710be6b0752c37dcb81509a65e6a,475,475,RGBA
data/raw/poketwo-data/shiny/365.png,365,Walrein,walrein,,1,1,1,9bf9f5959bb4486806df252e9b850e8f255e63d79c9a99af8c8c68d48e6a18e8,475,475,RGBA
data/raw/poketwo-data/shiny/366.png,366,Clamperl,clamperl,,1,1,1,29d3d67f86969b026740b1bd5fb1e89c8137d12542c26632aec6258ce633a314,750,750,RGBA
data/raw/poketwo-data/shiny/368.png,368,Gorebyss,gorebyss,,1,1,1,afd783a35508dd229e152c4ce3562e02432b2151c93c28b9a8454e0137b5c2e1,750,750,RGBA
data/raw/poketwo-data/shiny/37.png,37,Vulpix,vulpix,,1,1,1,fa467c5ce165204f606f1af4d347010c4e0c0bb254bd2737f8a71a49dd1e9119,475,475,RGBA
data/raw/poketwo-data/shiny/370.png,370,Luvdisc,luvdisc,,1,1,1,ffe4cb6e428203b837d076297186e0b3ec11e63a7d5cb7b98ec550aa142abd13,475,475,RGBA
data/raw/poketwo-data/shiny/38.png,38,Ninetales,ninetales,,1,1,1,9ca400f4de36a04027ae9f230d624ad9acd9e868ce4844a7fa10af31cf7193d7,475,475,RGBA
data/raw/poketwo-data/shiny/380.png,380,Latias,latias,,1,1,1,adbc6c51603a3171fc62c622725c56738f8c344ddff2a3b8ae42d36ed9fea4b0,750,750,RGBA
data/raw/poketwo-data/shiny/381.png,381,Latios,latios,,1,1,1,f5120e682c85b6a2db9f5e3d6f5fa8df05ef9c8b8e1beb05d489b27d71b3da82,475,475,RGBA
data/raw/poketwo-data/shiny/382.png,382,Kyogre,kyogre,,1,1,1,3244771a32b72233364afa6f794ed7c40334b9af57cfa5fdf1535acab9fdfd3f,750,750,RGBA
data/raw/poketwo-data/shiny/384.png,384,Rayquaza,rayquaza,,1,1,1,a1e318e0fd068867e5079bd4318f56271d857f681bca501b6ea129d2957ddf95,750,750,RGBA
data/raw/poketwo-data/shiny/385.png,385,Jirachi,jirachi,,1,1,1,fea269eb47f49072175e78923f6a78fe7b66fa455785885710858f2f57ce0b2d,475,475,RGBA
data/raw/poketwo-data/shiny/386.png,386,Deoxys,deoxys-normal,,1,1,1,cd0d286266817399e94a3e6ec812a5476f20a5394d2e3ffd7b57e032e507dfce,475,475,RGBA
data/raw/poketwo-data/shiny/387.png,387,Turtwig,turtwig,,1,1,1,e3dba3ead27616df6c52983b3869da54015a5e4b49033452fe82c9ebaf67c301,475,475,RGBA
data/raw/poketwo-data/shiny/388.png,388,Grotle,grotle,,1,1,1,a5936ad712d81e797351e20e04c72b4d7def778bb034aa8c50212cd849bdbf09,475,475,RGBA
data/raw/poketwo-data/shiny/389.png,389,Torterra,torterra,,1,1,1,a645539a27710cde0d2a0614c9aed5995c65c9c4cefc0029eb231cb581b703c1,475,475,RGBA
data/raw/poketwo-data/shiny/39.png,39,Jigglypuff,jigglypuff,,1,1,1,1ffbe41e24d067ded5f983408e86564c7dcd4920dbeb6717a3fffa30f9ed3ab8,475,475,RGBA
data/raw/poketwo-data/shiny/390.png,390,Chimchar,chimchar,,1,1,1,fa1aca91b310f15148fa1810f0b842b398e431e28db8329aae44219ef2159f27,475,475,RGBA
data/raw/poketwo-data/shiny/393.png,393,Piplup,piplup,,1,1,1,b82f03ea6444617bfce0ff3582cac3205b1f1374cb53124d879f866f8ceb31dd,475,475,RGBA
data/raw/poketwo-data/shiny/394.png,394,Prinplup,prinplup,,1,1,1,9e5244467bb1f38f41ea3c8edbd8c688418d87a462001f6d32c55c9ffe8b26c6,475,475,RGBA
data/raw/poketwo-data/shiny/395.png,395,Empoleon,empoleon,,1,1,1,abc7ecd28fde2fae48691bf4d1e4cde3b9eedf94b0c8c22de2b97632bfafed88,475,475,RGBA
data/raw/poketwo-data/shiny/396.png,396,Starly,starly,,1,1,1,6ddb6d44537731042363654b7bdd061420c244802f557f3df32ed3b8add4cf3a,475,475,RGBA
data/raw/poketwo-data/shiny/397.png,397,Staravia,staravia,,1,1,1,7704a53ce1ef1476a81a4594879f98ae3d066b385214b447f33061c71e19f4b7,475,475,RGBA
data/raw/poketwo-data/shiny/398.png,398,Staraptor,staraptor,,1,1,1,01db4aafb859fbd898f5ef73b56c945fc386ade1fad03cb88d1bcaf64fd7f3d9,475,475,RGBA
data/raw/poketwo-data/shiny/4.png,4,Charmander,charmander,,1,1,1,6625bdeb1c422e728f7ccb9ac743fd09a159f21de0f5bf591e37ddb31e082780,475,475,RGBA
data/raw/poketwo-data/shiny/40.png,40,Wigglytuff,wigglytuff,,1,1,1,ffea7576b6995dad8d12586ee29cc0d982fc9c9579f068bfb9d388a38ca4aff7,475,475,RGBA
data/raw/poketwo-data/shiny/401.png,401,Kricketot,kricketot,,1,1,1,933b8784961a74b8426826587b9c4add2810c493b35640303ba9515d6bbd5c06,475,475,RGBA
data/raw/poketwo-data/shiny/402.png,402,Kricketune,kricketune,,1,1,1,60320b3d3cd2fc7ea80536cacc2aa36ffb3b80c2d0ae984990375fb9cb61f070,475,475,RGBA
data/raw/poketwo-data/shiny/403.png,403,Shinx,shinx,,1,1,1,8e5295ff33f2a66613855e77eb3cbbaa385af610031382513cbec2168e0fda4e,475,475,RGBA
data/raw/poketwo-data/shiny/404.png,404,Luxio,luxio,,1,1,1,c42cd13ab78ed83c744390ca67431e5e8dd15a2919016bb89863b1744214075e,475,475,RGBA
data/raw/poketwo-data/shiny/405.png,405,Luxray,luxray,,1,1,1,5db7eb7897a9c9a5fdba9281f5fd5c87dc4c4872b4d3d01137834a8ec8e562d3,475,475,RGBA
data/raw/poketwo-data/shiny/406.png,406,Budew,budew,,1,1,1,72f4b724876329ec91a4f05422542f0a89db9cebd88f33cd107d20a3808af3a5,475,475,RGBA
data/raw/poketwo-data/shiny/407.png,407,Roserade,roserade,,1,1,1,12127066dca3ec6ec1c8e0369e9fd7c910be517cf30ebb4edfb45f8acb8c3516,475,475,RGBA
data/raw/poketwo-data/shiny/408.png,408,Cranidos,cranidos,,1,1,1,7ffeff235c36279f51695ee76f3816bf1f053bf028f6a4b9df1a153ba7081156,475,475,RGBA
data/raw/poketwo-data/shiny/409.png,409,Rampardos,rampardos,,1,1,1,14ffe105b574b166d559685659db910e9338dc57803c3051c7e6c998bbfaf693,475,475,RGBA
data/raw/poketwo-data/shiny/412.png,412,Burmy,burmy-plant,,1,1,1,7d952cb683ab94c2dbd86f35d57aac5099f21d189d0c85e365a3a6fbf38b49df,475,475,RGBA
data/raw/poketwo-data/shiny/413.png,413,Wormadam,wormadam-plant,,1,1,1,48fb4318f43681a0d7b79a2678b7c1fb3d6c1a4e42544727aebdd6a7ca90dfaa,475,475,RGBA
data/raw/poketwo-data/shiny/414.png,414,Mothim,mothim,,1,1,1,33cc9c17ce1d8ea49976dc25fa6bfaa70eeec8b3931966d45e4c8d893edaf9c0,475,475,RGBA
data/raw/poketwo-data/shiny/415.png,415,Combee,combee,,1,1,1,2adea9941322a5388ed56154727f90eb54d65257d6351469b5c7a3254a73222f,475,475,RGBA
data/raw/poketwo-data/shiny/416.png,416,Vespiquen,vespiquen,,1,1,1,a55a1a2b1d3750651b6122c4d739cab380fe128c35b71e4e26ade9cf98d2f76c,475,475,RGBA
data/raw/poketwo-data/shiny/417.png,417,Pachirisu,pachirisu,,1,1,1,05cce5b0804c8d52173967f087ab2fce34fd7f83721817153b6fdcd96d660b64,475,475,RGBA
data/raw/poketwo-data/shiny/418.png,418,Buizel,buizel,,1,1,1,534406f09019ba562f893ace09cb37d616301e5ad81d88c7c5658bcf4c2b97ee,475,475,RGBA
data/raw/poketwo-data/shiny/419.png,419,Floatzel,floatzel,,1,1,1,2d32a61f6358d718182fc1e886d0a23c1411ed202d17c0c139bc407767cc14be,475,475,RGBA
data/raw/poketwo-data/shiny/420.png,420,Cherubi,cherubi,,1,1,1,4b6c47bd5f10959f551e179f0efd25caae6f7e73502db815e0bb3e2325b48252,475,475,RGBA
data/raw/poketwo-data/shiny/421.png,421,Cherrim,cherrim,,1,1,1,510820a2d6eb6271677027e6c8c53e3daa995a4dff41c2160a1883e94aea0d7c,475,475,RGBA
data/raw/poketwo-data/shiny/422.png,422,Shellos,shellos,,1,1,1,70c2c41372ab9db2a44120861cea6f02f40ec1472541f904a81394f00923b3d2,475,475,RGBA
data/raw/poketwo-data/shiny/423.png,423,Gastrodon,gastrodon,,1,1,1,a6facf59a70ff6893a527862299f7b7897fd56094337c4fc5cfcfcecd0d49e96,475,475,RGBA
data/raw/poketwo-data/shiny/424.png,424,Ambipom,ambipom,,1,1,1,073e62156aea43b7dbaf2e53ccda6a47cbfc0f05aa25f6e7b30fd5367eb8ab8a,475,475,RGBA
data/raw/poketwo-data/shiny/425.png,425,Drifloon,drifloon,,1,1,1,3e9b7233b427937f938960084f19561ec244132bc88b2a5f70f87f7565e6b3e3,475,475,RGBA
data/raw/poketwo-data/shiny/426.png,426,Drifblim,drifblim,,1,1,1,64f80233d0ba76e62b6f7f98f33a74b66f95625a72cf5cc778903c4f53333743,475,475,RGBA
data/raw/poketwo-data/shiny/427.png,427,Buneary,buneary,,1,1,1,55bfe7aa0d426780982cb248cbf8ccc85e3f2ec825f990db101e42b754279ff1,475,475,RGBA
data/raw/poketwo-data/shiny/428.png,428,Lopunny,lopunny,,1,1,1,1465f4e0e6b9dad2342f45c6294bb47cb0bb0112e8f3b74db8460fa38d56d880,475,475,RGBA
data/raw/poketwo-data/shiny/429.png,429,Mismagius,mismagius,,1,1,1,ce3541f0ef3c4dbe12995d010a5683ffd11253d75b2163e3934884ae54909f28,475,475,RGBA
data/raw/poketwo-data/shiny/43.png,43,Oddish,oddish,,1,1,1,bf54feedbc0f53db30850608260b1d2d437fdd22810e44cacc4a5a69fe9d05b6,475,475,RGBA
data/raw/poketwo-data/shiny/430.png,430,Honchkrow,honchkrow,,1,1,1,79874c4877fc9943bff5bb39868580c4c6716aba38223e379da5be360308937a,475,475,RGBA
data/raw/poketwo-data/shiny/431.png,431,Glameow,glameow,,1,1,1,0974114ef93b081c3596dab6db87e72f5e3ce49eb441226a69405f1bd44b0105,475,475,RGBA
data/raw/poketwo-data/shiny/432.png,432,Purugly,purugly,,1,1,1,41e54819e0f5b1d295c570f0f77b8796cd7a6828d17caa7fc58b0336f17d8366,475,475,RGBA
data/raw/poketwo-data/shiny/433.png,433,Chingling,chingling,,1,1,1,1b23f55cac2e20cb65a8003bf0a9b9cad17eac27e2b351155bb445070ff5a978,475,475,RGBA
data/raw/poketwo-data/shiny/436.png,436,Bronzor,bronzor,,1,1,1,3d967c9e00c5201a6d40a57210877b793e08714032b6b9ec49e4f6fe432adb7c,475,475,RGBA
data/raw/poketwo-data/shiny/437.png,437,Bronzong,bronzong,,1,1,1,7d1381593324ea76df23ccc4814929df1132fea043afd9fc17f217707fbab21b,475,475,RGBA
data/raw/poketwo-data/shiny/438.png,438,Bonsly,bonsly,,1,1,1,741bf48a4b5a7f0d868a5242fcbed92424f027ef9d7cb69e207528a3edb3d277,475,475,RGBA
data/raw/poketwo-data/shiny/439.png,439,Mime Jr.,mime-jr,,1,1,1,dd2dd324e9a883ce6bbc60ff47bcfba535d8658665cbeb1317d6f8ebee724340,475,475,RGBA
data/raw/poketwo-data/shiny/44.png,44,Gloom,gloom,,1,1,1,1e45adaeea85de19f722a8267bab57bd9b2c5bc661f68813369bab11717e114b,475,475,RGBA
data/raw/poketwo-data/shiny/440.png,440,Happiny,happiny,,1,1,1,bf68292bddb5d3dab9e2d63d05642f830c0db20f6ffe6281dc50b92a8346debb,475,475,RGBA
data/raw/poketwo-data/shiny/441.png,441,Chatot,chatot,,1,1,1,0057bfc2ca2079eb219b2fc781669514f70942e944c6a2094c05635d9ff81267,475,475,RGBA
data/raw/poketwo-data/shiny/442.png,442,Spiritomb,spiritomb,,1,1,1,50fab356a4a0321080646583646e8d399a7454c105fac23da1afb47532c42369,475,475,RGBA
data/raw/poketwo-data/shiny/443.png,443,Gible,gible,,1,1,1,ef27d83b6cb9e7fd3b2b8e04b355f63fe5bc7d627062511e4e86eb2216c9cb5f,475,475,RGBA
data/raw/poketwo-data/shiny/444.png,444,Gabite,gabite,,1,1,1,f685d0d15b1e31001c798be216f76dbf8225c69aae8f311c8f4d4bd06adfda3b,475,475,RGBA
data/raw/poketwo-data/shiny/445.png,445,Garchomp,garchomp,,1,1,1,2366f26d1a8a9764543520694e7a3350d82850cb842ece605f07a767b0ef206a,475,475,RGBA
data/raw/poketwo-data/shiny/446.png,446,Munchlax,munchlax,,1,1,1,be04745a7b39e1afc13f4680157b9c91869d82f5393dbaa7478eee763ab251b3,475,475,RGBA
data/raw/poketwo-data/shiny/447.png,447,Riolu,riolu,,1,1,1,371c725d0285e41a50c6c2b7691758a4eeaf60d6299073d6cab1b2f5e201419b,475,475,RGBA
data/raw/poketwo-data/shiny/448.png,448,Lucario,lucario,,1,1,1,b7cdda0d61dddd19f0ad0e1ac1d3bfda0ab4bb8ec259c25ec6805f5db9297b53,475,475,RGBA
data/raw/poketwo-data/shiny/45.png,45,Vileplume,vileplume,,1,1,1,a9f1eb0a0904a60ca3a75c2b37876218702486069fe67e78fc27527e5b617bf2,475,475,RGBA
data/raw/poketwo-data/shiny/453.png,453,Croagunk,croagunk,,1,1,1,c6638c5d49710b4ecbb23e196605dc94162e67d51f930509d887ecbc8d133926,475,475,RGBA
data/raw/poketwo-data/shiny/454.png,454,Toxicroak,toxicroak,,1,1,1,fc953451d8481882748ffe609b1009cb5c455bd4e1de4d38f983bb9bf262feda,475,475,RGBA
data/raw/poketwo-data/shiny/455.png,455,Carnivine,carnivine,,1,1,1,54219facdf656c3dcd50b942c798beab42c8d726a305516f67ed6ef67644b262,475,475,RGBA
data/raw/poketwo-data/shiny/459.png,459,Snover,snover,,1,1,1,71f1897362a5f72d11d491e72a2bf10c69c6a986fbb6ddbd14e06cead77fa43e,475,475,RGBA
data/raw/poketwo-data/shiny/460.png,460,Abomasnow,abomasnow,,1,1,1,fdaaca48290658c3581bc15bbb7b768257686d03d2b43dd4b1c8dff40fc8b04e,475,475,RGBA
data/raw/poketwo-data/shiny/461.png,461,Weavile,weavile,,1,1,1,bc11e517c0d8641b88b2e3819bf34d885aecd417de728160c2adbb833a267237,475,475,RGBA
data/raw/poketwo-data/shiny/463.png,463,Lickilicky,lickilicky,,1,1,1,8f6aa5ba63981f187a8e7f20f7d73d7a9455387df085d928bc011c1c8b5dc5b6,475,475,RGBA
data/raw/poketwo-data/shiny/465.png,465,Tangrowth,tangrowth,,1,1,1,ece6984cfa6e7075960dec13b17e8217ce5b2d678f1a4d45bdbfcb71de0b07b2,475,475,RGBA
data/raw/poketwo-data/shiny/466.png,466,Electivire,electivire,,1,1,1,5f3e25daefe378f188f6cf80ce34a7c9104e327f33c06d693878ea56ec9b97f4,475,475,RGBA
data/raw/poketwo-data/shiny/467.png,467,Magmortar,magmortar,,1,1,1,32f535cc907616984caa4517968676f0013238cbd2d3a16586aaf0461889fd10,475,475,RGBA
data/raw/poketwo-data/shiny/470.png,470,Leafeon,leafeon,,1,1,1,ced260f243b30c34fa0f0ae0c58d947393f895008ebf2c46b7ba6d2d222cbd4d,475,475,RGBA
data/raw/poketwo-data/shiny/471.png,471,Glaceon,glaceon,,1,1,1,4e5550412b7e1f9e25c5ed6e9bbebe205446646358ba5cb6485855521e0b2240,475,475,RGBA
data/raw/poketwo-data/shiny/475.png,475,Gallade,gallade,,1,1,1,feda8ee0f65e07aa523d255636c63502e8367d86aa91e629e341605687a7ec9d,475,475,RGBA
data/raw/poketwo-data/shiny/478.png,478,Froslass,froslass,,1,1,1,6b831e958eb43a5fd28baf29f8483f27ad0302086603aa142de702c0ebaa73bd,475,475,RGBA
data/raw/poketwo-data/shiny/480.png,480,Uxie,uxie,,1,1,1,b49d4793c4494921750b749b0e9d5f79be85fe1f24697a83630ae3e35f6b1355,475,475,RGBA
data/raw/poketwo-data/shiny/481.png,481,Mesprit,mesprit,,1,1,1,a5c6ec787bebd142979569eaa5b0e343a55bcc75d716b3a97e79556b7bd2693b,475,475,RGBA
data/raw/poketwo-data/shiny/482.png,482,Azelf,azelf,,1,1,1,8af62f557a14ab2ad2e32eae63914f49fd63a824cbd4a6cb00dd1f9aa467b936,475,475,RGBA
data/raw/poketwo-data/shiny/488.png,488,Cresselia,cresselia,,1,1,1,4b099eac8712afe40ae8bf75fb14c4b3c6717f87b56fc39f2f6ef66b9bd79d83,475,475,RGBA
data/raw/poketwo-data/shiny/49.png,49,Venomoth,venomoth,,1,1,1,c2cbe506be909f0b8aaa22d854f3409c92a1cd73bc3902afccbe42982d7178e6,475,475,RGBA
data/raw/poketwo-data/shiny/492.png,492,Shaymin,shaymin-land,,1,1,1,a58d0b246a48547cc480b688c732657ddd736b068c7a3f1e2b82f39470570037,475,475,RGBA
data/raw/poketwo-data/shiny/494.png,494,Victini,victini,,1,1,1,437866f3f4fd4a9e47536f86201563e8a050bc2d0ad75684eb8d2435bdfdeb1a,475,475,RGBA
data/raw/poketwo-data/shiny/495.png,495,Snivy,snivy,,1,1,1,e075e06642e7d5cfa0f0532020329e83c113c4e79564471854715ab569a432c2,475,475,RGBA
data/raw/poketwo-data/shiny/496.png,496,Servine,servine,,1,1,1,375d438d888e1367520d1bea248f1afaaab39d70efb68baab14dd1f944d477d8,475,475,RGBA
data/raw/poketwo-data/shiny/497.png,497,Serperior,serperior,,1,1,1,597c9fdeec3bd73849ced2fd58238e9539a875ab7e01be9f9da09b5ca47c9c5d,475,475,RGBA
data/raw/poketwo-data/shiny/498.png,498,Tepig,tepig,,1,1,1,1be4f89f83aa6f364f92ce39e1a4cecbc8564da62066f07ae03104bd8873e60d,750,750,RGBA
data/raw/poketwo-data/shiny/499.png,499,Pignite,pignite,,1,1,1,0181d95c36bb861cfd13482365358e1fdadde4b4148be99ccc68bffc36818f33,475,475,RGBA
data/raw/poketwo-data/shiny/5.png,5,Charmeleon,charmeleon,,1,1,1,b0ace6a143d61c90f3ffd9c16edc50a1c34c1a4e023674ad1f18ca3acb4c27a2,475,475,RGBA
data/raw/poketwo-data/shiny/50.png,50,Diglett,diglett,,1,1,1,b89cd6c8ffd9c46fc6b0e0b84ef1cc4230c336d260a0afa00d0676a11afd0276,475,475,RGBA
data/raw/poketwo-data/shiny/500.png,500,Emboar,emboar,,1,1,1,bf25f3bc9c4db9dd25d376d94e6929fd14919c9c1a0727aa2db8d5cd10cde1fe,475,475,RGBA
data/raw/poketwo-data/shiny/501.png,501,Oshawott,oshawott,,1,1,1,b693019c9a7ff63900f748f1fda18a5aa598bdc544f0c8bbad588b1af8bb815f,475,475,RGBA
data/raw/poketwo-data/shiny/502.png,502,Dewott,dewott,,1,1,1,0c99616fd393519db6bcb72230ece684588db0d9f9b773f5fc6a667350122821,475,475,RGBA
data/raw/poketwo-data/shiny/503.png,503,Samurott,samurott,,1,1,1,1b55f028ca825d1eda3a50b9478241d2e53035de8ee89c409437ddb89f56c2a4,475,475,RGBA
data/raw/poketwo-data/shiny/504.png,504,Patrat,patrat,,1,1,1,62871fd0accc2dbfe24a70856acee1ef0f8cc5e06170a8ef7069ad6d63257155,475,475,RGBA
data/raw/poketwo-data/shiny/505.png,505,Watchog,watchog,,1,1,1,a793f1173b4481d4ea9c7000bddd7d4c7c95f8e4542fb7c94782e8ff7f972601,750,750,RGBA
data/raw/poketwo-data/shiny/506.png,506,Lillipup,lillipup,,1,1,1,3c74f9957487b1ee0faa9370f98632aa466fc784bcf065dcc52eb9f84901485d,475,475,RGBA
data/raw/poketwo-data/shiny/507.png,507,Herdier,herdier,,1,1,1,3def32a84f44bc7271e3f44ed34109e237ce567ebd97dae7ef82fbfca65b23af,475,475,RGBA
data/raw/poketwo-data/shiny/508.png,508,Stoutland,stoutland,,1,1,1,9a5d277b58a80887d35d5c839f3d0f10ab06d84a27562f8c777cc9c3c6f1765f,475,475,RGBA
data/raw/poketwo-data/shiny/509.png,509,Purrloin,purrloin,,1,1,1,a9714b777e719ae21bad42fb2563b6bb37f138dd9e827412e02b0fa42efc4775,475,475,RGBA
data/raw/poketwo-data/shiny/510.png,510,Liepard,liepard,,1,1,1,9f0fa08af4727c280196fb15c0e6eda4e4353bba103656cfd1e9845b9e238844,475,475,RGBA
data/raw/poketwo-data/shiny/511.png,511,Pansage,pansage,,1,1,1,c59fc694c38fd4d9d232eeb5443e523f6757cdbef2b3914bad3f70527eb398f5,475,475,RGBA
data/raw/poketwo-data/shiny/512.png,512,Simisage,simisage,,1,1,1,08a45bb11a3c01e32ab011ebaa19b8c6e3da032b24184ee60350ba013322a5fa,475,475,RGBA
data/raw/poketwo-data/shiny/513.png,513,Pansear,pansear,,1,1,1,734da3ad615e56660d2204e96c9ae68f3106c6d46045ff721aab4686a6c99ae4,475,475,RGBA
data/raw/poketwo-data/shiny/514.png,514,Simisear,simisear,,1,1,1,29ad01f4180dd778fe6fb247c5f826a729b81d1437ce81ba2f7c9a71dd8f8393,475,475,RGBA
data/raw/poketwo-data/shiny/515.png,515,Panpour,panpour,,1,1,1,e452bdc6a81e48e3a6adc8947574f68b14ac1756718ba64522ba28a01c620e0a,475,475,RGBA
data/raw/poketwo-data/shiny/516.png,516,Simipour,simipour,,1,1,1,ffe48248e4dcc9b8bf5ba83d6825521937c07c2f10bb631d8a19fae80c9aa159,475,475,RGBA
data/raw/poketwo-data/shiny/517.png,517,Munna,munna,,1,1,1,e7132e431adfced81037b9016091d5fdbaa073e0d869678d5a547ce5fdbf3a99,475,475,RGBA
data/raw/poketwo-data/shiny/518.png,518,Musharna,musharna,,1,1,1,36072bb1edd2d23808a8932f82e6d6b4ec66e8ecb67757cf36326967b6c4f07a,475,475,RGBA
data/raw/poketwo-data/shiny/519.png,519,Pidove,pidove,,1,1,1,e096db4c1e3e82678062a2e5ac94ccf901d7227ac4c355d37b5f9cb64af3052f,750,750,RGBA
data/raw/poketwo-data/shiny/52.png,52,Meowth,meowth,,1,1,1,4393861a2e2628d273b1eb0abf61fec2a912bec8e966e8e62139725d012b5c9f,475,475,RGBA
data/raw/poketwo-data/shiny/520.png,520,Tranquill,tranquill,,1,1,1,17f0a2086b7f6161a53d17afee4d2170ac63429db98610d8bd814c4cd51a57d5,475,475,RGBA
data/raw/poketwo-data/shiny/521.png,521,Unfezant,unfezant,,1,1,1,040451f8ec1450fe5fe98eee38b6a7b0bd3a3456aa5a347b528989a756cbaf7e,475,475,RGBA
data/raw/poketwo-data/shiny/522.png,522,Blitzle,blitzle,,1,1,1,d39fb470524773398df56e90cf415063ce21289be6b0933c6f7702c2ff8b4b6b,475,475,RGBA
data/raw/poketwo-data/shiny/523.png,523,Zebstrika,zebstrika,,1,1,1,727ff7d6e4cef86d7325daffcb4e94024066c5d3c77a64184330bfd6920aaae4,475,475,RGBA
data/raw/poketwo-data/shiny/53.png,53,Persian,persian,,1,1,1,3ffb3da05b68c71498c6b6e7a90b446d476db2763e6a8f785ced715f8feb75a1,475,475,RGBA
data/raw/poketwo-data/shiny/531.png,531,Audino,audino,,1,1,1,fc2c8d234102809c19b296e21c277e81602f041079dc3b5f6b4d2c0da5d65ef0,475,475,RGBA
data/raw/poketwo-data/shiny/532.png,532,Timburr,timburr,,1,1,1,fa5d8d8ffb0d3c70644e5534b5a81fbb05f9b9e88bdd65c5a0a3599e6341939e,750,750,RGBA
data/raw/poketwo-data/shiny/533.png,533,Gurdurr,gurdurr,,1,1,1,0027d79f0750392ef3147d149f526590c03ae32d4a152356f8fa6be71ba26c9e,475,475,RGBA
data/raw/poketwo-data/shiny/534.png,534,Conkeldurr,conkeldurr,,1,1,1,d22890ac5c0afc7861a310302501ed4fb7d1003215014e63e93a1539ff76efad,475,475,RGBA
data/raw/poketwo-data/shiny/536.png,536,Palpitoad,palpitoad,,1,1,1,116c22832586f0058798001c7a1338c8b865963edb463d6ceeb48d73fbf360de,475,475,RGBA
data/raw/poketwo-data/shiny/537.png,537,Seismitoad,seismitoad,,1,1,1,8610fa7ce25ba1042c3337046fe5482338f3ef9a2bb2a97a3a752bc5ff7ea07d,475,475,RGBA
data/raw/poketwo-data/shiny/54.png,54,Psyduck,psyduck,,1,1,1,5006bc02cc0ed8c8b2dff50671e13f167053afbabf2c53b975d094f9f4cffd40,475,475,RGBA
data/raw/poketwo-data/shiny/540.png,540,Sewaddle,sewaddle,,1,1,1,be21af93c517105d3ce9b0e45d39811109e25dee4c60985712a215004b4a007d,300,300,RGBA
data/raw/poketwo-data/shiny/541.png,541,Swadloon,swadloon,,1,1,1,3cba2cc08ec47cd5927387399c0a582e6240dffd2ccbab9c61c84e52507c51be,475,475,RGBA
data/raw/poketwo-data/shiny/542.png,542,Leavanny,leavanny,,1,1,1,9210932e98835869dc8a0cbd13c521c1c502c1517fb215cf04696cf07ccf8276,475,475,RGBA
data/raw/poketwo-data/shiny/543.png,543,Venipede,venipede,,1,1,1,d91b4a7d5daae10742bbe8eeb16a13d56bc5b5cef1afffd7584b252717a97aa2,475,475,RGBA
data/raw/poketwo-data/shiny/544.png,544,Whirlipede,whirlipede,,1,1,1,d4a6e902585aaf50c1c14420a60abc141d8df92d47a186ff2a29387972b07188,475,475,RGBA
data/raw/poketwo-data/shiny/545.png,545,Scolipede,scolipede,,1,1,1,a91de7cdd70808a07a104bb938049a44cf6ae9ea666c16674182ef83addfda8a,475,475,RGBA
data/raw/poketwo-data/shiny/546.png,546,Cottonee,cottonee,,1,1,1,775dba4e717440b7e65ac356f450c944b344836ece963cc32d50876b08bdde6e,475,475,RGBA
data/raw/poketwo-data/shiny/547.png,547,Whimsicott,whimsicott,,1,1,1,f9b50c6af5497624d4bcd8ea3f37714ffdf88aace3a50a94fd90133fc9fda7e3,475,475,RGBA
data/raw/poketwo-data/shiny/548.png,548,Petilil,petilil,,1,1,1,ba710bc9df596409eeda3806dcd5f08abda45a208eb5bfc0b06ddf74c298c95e,475,475,RGBA
data/raw/poketwo-data/shiny/549.png,549,Lilligant,lilligant,,1,1,1,27cd412f8b13589ec83fc84647a9c184e43a1c39a3f5e90e58574f0002a3969d,475,475,RGBA
data/raw/poketwo-data/shiny/55.png,55,Golduck,golduck,,1,1,1,6df0cd989975eeb2e6ebce203e42ed32ba955e482d598b29238d12d13d889693,475,475,RGBA
data/raw/poketwo-data/shiny/551.png,551,Sandile,sandile,,1,1,1,f8d7900cad035d39e49035cbe5493646b1dd9b45ecd67f9bf957381e5db2bb3a,750,750,RGBA
data/raw/poketwo-data/shiny/552.png,552,Krokorok,krokorok,,1,1,1,83848f3ca565ba9527020b014dd8a0ea508a5fcf173a2da6b6d2617afc3d428e,475,475,RGBA
data/raw/poketwo-data/shiny/553.png,553,Krookodile,krookodile,,1,1,1,8ff2bbbce546129898e8c47f393b43fb844ca114732924f48ecf44cbc0522d54,475,475,RGBA
data/raw/poketwo-data/shiny/556.png,556,Maractus,maractus,,1,1,1,a1597dbed9441648088735a1557c05549bea5c00ad08935808894152d91fa4a5,750,750,RGBA
data/raw/poketwo-data/shiny/559.png,559,Scraggy,scraggy,,1,1,1,b3f05a30c84678baaa68e4cc72ef8b8308b13e9658fd6c7bd13e3f75a3412697,475,475,RGBA
data/raw/poketwo-data/shiny/560.png,560,Scrafty,scrafty,,1,1,1,478bbe687c7f8edef39684646d0021ebe0ba9b9cfef48d6b13f8f490722fbe5e,475,475,RGBA
data/raw/poketwo-data/shiny/565.png,565,Carracosta,carracosta,,1,1,1,1b20d6d76272245be5a550b2c4f22fe0f64ff75cbe1fb7b00c2640579a0c7370,475,475,RGBA
data/raw/poketwo-data/shiny/566.png,566,Archen,archen,,1,1,1,95962c98bf4c0e7840b1e87928324c0940df72d8fdab7e10ba65b56d2fc2ee0a,475,475,RGBA
data/raw/poketwo-data/shiny/570.png,570,Zorua,zorua,,1,1,1,6cfbb9405d2e76eac46cfe16393a45de1d672c11b9aedb90ddf1d19c2ae9ea54,475,475,RGBA
data/raw/poketwo-data/shiny/571.png,571,Zoroark,zoroark,,1,1,1,b9482b3af221b43099b241b4480eecf90677b41dce6c372596e1758cdd00b27f,475,475,RGBA
data/raw/poketwo-data/shiny/572.png,572,Minccino,minccino,,1,1,1,4b74d8a6f571db80ad2fe8ef42b77198fdac51721113a77ac73127a9026cb8a6,475,475,RGBA
data/raw/poketwo-data/shiny/573.png,573,Cinccino,cinccino,,1,1,1,571808200454fbf33d953855428cd3e855888f1ffd15f794f7e1b49b32c5a8a3,475,475,RGBA
data/raw/poketwo-data/shiny/574.png,574,Gothita,gothita,,1,1,1,87da87826558fd71b63cb0b90bfc93e7c51317479f074c955606940e47f84f5d,750,750,RGBA
data/raw/poketwo-data/shiny/575.png,575,Gothorita,gothorita,,1,1,1,ee84a934ab2f619779464cb51bc0a2ddfa19e2497ce64103bd71d89591ac12c3,475,475,RGBA
data/raw/poketwo-data/shiny/576.png,576,Gothitelle,gothitelle,,1,1,1,5ad7ce1f8629c04ccb513e14d6b7a43745112d4bc9ba3afbf4e5c455843f3d77,475,475,RGBA
data/raw/poketwo-data/shiny/577.png,577,Solosis,solosis,,1,1,1,35d94644e7b1b4609946a0a26c4956e469b3a9fbf66db8ad0e6d72cbe598e82d,475,475,RGBA
data/raw/poketwo-data/shiny/578.png,578,Duosion,duosion,,1,1,1,864e5070f6d98577cab8307676aa90af5db4813454a788f9d0e3a447835bcf1b,750,750,RGBA
data/raw/poketwo-data/shiny/579.png,579,Reuniclus,reuniclus,,1,1,1,c3b658c206ae6677e85a1e7af15071960113c4445ff33525826af855d43008c6,475,475,RGBA
data/raw/poketwo-data/shiny/580.png,580,Ducklett,ducklett,,1,1,1,922ec6c65daeafb8588b5084c546e13d62ad13c640a3f931a21f337adc068aed,475,475,RGBA
data/raw/poketwo-data/shiny/581.png,581,Swanna,swanna,,1,1,1,3717ff31ed505edbb6e5b2f7fe2c80551c938bebd52735b07f06af167d165d8e,475,475,RGBA
data/raw/poketwo-data/shiny/585.png,585,Deerling,deerling,,1,1,1,1c2c7508e17a5321e4683112cf888a0c4fb57d788f6f0bbaf572adcf1607e3af,475,475,RGBA
data/raw/poketwo-data/shiny/586.png,586,Sawsbuck,sawsbuck,,1,1,1,ee9b0c258ff6332baafb909e1053df6830a92cf0d17ea6a6f3b1c9a7f8f6bd2a,475,475,RGBA
data/raw/poketwo-data/shiny/587.png,587,Emolga,emolga,,1,1,1,f195f2f17a37a02edaa80aa36f1d7f4d40db954e99097273a3760ba1a66b037b,475,475,RGBA
data/raw/poketwo-data/shiny/588.png,588,Karrablast,karrablast,,1,1,1,a32d30949f1b08e4373b03b6537afbecd4b1f190d6fbd8d77760f0452563aa22,475,475,RGBA
data/raw/poketwo-data/shiny/590.png,590,Foongus,foongus,,1,1,1,571b0b9fb4bf83020a2d956f138a92a6c67e468ca4f1d8d6194146a9f23988a9,475,475,RGBA
data/raw/poketwo-data/shiny/591.png,591,Amoonguss,amoonguss,,1,1,1,bd63910896f433439476587b46ad3865bd3a4bf35f44e938d833112e9dbe4429,475,475,RGBA
data/raw/poketwo-data/shiny/6.png,6,Charizard,charizard,,1,1,1,797c3ec040f361bf57b7cf6ae9e2ff1367f0d512d29b8b6a869b46fe7d30ffd4,475,475,RGBA
data/raw/poketwo-data/shiny/60.png,60,Poliwag,poliwag,,1,1,1,ebc0fe08d52eafbd4ed4fa064273243a898faf661e6421b63ee5787094c9a948,475,475,RGBA
data/raw/poketwo-data/shiny/602.png,602,Tynamo,tynamo,,1,1,1,e61b83306c6399298b25b8b4a0b566254509d1c6bf29ab7ab81e7e3f1330b7b5,475,475,RGBA
data/raw/poketwo-data/shiny/608.png,608,Lampent,lampent,,1,1,1,f489ccde23f3e7fb2d090f5044ee446c3860b09bf3c02a8d19ddbbd44d59bec8,750,750,RGBA
data/raw/poketwo-data/shiny/609.png,609,Chandelure,chandelure,,1,1,1,3ea3182990dcddfccdfc3a203a6910e55ee5b86aa38583fc686c651a95f1ea5e,475,475,RGBA
data/raw/poketwo-data/shiny/61.png,61,Poliwhirl,poliwhirl,,1,1,1,10096a4ebd1bbc86257f9303a28359395a9edc24bd4b8086afbfa365e2943c87,475,475,RGBA
data/raw/poketwo-data/shiny/610.png,610,Axew,axew,,1,1,1,e335e6a82c078fac75a44e85ae322914de3ca1f3c54606a294f61f967e4a6e7c,475,475,RGBA
data/raw/poketwo-data/shiny/611.png,611,Fraxure,fraxure,,1,1,1,01983f9b6890fb656c427c78aaa21a3500d91be6c8a0192997d9dacb2c5563de,475,475,RGBA
data/raw/poketwo-data/shiny/612.png,612,Haxorus,haxorus,,1,1,1,2674a762ed0861d2a9f98b44e716ce15618ec519318d02342ef815b6f768fb2a,475,475,RGBA
data/raw/poketwo-data/shiny/613.png,613,Cubchoo,cubchoo,,1,1,1,aecba899e5fdc77ac01dceac2ec80c2ef22980d58b6274a47d3128922850cf8a,475,475,RGBA
data/raw/poketwo-data/shiny/614.png,614,Beartic,beartic,,1,1,1,9e9b9b279ed409de8c8bd86604f5150562954fd70d1c40e2b7506bb19d971e42,750,750,RGBA
data/raw/poketwo-data/shiny/616.png,616,Shelmet,shelmet,,1,1,1,9f7a00f49b5253e87ef93eb0b5b4524f0a135d318dad12551433341c685ff293,475,475,RGBA
data/raw/poketwo-data/shiny/617.png,617,Accelgor,accelgor,,1,1,1,bfe610943e5bf8c00770651b31e7ef5b8062cb82c74f47b6d9e392219ef4772f,475,475,RGBA
data/raw/poketwo-data/shiny/619.png,619,Mienfoo,mienfoo,,1,1,1,5482bd69d46a3b559108776e6fb3aa8d53663844f98f0f8e05f7d6e8a49f5262,475,475,RGBA
data/raw/poketwo-data/shiny/62.png,62,Poliwrath,poliwrath,,1,1,1,b6a1c15506f3b628cf1d74fda39d845a05e96c58a3f4140a664e2035b02ef1d1,475,475,RGBA
data/raw/poketwo-data/shiny/620.png,620,Mienshao,mienshao,,1,1,1,53cca827468697ecbb85ff1500aa068011afa48f4a1df5272af47a170356fa17,475,475,RGBA
data/raw/poketwo-data/shiny/626.png,626,Bouffalant,bouffalant,,1,1,1,1153ac6886b8193973b8aeaa5939b9c69db2c5542d1569934232529def2cec83,750,750,RGBA
data/raw/poketwo-data/shiny/627.png,627,Rufflet,rufflet,,1,1,1,6b57b36d8c6a6d1fcf81b3c0bfa99f321881ecbbde02f90a303d95f446153c03,475,475,RGBA
data/raw/poketwo-data/shiny/629.png,629,Vullaby,vullaby,,1,1,1,97e88e3c7b0a07b38dffddbdcb531ab9bb5aa78edcf484b126aab4c4aecc0163,475,475,RGBA
data/raw/poketwo-data/shiny/630.png,630,Mandibuzz,mandibuzz,,1,1,1,29c7ef43e8271811a17039cc2e678228e5044cf7c39bac070d73a3ff57495131,475,475,RGBA
data/raw/poketwo-data/shiny/632.png,632,Durant,durant,,1,1,1,ecab9735e00787d64c19caba4092a8f3429e9f400b43128fd5e1e121027c878b,475,475,RGBA
data/raw/poketwo-data/shiny/636.png,636,Larvesta,larvesta,,1,1,1,7335cfaa80c7a2a5c45faea1e585ce62e539324c50c7b6e68221c31d67781d1f,475,475,RGBA
data/raw/poketwo-data/shiny/637.png,637,Volcarona,volcarona,,1,1,1,c7c7e79524e8203aa437026136e96b339729ad5630b23a215fe6a063c52c7eea,475,475,RGBA
data/raw/poketwo-data/shiny/638.png,638,Cobalion,cobalion,,1,1,1,87aaf5800bbab9cc2fc97aa7684e8eb3ae4e407fa0bf6e1de9a6e58ee9edc108,475,475,RGBA
data/raw/poketwo-data/shiny/639.png,639,Terrakion,terrakion,,1,1,1,32d1f8f93cd3f170479cb019ea47a2abcb8b491c0ceec25056146bbfcbccbb94,750,750,RGBA
data/raw/poketwo-data/shiny/640.png,640,Virizion,virizion,,1,1,1,e99afbd85837a315e85bb59d9b5185bbe9849e7677da864946ab5450bd638c44,475,475,RGBA
data/raw/poketwo-data/shiny/647.png,647,Keldeo,keldeo-ordinary,,1,1,1,808a1c7f2c5eb935840eec1081993039ff0b02e90d72b8d1c0ccb49105a5fdcf,475,475,RGBA
data/raw/poketwo-data/shiny/648.png,648,Meloetta,meloetta-aria,,1,1,1,37302c59c80381ab5b0a16a7859ef9fe6ac864cbb0a573f2852f0c89ce492c88,1024,1024,RGBA
data/raw/poketwo-data/shiny/650.png,650,Chespin,chespin,,1,1,1,5a2ef3cc4914f48663a68790c5ffe0b7601724e116adc24636467823b008c955,475,475,RGBA
data/raw/poketwo-data/shiny/651.png,651,Quilladin,quilladin,,1,1,1,8522c18cb5f09bdf69a4ca62a406ad8cb07fcf08882c7ba89adffa7e66a63d83,475,475,RGBA
data/raw/poketwo-data/shiny/652.png,652,Chesnaught,chesnaught,,1,1,1,89c81a77bd890747bd2d9834202dad3b1c304fc5c1854be1debd0cb1fef88cf7,475,475,RGBA
data/raw/poketwo-data/shiny/653.png,653,Fennekin,fennekin,,1,1,1,4d2576da77e712292c283568f75f8daff096a8f1791ab08585455f160d2cdd81,475,475,RGBA
data/raw/poketwo-data/shiny/654.png,654,Braixen,braixen,,1,1,1,1ade0ad00f80a2ee936ce34171aab48b8e5c473587f2ccc31f7f5594a66998d5,475,475,RGBA
data/raw/poketwo-data/shiny/655.png,655,Delphox,delphox,,1,1,1,cfc3007491f4f7dc5fadaa5ad1a4c2d6f679809b8898bf66a3e8b69d2f073a72,475,475,RGBA
data/raw/poketwo-data/shiny/656.png,656,Froakie,froakie,,1,1,1,4461c1c41d01284485ad7392cc697b3854a5577914426278a89fda03a269ae59,475,475,RGBA
data/raw/poketwo-data/shiny/657.png,657,Frogadier,frogadier,,1,1,1,a0a76cd70bb5b1af1c9a6de694e206165b2d243a41da0183e166e3c1a0a67451,475,475,RGBA
data/raw/poketwo-data/shiny/658.png,658,Greninja,greninja,,1,1,1,8b0003a59cbd0cfb9e6da6c55435a723b334c11b5ad69884d3d65f2d895e07b9,475,475,RGBA
data/raw/poketwo-data/shiny/659.png,659,Bunnelby,bunnelby,,1,1,1,418045ba027900f65ec1daa666a7f0dacc35bc4acbdbf28d1c59af7e86dff0e4,475,475,RGBA
data/raw/poketwo-data/shiny/66.png,66,Machop,machop,,1,1,1,c9d4b82875a5c6e7a42070917fc82d90b70402675ef1ec19da27b590eae643c7,475,475,RGBA
data/raw/poketwo-data/shiny/660.png,660,Diggersby,diggersby,,1,1,1,e6bf6e893afd7968a932d69860dac8f0cf68889acbe9c8e6a389901c7f509c17,475,475,RGBA
data/raw/poketwo-data/shiny/661.png,661,Fletchling,fletchling,,1,1,1,64495a032c600a80ba6f9259d83b7c91da7ecad28a7c9aed58f9f32687866226,475,475,RGBA
data/raw/poketwo-data/shiny/662.png,662,Fletchinder,fletchinder,,1,1,1,d0a9c0a88b6697e44745ec1b778f60545e9778f7d0b2770950cdf2cebc43b756,475,475,RGBA
data/raw/poketwo-data/shiny/664.png,664,Scatterbug,scatterbug,,1,1,1,af3e8c08ecaff4692dc24ff7ed80ba2abdee5d0790a0a57130f6153dd0e1dbe7,475,475,RGBA
data/raw/poketwo-data/shiny/665.png,665,Spewpa,spewpa,,1,1,1,eb8b08276153e2d18533fd19817b5363b40bc2d5e0bc17740a2978c7df0d29cb,475,475,RGBA
data/raw/poketwo-data/shiny/666.png,666,Vivillon,vivillon,,1,1,1,a023f92beb08023afb9d3f95f60958e36aa45316fc137df2024e7734e8d57113,475,475,RGBA
data/raw/poketwo-data/shiny/667.png,667,Litleo,litleo,,1,1,1,3618ea4b1a25c86bfd1938aebf6eb49ac7bd25a4a3e5ffd0e7507599dc094765,475,475,RGBA
data/raw/poketwo-data/shiny/668.png,668,Pyroar,pyroar,,1,1,1,5992bc9a3a6b39f267308f2937e9f110e3b5de198843032877f7a2fb5ad021fe,475,475,RGBA
data/raw/poketwo-data/shiny/669.png,669,Flabébé,flabebe,,1,1,1,cd283797dfe638fc32daa6fbf8821366d657e7852ec7567565d18dae0c54a16a,475,475,RGBA
data/raw/poketwo-data/shiny/670.png,670,Floette,floette,,1,1,1,d7861e2731ae4186b6eb42bd5a2459e765e421ea9bd048ec169827d30f207d11,475,475,RGBA
data/raw/poketwo-data/shiny/671.png,671,Florges,florges,,1,1,1,dce10a2d0f735120d1232c67845da3f0d8fcf15af852bc3db2ce0710b21d7a26,475,475,RGBA
data/raw/poketwo-data/shiny/672.png,672,Skiddo,skiddo,,1,1,1,c0fef0d62f2000c0d1d9f63efac7825728a779385b67dae4229bc0ecdf4bda47,475,475,RGBA
data/raw/poketwo-data/shiny/673.png,673,Gogoat,gogoat,,1,1,1,7f4d84cdedb8097aeffe47d575bc44a62be26c5eb4e69a2a36a6e9124f5fec65,475,475,RGBA
data/raw/poketwo-data/shiny/674.png,674,Pancham,pancham,,1,1,1,563201188ab0e15267afe621b38f4a7eaab6db5a05dbe7ce1c05e2fe8b6a1d7e,475,475,RGBA
data/raw/poketwo-data/shiny/675.png,675,Pangoro,pangoro,,1,1,1,127e7314326fac5e72dc30e93e96df2f4b9ece23614fb1d4a1050304eb9c2cf0,475,475,RGBA
data/raw/poketwo-data/shiny/676.png,676,Furfrou,furfrou,,1,1,1,cf306a8e0e5336770ad5fd2c7e8b5784b0c2f852c697d155dd423957b756adb6,475,475,RGBA
data/raw/poketwo-data/shiny/677.png,677,Espurr,espurr,,1,1,1,feb74323d7497188b5376b4e56caf0fe0910278501086ab8fa71ccdbef62dd6f,475,475,RGBA
data/raw/poketwo-data/shiny/678.png,678,Meowstic,meowstic-male,,1,1,1,1fab001b8789b6ea4fa2cd7cbc228454ddc3aa61d0bc013ef669431cdea4c55d,475,475,RGBA
data/raw/poketwo-data/shiny/682.png,682,Spritzee,spritzee,,1,1,1,8158922567ff97747fd3b50d633e420d749789a2f6375671870e7583d8cbc87d,475,475,RGBA
data/raw/poketwo-data/shiny/683.png,683,Aromatisse,aromatisse,,1,1,1,ed5a18bf46b4c0c2b5639f2a6940ba874ee73cc774e02e1ec57dca437a979951,475,475,RGBA
data/raw/poketwo-data/shiny/684.png,684,Swirlix,swirlix,,1,1,1,5822b118747762877c324e52a4fafa2e51f174a6bd069cfc54a62aec7eb67b91,475,475,RGBA
data/raw/poketwo-data/shiny/685.png,685,Slurpuff,slurpuff,,1,1,1,ed2907b9b4ed3112ec98726c80ba299bfc2fa0e0e4ade4fe12264946440e7e4f,475,475,RGBA
data/raw/poketwo-data/shiny/69.png,69,Bellsprout,bellsprout,,1,1,1,48f40b13c2a648e09fee18983f098a1e69805865b2fb52364759f4d43d19c22d,475,475,RGBA
data/raw/poketwo-data/shiny/690.png,690,Skrelp,skrelp,,1,1,1,652f3a6491d108b45ff498d93ad17a1865790a8c67991e7048110abb1d5a710a,475,475,RGBA
data/raw/poketwo-data/shiny/694.png,694,Helioptile,helioptile,,1,1,1,dbbb0a5ad66efcca56a29c41cb16545549f3d33be74931e6161c76ae4fbeafd0,475,475,RGBA
data/raw/poketwo-data/shiny/696.png,696,Tyrunt,tyrunt,,1,1,1,15cbf20d3de4dae9f966afbeb3987d7cbf785452bd4ce01a988773248f77b2cc,475,475,RGBA
data/raw/poketwo-data/shiny/697.png,697,Tyrantrum,tyrantrum,,1,1,1,4c0a4b40260577676e31fbd4ace982f1c3e4d9659ad47cb13d9052bcec22e497,475,475,RGBA
data/raw/poketwo-data/shiny/698.png,698,Amaura,amaura,,1,1,1,55fb00f2e0d23151461211f7b3188b6bc90d4684dd5236e0f8679498372e0017,475,475,RGBA
data/raw/poketwo-data/shiny/699.png,699,Aurorus,aurorus,,1,1,1,514fe53cfd77d15e7c8e6cf75c39790101bd5f13ce63d79b9c559348fc175463,475,475,RGBA
data/raw/poketwo-data/shiny/7.png,7,Squirtle,squirtle,,1,1,1,a065c2e574f97941e8f61664116b13133785a6e7d529ebce9539b9ca09ad8788,475,475,RGBA
data/raw/poketwo-data/shiny/70.png,70,Weepinbell,weepinbell,,1,1,1,70c82b5dcd549b10974b6e6ef59df38e568a19038e6b653e466eff705018a064,475,475,RGBA
data/raw/poketwo-data/shiny/700.png,700,Sylveon,sylveon,,1,1,1,9f4a36bb2ed3773881637d0a297b82fb9043f8c9021bf8db55ca6537562514c8,475,475,RGBA
data/raw/poketwo-data/shiny/701.png,701,Hawlucha,hawlucha,,1,1,1,035935f1ea371839ff2ff46b89081e7897a6ae6a97163e2826fe97ee65f0e78d,475,475,RGBA
data/raw/poketwo-data/shiny/702.png,702,Dedenne,dedenne,,1,1,1,3913b1a1b7ddab4307cf46ee64fc4cd9d28b2053d90daaf1254b6cbdeacfb629,475,475,RGBA
data/raw/poketwo-data/shiny/704.png,704,Goomy,goomy,,1,1,1,6523c5452146e07bfe8d1de9f671dfac35a47a87cf05c2721a916dbc30384c87,475,475,RGBA
data/raw/poketwo-data/shiny/705.png,705,Sliggoo,sliggoo,,1,1,1,802ad4055eae5b99eb8671d4bdc3454fec8c3aad2c5ae6ec7e323788465ae22d,475,475,RGBA
data/raw/poketwo-data/shiny/706.png,706,Goodra,goodra,,1,1,1,7dcd168959b2bd36a987e9afd93524d94bc97cf3ceccefc7a2d74bb3e3961716,475,475,RGBA
data/raw/poketwo-data/shiny/707.png,707,Klefki,klefki,,1,1,1,11b9f32bd7481e363e96dda19bba9202919c6a553a02208c63d01504667e2212,475,475,RGBA
data/raw/poketwo-data/shiny/71.png,71,Victreebel,victreebel,,1,1,1,96b40d1a0616f72e77f344806e3c0eb23f4f3c1baccb60e664b4f0574475826c,475,475,RGBA
data/raw/poketwo-data/shiny/712.png,712,Bergmite,bergmite,,1,1,1,09cafbfa82d72fcec1adb2560e4fcf48756badc37766d323d01373bb686180a4,475,475,RGBA
data/raw/poketwo-data/shiny/713.png,713,Avalugg,avalugg,,1,1,1,8950d338a4608931ec8b61ce3dd4019bc40b33cc3937c9387de91f0b51921b85,475,475,RGBA
data/raw/poketwo-data/shiny/716.png,716,Xerneas,xerneas,,1,1,1,8c88e019bb6f123ee685251c26fa5709bd4a28ed6b9d4d8f67ea1ca0cc95f2ee,475,475,RGBA
data/raw/poketwo-data/shiny/72.png,72,Tentacool,tentacool,,1,1,1,25f62020a8c28b37492363f8afe98c5661d152fe296b50c4669e96ef88726176,475,475,RGBA
data/raw/poketwo-data/shiny/721.png,721,Volcanion,volcanion,,1,1,1,1b46ec6c5996131699a38d3d3d4d0aace1efa65309fd9b3c75fcf2d4be07ca4c,475,475,RGBA
data/raw/poketwo-data/shiny/722.png,722,Rowlet,rowlet,,1,1,1,88f41c5ccde799f241e335ec022d25c7b6535b4b5555d3ff6cbd8bee55b0dbbd,380,380,RGBA
data/raw/poketwo-data/shiny/723.png,723,Dartrix,dartrix,,1,1,1,68a2a472e14b8ec8652f1f4e92ffd7ae7d490a20fd8cf1450318e45320f7a2a9,380,380,RGBA
data/raw/poketwo-data/shiny/724.png,724,Decidueye,decidueye,,1,1,1,57631c1c44b501392a559f9300d8f84602bcaba4958ba5a0edaf24293b185a06,380,380,RGBA
data/raw/poketwo-data/shiny/725.png,725,Litten,litten,,1,1,1,3526ff629d462f2cc7c44562dd84be244c3b5be25e34db3a3a920781a357abc5,380,380,RGBA
data/raw/poketwo-data/shiny/726.png,726,Torracat,torracat,,1,1,1,2ef0ea7608ca273b361aaa07de940842c4b83599cf26ea1e65f2e0c41eb7c80d,380,380,RGBA
data/raw/poketwo-data/shiny/727.png,727,Incineroar,incineroar,,1,1,1,12ead035918c2c260f2e2d017ade610d2d89d6acc4e9d8b1ac9aca5e1ebadfc8,380,380,RGBA
data/raw/poketwo-data/shiny/73.png,73,Tentacruel,tentacruel,,1,1,1,a5f36cef1f81874838c50697ed6af6a8a83f210a2a4ee46bc143987a39a899bc,475,475,RGBA
data/raw/poketwo-data/shiny/730.png,730,Primarina,primarina,,1,1,1,26d128d491ebc40cf60a1e2df2b0f22267e04c57a813c62b3e17273d6e1a3a87,475,475,RGBA
data/raw/poketwo-data/shiny/731.png,731,Pikipek,pikipek,,1,1,1,710b748ccba35a090c9e6d4667a53bcb5c0accaec04c358a3c986c855f5a6918,380,380,RGBA
data/raw/poketwo-data/shiny/732.png,732,Trumbeak,trumbeak,,1,1,1,7599f2b4bdd87aadcecade5b9a58673da78ca996480a1bbb5bbf1b462821a8fd,380,380,RGBA
data/raw/poketwo-data/shiny/733.png,733,Toucannon,toucannon,,1,1,1,b1cfae0550236958901818b60cd54de487794f5dafa83eca6dd90078c85b3979,380,380,RGBA
data/raw/poketwo-data/shiny/734.png,734,Yungoos,yungoos,,1,1,1,46a32ae26cde82bf35955ee23c9701342a320cfbf860e10729c0f6ed4155e88c,380,380,RGBA
data/raw/poketwo-data/shiny/735.png,735,Gumshoos,gumshoos,,1,1,1,134f6c1087c4104a5e67d27b8601ef8e4d5268f9f1ba49c7f0d83414e3588ce0,380,380,RGBA
data/raw/poketwo-data/shiny/739.png,739,Crabrawler,crabrawler,,1,1,1,b29ff3e5fb753465ed2c84fb0e6a102a495593487fafd50777cb11e90b90f068,475,475,RGBA
data/raw/poketwo-data/shiny/740.png,740,Crabominable,crabominable,,1,1,1,4f34bb6e1269a59deccf7cc3360f6a3e9a5801d76ecdfbc18d05d8f0d6328e04,380,380,RGBA
data/raw/poketwo-data/shiny/741.png,741,Oricorio,oricorio-baile,,1,1,1,bd7ae213ecd508d343c5c37bccf7b0595d9c903e2ef6c6e3d98c071832b01484,380,380,RGBA
data/raw/poketwo-data/shiny/742.png,742,Cutiefly,cutiefly,,1,1,1,84f451cff02331bc62d0847dac2316cac6ebd77665eb5ffe3c3a0f01a8730c08,475,475,RGBA
data/raw/poketwo-data/shiny/743.png,743,Ribombee,ribombee,,1,1,1,5debf783ee100c54faed5b763a9745742f28cde25a89eb68eb5a463aafd27a02,380,380,RGBA
data/raw/poketwo-data/shiny/744.png,744,Rockruff,rockruff,,1,1,1,aa1fb37d444100a261b59cd5de175f51d3d141949f216ef75e4f145b88673402,380,380,RGBA
data/raw/poketwo-data/shiny/745.png,745,Lycanroc,lycanroc-midday,,1,1,1,ebe0d329beb2278f795f77dd5b7e4ba1a3c0eedfed8b4ff84b1038c9e5513e05,380,380,RGBA
data/raw/poketwo-data/shiny/747.png,747,Mareanie,mareanie,,1,1,1,2abeb8f5ba86e0739c5a2a47ad08f15486872bdc470677ff01c3cefbafaabc5f,380,380,RGBA
data/raw/poketwo-data/shiny/748.png,748,Toxapex,toxapex,,1,1,1,6e22419cafff9f8ce0ddd728b9d1f98486cbb4503e1a4620def04663b1790c7d,380,380,RGBA
data/raw/poketwo-data/shiny/749.png,749,Mudbray,mudbray,,1,1,1,aeaf7beffbb65d501499332234daba3f60628728abc568d3c253ae8a74508fb5,475,475,RGBA
data/raw/poketwo-data/shiny/750.png,750,Mudsdale,mudsdale,,1,1,1,5853b77acfb7229b7fa187353236b2bc9d419398de18205d0bffba166067ff55,475,475,RGBA
data/raw/poketwo-data/shiny/753.png,753,Fomantis,fomantis,,1,1,1,48a6f46c5ae433b84f7191f27320dc327b3b9a0e43764c221cb1ec5b7e70e51f,475,475,RGBA
data/raw/poketwo-data/shiny/754.png,754,Lurantis,lurantis,,1,1,1,be40e383b86900f046cbb2389f07b6442669a3bc601c6d084e4d671bb0ef3407,475,475,RGBA
data/raw/poketwo-data/shiny/755.png,755,Morelull,morelull,,1,1,1,11de4ce3688538fdf5f6fc8dad223533f2e3ac31d9599becf7545c8f35ac43f8,475,475,RGBA
data/raw/poketwo-data/shiny/756.png,756,Shiinotic,shiinotic,,1,1,1,f8a160a22e534cd4856bc44b05be5365f271f4aeef3f0227747f2ade70d1742f,750,750,RGBA
data/raw/poketwo-data/shiny/759.png,759,Stufful,stufful,,1,1,1,babfa077966a3b197be81ea0a251543ac77f3361c56b2837bd43f1c04e7066f0,475,475,RGBA
data/raw/poketwo-data/shiny/760.png,760,Bewear,bewear,,1,1,1,a85f793ae27e3f28d2617e51eefce9195faba32fa40680dd18e215a35186beee,475,475,RGBA
data/raw/poketwo-data/shiny/761.png,761,Bounsweet,bounsweet,,1,1,1,97d102848ae6b38363b80116ab17511fbe61236f12ec5b24ec6e4b05a07723e1,475,475,RGBA
data/raw/poketwo-data/shiny/762.png,762,Steenee,steenee,,1,1,1,6f8aadc37091579bd7bdb7f78feba2f12e2d0970e0e3585b78dac2a3f07e9677,475,475,RGBA
data/raw/poketwo-data/shiny/763.png,763,Tsareena,tsareena,,1,1,1,4ab038844797c8c7e23ed8ae80f26d29c2f9420b348a20fcee8c8a0f83f1eed0,475,475,RGBA
data/raw/poketwo-data/shiny/764.png,764,Comfey,comfey,,1,1,1,4b3226e2f41fcd2e7a3c53f384e216f0d5687215e1b84d8c9a6e06a79046bb6c,475,475,RGBA
data/raw/poketwo-data/shiny/765.png,765,Oranguru,oranguru,,1,1,1,029637dad23b051c48090ae656d89067c78577191d6c2009184f50f478a0cec1,475,475,RGBA
data/raw/poketwo-data/shiny/766.png,766,Passimian,passimian,,1,1,1,08c7b0fe8d40211de5d6c10a6533d4d05cd6c6378e2fd0e1fdeabb51b4aff981,475,475,RGBA
data/raw/poketwo-data/shiny/767.png,767,Wimpod,wimpod,,1,1,1,c444162a8f3c47b5fecea3c12618cb0f6dc5618d41e2b037a0e69e8633f30a31,475,475,RGBA
data/raw/poketwo-data/shiny/769.png,769,Sandygast,sandygast,,1,1,1,64638a4fdd29fb2b34d87109c0f1efa3a3544cb3b34052c223b2c63573356af2,475,475,RGBA
data/raw/poketwo-data/shiny/77.png,77,Ponyta,ponyta,,1,1,1,7a3a4dc851fb0d27a3cfcbfd0fad75ad250c050fab51c98f5283d28cb8a679ac,475,475,RGBA
data/raw/poketwo-data/shiny/770.png,770,Palossand,palossand,,1,1,1,84d11835c7b21c44c4c43f719dd4414812463136db70d9743852534bba9840f2,475,475,RGBA
data/raw/poketwo-data/shiny/775.png,775,Komala,komala,,1,1,1,04d62d7850f8ed01e390fc134365f011621ebb7b534a6a6ac3d06905fe47c349,475,475,RGBA
data/raw/poketwo-data/shiny/776.png,776,Turtonator,turtonator,,1,1,1,bca13441264ba2e798baf5b4b3329e432a7be72b849a90e088f933b36d56224c,475,475,RGBA
data/raw/poketwo-data/shiny/777.png,777,Togedemaru,togedemaru,,1,1,1,29fb1a39450e657669c57e29e8c80b33d8ef89945ba3810f27ba4e70d07ebd9a,475,475,RGBA
data/raw/poketwo-data/shiny/778.png,778,Mimikyu,mimikyu-disguised,,1,1,1,7660293aadc4d43223a6a99cdc86c779965471db8cf823b09fea60c055842cef,475,475,RGBA
data/raw/poketwo-data/shiny/78.png,78,Rapidash,rapidash,,1,1,1,b29046c967e7229a5b6f6606d57c635310b7071174f9600b8ff8ecd517782ba1,475,475,RGBA
data/raw/poketwo-data/shiny/781.png,781,Dhelmise,dhelmise,,1,1,1,c3b7996a0ef3ed0b99b286db4d1e3da8035f7f4d6ee6e3eda23bc33ecf8c0b30,475,475,RGBA
data/raw/poketwo-data/shiny/782.png,782,Jangmo-o,jangmo-o,,1,1,1,86a041a36c0339b977945152898723a4f01c32fe62e940404343e8a341cf2288,475,475,RGBA
data/raw/poketwo-data/shiny/783.png,783,Hakamo-o,hakamo-o,,1,1,1,7ef9795f5ef9715e71563b7bfacbaee2f9063a714a2c49df83b09032e2562222,475,475,RGBA
data/raw/poketwo-data/shiny/784.png,784,Kommo-o,kommo-o,,1,1,1,e8ff09e23fb652852687e10f3075548bbe46e76ab0850c84f4a720189fbbc371,475,475,RGBA
data/raw/poketwo-data/shiny/789.png,789,Cosmog,cosmog,,1,1,1,131bf3347180283865d0f284e01a16bf756865288645e32570a71755b86db2b2,475,475,RGBA
data/raw/poketwo-data/shiny/79.png,79,Slowpoke,slowpoke,,1,1,1,bee5bbe9b23af89793e47dbc31243cee71754eb8405f77321a1f46c5d8eebebb,475,475,RGBA
data/raw/poketwo-data/shiny/790.png,790,Cosmoem,cosmoem,,1,1,1,37bd655eda6260f978bb91e48b0c6709d9c26cabf2b1f2dfaf79988632ab2c69,475,475,RGBA
data/raw/poketwo-data/shiny/792.png,792,Lunala,lunala,,1,1,1,d0045578927434aa61c0f595a79f1bcb61fe32130e4a98a3acd2da27b6a50fda,475,475,RGBA
data/raw/poketwo-data/shiny/8.png,8,Wartortle,wartortle,,1,1,1,27048f2b491edf470696dcd2d1e87427ebaf0c0dd68af11dc3b163932133e91a,475,475,RGBA
data/raw/poketwo-data/shiny/80.png,80,Slowbro,slowbro,,1,1,1,d70687f11f91193b20b78b6695b18ed08255c95088b9857e34cf6c2fff6b0fee,475,475,RGBA
data/raw/poketwo-data/shiny/807.png,807,Zeraora,zeraora,,1,1,1,e11ca0c1fd378cb86df7cdf71177c21e2db3a3af9496aa87563a585a26d47b33,475,475,RGBA
data/raw/poketwo-data/shiny/81.png,81,Magnemite,magnemite,,1,1,1,6ac4db33e7b7195bed3a1696f80f9aa2bd84dfedb249fbf662b79ee9e4f6eefc,475,475,RGBA
data/raw/poketwo-data/shiny/810.png,810,Grookey,grookey,,1,1,1,9fc6f7d4d82aafd7c481b334425453f58e01e8ce0a07efe5450d1a3c0acc056f,475,475,RGBA
data/raw/poketwo-data/shiny/811.png,811,Thwackey,thwackey,,1,1,1,881d9385d9cb7ada2f574ea7a1eeae37e3a5dbe4498491a831cba28c23356f59,475,475,RGBA
data/raw/poketwo-data/shiny/812.png,812,Rillaboom,rillaboom,,1,1,1,44a59e7ca657890629fa0ff1459196e273a8ffa6b6dc58ca42b98f02e8002b82,475,475,RGBA
data/raw/poketwo-data/shiny/813.png,813,Scorbunny,scorbunny,,1,1,1,8eacf3868e37d14da6bed324f437c59bc115f641526c82409d8d7679318e7396,475,475,RGBA
data/raw/poketwo-data/shiny/814.png,814,Raboot,raboot,,1,1,1,9973c6761e74dd84c5ec0e19478c8a5a6688ebdcaf54153b8e15f0d215ae7b8c,475,475,RGBA
data/raw/poketwo-data/shiny/815.png,815,Cinderace,cinderace,,1,1,1,9afab6ea2782e58fef59b2ee32c19db07d2c117e89fdaaeaeedea408d05f5ac7,475,475,RGBA
data/raw/poketwo-data/shiny/816.png,816,Sobble,sobble,,1,1,1,3656a3eb3324b659ad00a15fe37cbcda1078e26686934d79c7e982238fdef703,475,475,RGBA
data/raw/poketwo-data/shiny/817.png,817,Drizzile,drizzile,,1,1,1,8f416ca82cf7853f5c50d53778b7a9eaa7ab00a6871640b4f62ea195ce2ea0f4,475,475,RGBA
data/raw/poketwo-data/shiny/818.png,818,Inteleon,inteleon,,1,1,1,4e04cad98624a4f1932a35f3aaca70200ebdf1bbdd855d87172cfd2251262f9f,475,475,RGBA
data/raw/poketwo-data/shiny/819.png,819,Skwovet,skwovet,,1,1,1,cbac833a101663e45311df753204afdc41f71479cdba15fd44d988a8ef59008d,475,475,RGBA
data/raw/poketwo-data/shiny/82.png,82,Magneton,magneton,,1,1,1,2ccb761188ad4a434dcc38ae7657fb32bfc0550f7e2856a6d8f3e774049ff36c,475,475,RGBA
data/raw/poketwo-data/shiny/820.png,820,Greedent,greedent,,1,1,1,a246d8b41e6d48502995ce0112ff186a99a5aefc60b12a677b508d61607b4bca,475,475,RGBA
data/raw/poketwo-data/shiny/821.png,821,Rookidee,rookidee,,1,1,1,0ea17ad3be015e9db4892324d90823b52968bee468c79562b57fda3bbc8ad3e3,475,475,RGBA
data/raw/poketwo-data/shiny/822.png,822,Corvisquire,corvisquire,,1,1,1,43337384ca93a49a4d2e364094628d37a747c09195c6156870a42a70f8df7149,475,475,RGBA
data/raw/poketwo-data/shiny/823.png,823,Corviknight,corviknight,,1,1,1,aee751f5612d12e6079719c271108fe5b1210b009d66908df9c14aa224bbe626,475,475,RGBA
data/raw/poketwo-data/shiny/824.png,824,Blipbug,blipbug,,1,1,1,b7ef649e41845f8038040f2fecefeb7f09e1be1dec60d5ab7c610d218a4137fa,475,475,RGBA
data/raw/poketwo-data/shiny/825.png,825,Dottler,dottler,,1,1,1,ae1ebf5c5a2e41780d199a331c38170188d6ade4f9ef5de584acc72b362acb5a,475,475,RGBA
data/raw/poketwo-data/shiny/826.png,826,Orbeetle,orbeetle,,1,1,1,1e90c3b6d8c2cde60e57e7761564345bccf94a5c3ae168740156579ae93eaa99,475,475,RGBA
data/raw/poketwo-data/shiny/827.png,827,Nickit,nickit,,1,1,1,49b5c679dcde15c22939ab5287c3be714028b0a3efb3db1082b8880fe7fac11c,475,475,RGBA
data/raw/poketwo-data/shiny/828.png,828,Thievul,thievul,,1,1,1,9be61b9a87a5be3ce6a083d6207947df80d711808321d65e077e6fb68de20c18,475,475,RGBA
data/raw/poketwo-data/shiny/829.png,829,Gossifleur,gossifleur,,1,1,1,4f146d74c4f28d15c1561c7af64c521728dac58fcef0f00ff353bde8ec37fbc4,475,475,RGBA
data/raw/poketwo-data/shiny/83.png,83,Farfetch'd,farfetchd,,1,1,1,48a8bbfb2c9e384306279b3441071dee89d90559cd610f866bc846f87cd5fe97,475,475,RGBA
data/raw/poketwo-data/shiny/830.png,830,Eldegoss,eldegoss,,1,1,1,3386f61e68c3382f5d6c2a9f1980d8b12d176a2c7780e683af938285629dd2e5,475,475,RGBA
data/raw/poketwo-data/shiny/831.png,831,Wooloo,wooloo,,1,1,1,5ef25e32f320b6ec4de183227d0d558065e1b055af5580e08203eb7a300cb995,475,475,RGBA
data/raw/poketwo-data/shiny/832.png,832,Dubwool,dubwool,,1,1,1,ba4e14daac8ab7bc07ef985863dcf744f9f9165825bf389f9d2f5c895dd52c49,475,475,RGBA
data/raw/poketwo-data/shiny/833.png,833,Chewtle,chewtle,,1,1,1,6f977120af6ea8852bb1b5526a88e280b9b017a729cdd9991f99b51e6b330d7e,475,475,RGBA
data/raw/poketwo-data/shiny/834.png,834,Drednaw,drednaw,,1,1,1,bec6626ddd6025a98459526eb14b415aa778acee7d20896cca5d547a12becae5,475,475,RGBA
data/raw/poketwo-data/shiny/835.png,835,Yamper,yamper,,1,1,1,9e3ae78d5a79324d4fa7fcf087eb81b557f85744e509fc34a7966c493d66ba09,475,475,RGBA
data/raw/poketwo-data/shiny/836.png,836,Boltund,boltund,,1,1,1,e92ac4b4ec23513bb36f34cbdaf1811ebef1009d8830b6d2c7adb75a22fef562,475,475,RGBA
data/raw/poketwo-data/shiny/837.png,837,Rolycoly,rolycoly,,1,1,1,eac424366bc09e04393f7fb23cc9f00d3289f4929354cb424e1bfaa7532daff0,475,475,RGBA
data/raw/poketwo-data/shiny/838.png,838,Carkol,carkol,,1,1,1,bcc03633db9a1abd46b9c5e1ae7c9309019818e781a122adf4fb48bc3bf8adc7,475,475,RGBA
data/raw/poketwo-data/shiny/839.png,839,Coalossal,coalossal,,1,1,1,4d7965987aa7e02e60aee31ae5945dd29f3e8d99b8e5a4fca5300761092b1fd9,475,475,RGBA
data/raw/poketwo-data/shiny/84.png,84,Doduo,doduo,,1,1,1,18f038ee3d22d125548618d82064afca31840916f4d708cecfced55888fb6ed8,475,475,RGBA
data/raw/poketwo-data/shiny/840.png,840,Applin,applin,,1,1,1,3017d0fed0a790cbd1d250ee02098097590a7af63b828dd6755566368e0be026,475,475,RGBA
data/raw/poketwo-data/shiny/841.png,841,Flapple,flapple,,1,1,1,3cd5b740854a68ae3ccd574b43f5f7e02b1ba0953cf1580612d933bf915881f9,475,475,RGBA
data/raw/poketwo-data/shiny/842.png,842,Appletun,appletun,,1,1,1,15dce59f873cfb09034fd733c8d911799d8b0af2efd03d7d7db9ad1f9d12d672,475,475,RGBA
data/raw/poketwo-data/shiny/843.png,843,Silicobra,silicobra,,1,1,1,4efbef1fbb4792a5410cd56ab1f82e146a2efba9f25be396021b49aa60656c77,475,475,RGBA
data/raw/poketwo-data/shiny/844.png,844,Sandaconda,sandaconda,,1,1,1,a681e56b3a2e0fc444da522b1140dffe842137e529a931cd3c98a5afcd9aa6b9,475,475,RGBA
data/raw/poketwo-data/shiny/845.png,845,Cramorant,cramorant,,1,1,1,1196488faa7b7471b191c86f96fb79b42f4de856ab9b24ba6e7b38b775da2496,475,475,RGBA
data/raw/poketwo-data/shiny/846.png,846,Arrokuda,arrokuda,,1,1,1,4a757a2b6cbd8c922ceaf5be3de2b4c6168bf61335f1eeeecc3a8e5ad0c5e93b,475,475,RGBA
data/raw/poketwo-data/shiny/847.png,847,Barraskewda,barraskewda,,1,1,1,e0e2d3b5f03b8adcb2b3ddd90628bf1f7a7f47e1353b5b6b00ca950a2521e100,475,475,RGBA
data/raw/poketwo-data/shiny/848.png,848,Toxel,toxel,,1,1,1,35ff5d50e0a8582403058205ea92f1a68efc486e41e86e7a9c620ad25a41138a,475,475,RGBA
data/raw/poketwo-data/shiny/849.png,849,Amped Toxtricity,toxtricity-amped,,1,1,1,6a5c092a9eb5b3cf08946406805ea9f9fe9b1e7d25f214f547b681de5b8b5ab3,475,475,RGBA
data/raw/poketwo-data/shiny/85.png,85,Dodrio,dodrio,,1,1,1,c251bc94a7693c2a6c439ed471066bf34ddb8feb2d1a1395ca71c1b8acb7adda,475,475,RGBA
data/raw/poketwo-data/shiny/850.png,850,Sizzlipede,sizzlipede,,1,1,1,bef1ecb1b16a157a3e4ba4faf3e5f23dc33b90f05a324aa1ce966f88a321ed66,475,475,RGBA
data/raw/poketwo-data/shiny/851.png,851,Centiskorch,centiskorch,,1,1,1,c8a9eb718758c8dbe5490ffb343533bb4c3ac130239c03ed2b6560fc2bbc0b6b,475,475,RGBA
data/raw/poketwo-data/shiny/852.png,852,Clobbopus,clobbopus,,1,1,1,648e836914e5242012ab728aa893cb5118c4a7e3595c2fde987eedf2f90d9a67,475,475,RGBA
data/raw/poketwo-data/shiny/853.png,853,Grapploct,grapploct,,1,1,1,54f04964f70112e1781d10623bfc46169092fbfd938590dec3225b545b6dc205,475,475,RGBA
data/raw/poketwo-data/shiny/854.png,854,Sinistea,sinistea,,1,1,1,eca9b9d6771b47705c49579a198899484fbaec0145aa2d6314dccd09a8cd8026,475,475,RGBA
data/raw/poketwo-data/shiny/855.png,855,Polteageist,polteageist,,1,1,1,27c93926aa13cbe62446aa45f137b3c3d9df180e40ea29af81f7200ff31d3a04,475,475,RGBA
data/raw/poketwo-data/shiny/856.png,856,Hatenna,hatenna,,1,1,1,14ff8e0381e8d4563dbd6e2cf7bf4a1e6d47ed788ca5977f43f5abdda6f3c1b4,475,475,RGBA
data/raw/poketwo-data/shiny/857.png,857,Hattrem,hattrem,,1,1,1,3a4c309515038a7b3fb36eee4b24d401bb12980d7c6ff74d3976496ae99a270e,475,475,RGBA
data/raw/poketwo-data/shiny/858.png,858,Hatterene,hatterene,,1,1,1,9960954d938f9cf4ec53d64e524e6c36c47f99e3622c6a59a5253462b25eaa06,475,475,RGBA
data/raw/poketwo-data/shiny/859.png,859,Impidimp,impidimp,,1,1,1,39006d702532f489f671ce81264f82ed7621819173ebe76c863f1b8851bfa36d,475,475,RGBA
data/raw/poketwo-data/shiny/86.png,86,Seel,seel,,1,1,1,e718291f2c0b52a82d1b44d796dcf596e5aeac2785f022dfb07ffb75657e39c5,475,475,RGBA
data/raw/poketwo-data/shiny/860.png,860,Morgrem,morgrem,,1,1,1,0775e53e7550c9d3d6e9873ef80f0fb4cfed5ebdb5c1458fe753ab05dce2e142,475,475,RGBA
data/raw/poketwo-data/shiny/861.png,861,Grimmsnarl,grimmsnarl,,1,1,1,c216f0195babd4bb879e7ae3a4b6941b578f51064bb0e44af2acb66851bc3ff2,475,475,RGBA
data/raw/poketwo-data/shiny/862.png,862,Obstagoon,obstagoon,,1,1,1,2f71acdf51ba1f33fd16428ebd7a89e09819911953ddde65419eee1816de564a,475,475,RGBA
data/raw/poketwo-data/shiny/863.png,863,Perrserker,perrserker,,1,1,1,270680ef93940992b7506a8a37b35c0227ea3d028a6e8899f79b56ac8d117011,475,475,RGBA
data/raw/poketwo-data/shiny/864.png,864,Cursola,cursola,,1,1,1,1c7011bbcc32cf7da140b8747393d04c4932d71c71949f8126a013a5e4e300d1,475,475,RGBA
data/raw/poketwo-data/shiny/865.png,865,Sirfetch'd,sirfetchd,,1,1,1,248c37157457bcb000af236b3e846ace62fd1982ff8d8ffe6ed1438a018a8351,475,475,RGBA
data/raw/poketwo-data/shiny/866.png,866,Mr. Rime,mr-rime,,1,1,1,d685667242707bd196a1da65ac01ea6a7ecf0187e150d99ce6309e00ac64387e,475,475,RGBA
data/raw/poketwo-data/shiny/867.png,867,Runerigus,runerigus,,1,1,1,8a6191651e484ff8a5e4a4d232361a3b3c48df4abec9ee8c6ca92478f8cb0640,475,475,RGBA
data/raw/poketwo-data/shiny/868.png,868,Milcery,milcery,,1,1,1,228a2ce68b34abb7cf6b286379e5be69f0f16581544eb8cdebfc09cf31cffd96,475,475,RGBA
data/raw/poketwo-data/shiny/869.png,869,Alcremie,alcremie-vanilla-cream-strawberry-sweet,,1,1,1,6c52500b54f5d301eff0c2dbee523e244d5854e614d3ed5885d56f7744c9b6cb,475,475,RGBA
data/raw/poketwo-data/shiny/87.png,87,Dewgong,dewgong,,1,1,1,560f6fe029b9c80b8f7abbffed9e70e0eaf8df03f9912cd1d34b5d0b16459589,475,475,RGBA
data/raw/poketwo-data/shiny/870.png,870,Falinks,falinks,,1,1,1,e52af948d0513a563b41181887ddd5f82d3ffeb731dc8eedfeb7a94de2a023f0,475,475,RGBA
data/raw/poketwo-data/shiny/871.png,871,Pincurchin,pincurchin,,1,1,1,24727e4e17db18fb2ae7a67249ac12d7410baeb259ae238b4f135adcb3e57e5f,475,475,RGBA
data/raw/poketwo-data/shiny/872.png,872,Snom,snom,,1,1,1,1c7f1554be2b0280f967a79921124d9fb0df242892259994ca2a0bd26da26851,475,475,RGBA
data/raw/poketwo-data/shiny/873.png,873,Frosmoth,frosmoth,,1,1,1,8f77a9f2cd929c158ea88f25858dd55de4c9ccc0f4ed2ad31fbf56572f619fc1,475,475,RGBA
data/raw/poketwo-data/shiny/874.png,874,Stonjourner,stonjourner,,1,1,1,2518c4b302aea59801b59d8c454f4ea7e133b8a3e2e1788174259e5fe092931c,475,475,RGBA
data/raw/poketwo-data/shiny/875.png,875,Eiscue,eiscue-ice,,1,1,1,f78ac7ef474c94f58548e465a2be77d17fe5bfb7585cba91ec3bd24b2c7b1629,475,475,RGBA
data/raw/poketwo-data/shiny/876.png,876,Indeedee,indeedee-male,,1,1,1,219ccf448180e05639006efc6fc94137678657c25122ca410f64f2b5cec507f0,475,475,RGBA
data/raw/poketwo-data/shiny/877.png,877,Morpeko,morpeko-full-belly,,1,1,1,5dea821a394eae9922f4b915d2b3ea1ac8a65689d141a7a5531691611d2fd006,475,475,RGBA
data/raw/poketwo-data/shiny/878.png,878,Cufant,cufant,,1,1,1,70180e20c7c67b8a24b9eaf94e96bd9169def4efd34e30b7646d3450e5b58fbd,475,475,RGBA
data/raw/poketwo-data/shiny/879.png,879,Copperajah,copperajah,,1,1,1,135ed43b03c720b58bbe0c52369554768bceb8c938086d7bad863b18d31b3588,475,475,RGBA
data/raw/poketwo-data/shiny/880.png,880,Dracozolt,dracozolt,,1,1,1,0619399163697c8a8710ab153c6ab99d5ac73593af78f610d59cab8eff3309b0,475,475,RGBA
data/raw/poketwo-data/shiny/881.png,881,Arctozolt,arctozolt,,1,1,1,c0757f00dbb6d09ccfde9f93b0f7ee5c3bc0a0a440786fad074f1adaf8f623c2,475,475,RGBA
data/raw/poketwo-data/shiny/882.png,882,Dracovish,dracovish,,1,1,1,63f266ea6bc3476c878407db9e7c496952a806c12fd78cc3abef225b9b1099ae,475,475,RGBA
data/raw/poketwo-data/shiny/883.png,883,Arctovish,arctovish,,1,1,1,8e441660aa5d68c97cdabb54aae409617b9ad93dd6125522abae738683b32c66,475,475,RGBA
data/raw/poketwo-data/shiny/884.png,884,Duraludon,duraludon,,1,1,1,19b1298b4dec443aa8745fd9b96a6be365659f846f976eb50a3522f5022acb92,475,475,RGBA
data/raw/poketwo-data/shiny/885.png,885,Dreepy,dreepy,,1,1,1,69f2c5ae456fb0df6a06f310d30e79148370f39000e2918e02a17f3c24dced46,475,475,RGBA
data/raw/poketwo-data/shiny/886.png,886,Drakloak,drakloak,,1,1,1,af330469e35205ed9c14f23aa992533f55ed7e868f50ab8e22148ad186f2e740,475,475,RGBA
data/raw/poketwo-data/shiny/887.png,887,Dragapult,dragapult,,1,1,1,7dca99eacae003ff570e3d80fceed7047465bd3776d1bff0bf46f6fc36006af7,475,475,RGBA
data/raw/poketwo-data/shiny/888.png,888,Zacian,zacian,,1,1,1,a40e3af91408b8001e5a41711836316ad38c6b640de7ca7321139ade18ccaba1,475,475,RGBA
data/raw/poketwo-data/shiny/889.png,889,Zamazenta,zamazenta,,1,1,1,e64f3d85396a5302af85108a9dd180724d90cc2ff49389e5456cdd8111cd55c8,475,475,RGBA
data/raw/poketwo-data/shiny/890.png,890,Eternatus,eternatus,,1,1,1,1755c92218feb462e5c9a797c65d616166d8d44f5ee12943969906ac167f8935,475,475,RGBA
data/raw/poketwo-data/shiny/891.png,891,Kubfu,kubfu,,1,1,1,6d8ae2b086416d7301370f235e465af627e72158d31c1892926c9011fcb0b255,475,475,RGBA
data/raw/poketwo-data/shiny/892.png,892,Urshifu,urshifu-single-strike,,1,1,1,e9b687b0a2c0c377bcfc7e15c910aed7d493ad1a1deefad048caca8856110401,475,475,RGBA
data/raw/poketwo-data/shiny/893.png,893,Zarude,zarude,,1,1,1,2257554d7a6f6a5c723a7c49b6868937cae17f96aed31d323631949f0181b92c,475,475,RGBA
data/raw/poketwo-data/shiny/894.png,894,Regieleki,regieleki,,1,1,1,5b3a0889ae0cf749eb5bc0e349b03cc5fe3e3fb99865427403e5f86c32104e02,475,475,RGBA
data/raw/poketwo-data/shiny/895.png,895,Regidrago,regidrago,,1,1,1,c4b6fb24cb64a8b18b443ffaa39820711185997bf8da8e8c7737eb3f1b262de4,475,475,RGBA
data/raw/poketwo-data/shiny/896.png,896,Glastrier,glastrier,,1,1,1,f3f14d6c5c76e6797ce63f8948de944b53061b96787e7657387e9b87205a17bf,475,475,RGBA
data/raw/poketwo-data/shiny/897.png,897,Spectrier,spectrier,,1,1,1,bbfa182b29451cb80ff85147edea6981dc05f50c6bedf405d8495cb39d6e2fc5,475,475,RGBA
data/raw/poketwo-data/shiny/898.png,898,Calyrex,calyrex,,1,1,1,5f6e9461f1d2ded25a0b9bd83f764dbb676fe7ae969a91ce8366c497139008a5,475,475,RGBA
data/raw/poketwo-data/shiny/899.png,899,Wyrdeer,wyrdeer,,1,1,1,f01a4cdbf3b70a97a97eb9f87829984eb51f54b874ff4ad4f279060b6a06a9cc,475,475,RGBA
data/raw/poketwo-data/shiny/9.png,9,Blastoise,blastoise,,1,1,1,0fd013e95618369daaa9e638d87de58107613ba5afc4ed80a01cfef2fdc52998,475,475,RGBA
data/raw/poketwo-data/shiny/900.png,900,Kleavor,kleavor,,1,1,1,d88d729b9c5bfc5b162e0a00af1cc38ff83b8a3360b10877e9aeed36bcc6a18d,475,475,RGBA
data/raw/poketwo-data/shiny/901.png,901,Ursaluna,ursaluna,,1,1,1,f91ada5f59a8c3f96fd137cc00eaf267f10db6d2677e293af7265dfc83eec29b,475,475,RGBA
data/raw/poketwo-data/shiny/902.png,902,Basculegion,basculegion-male,,1,1,1,e7ca03c41c331247995edf49e1fb212bfad3508df0a863c9807266b3b3ef0bea,475,475,RGBA
data/raw/poketwo-data/shiny/903.png,903,Sneasler,sneasler,,1,1,1,84cbf9698f5f2c58399e66ba5b89917d371cd3b8bdc5f4f4d776d9382c31c307,475,475,RGBA
data/raw/poketwo-data/shiny/904.png,904,Overqwil,overqwil,,1,1,1,e436b8bbc3868f6f9a6b041eaf61a99474bf2e4cb7a11392dd3fd5dcd73b2257,475,475,RGBA
data/raw/poketwo-data/shiny/905.png,905,Enamorus,enamorus-incarnate,,1,1,1,8223fff561ff6abbef5bbefd6d4fdba6bca4901d002f821b475395050ef7d3a4,475,475,RGBA
data/raw/poketwo-data/shiny/906.png,906,Sprigatito,sprigatito,,1,1,1,f0bbf40a7b5b23d2a57c8ebef52b12ab9387de9920a4f0f13376ee871c7cafe4,475,475,RGBA
data/raw/poketwo-data/shiny/907.png,907,Floragato,floragato,,1,1,1,416f76cfd4e5c2ba3775d0e9837cb4f3af378b912069efdfc9b9e77ab4456293,475,475,RGBA
data/raw/poketwo-data/shiny/908.png,908,Meowscarada,meowscarada,,1,1,1,5c35c39f7ef9113817cd698ef2d2752aaed160ef928c6d95989cb38a8f3be289,475,475,RGBA
data/raw/poketwo-data/shiny/909.png,909,Fuecoco,fuecoco,,1,1,1,37d9936c0e82375cbd1603916be8baa4d89db8317f4fa469d8e120799947d6b8,475,475,RGBA
data/raw/poketwo-data/shiny/910.png,910,Crocalor,crocalor,,1,1,1,8bf7ad7e44ebbad0f4fbda6b174b6357c16a3385e0b41a625d27195e1d0f625a,475,475,RGBA
data/raw/poketwo-data/shiny/911.png,911,Skeledirge,skeledirge,,1,1,1,d4fd4af07ec319467de8740442bef34ffe01fe0afb99cb075de74950c61192f4,475,475,RGBA
data/raw/poketwo-data/shiny/912.png,912,Quaxly,quaxly,,1,1,1,e10b9fca741f7098cabe799e2684ab76203d450ac59916b1abc124601994aa6b,475,475,RGBA
data/raw/poketwo-data/shiny/913.png,913,Quaxwell,quaxwell,,1,1,1,e981e52cb70db3d30aeca08cf73d62089642d5610eb4a734eedd8bceaea07e54,475,475,RGBA
data/raw/poketwo-data/shiny/914.png,914,Quaquaval,quaquaval,,1,1,1,e1664e2d2c9e13674e1a8d142c08439e11f3b424b74cde6023c4abba6e2e4302,475,475,RGBA
data/raw/poketwo-data/shiny/915.png,915,Lechonk,lechonk,,1,1,1,f76c944dc06135841d87291d919070e74c6dd9c57f4c0e42584686ec31af8960,475,475,RGBA
data/raw/poketwo-data/shiny/916.png,916,Oinkologne,oinkologne,,1,1,1,9e459503d9a0395efc885fcc2a26fee85d84dc6df16e659b4211057b697b4e00,475,475,RGBA
data/raw/poketwo-data/shiny/917.png,917,Tarountula,tarountula,,1,1,1,c90ae53c2caf373ecec33aca7f1aa55ad449ffd015d4fb869bc1d0d3d48b2399,475,475,RGBA
data/raw/poketwo-data/shiny/918.png,918,Spidops,spidops,,1,1,1,6e0dd5e2d4f04b624ea9f3e4e442f7c038c3c7263a6477e06855f9c145f8bd73,475,475,RGBA
data/raw/poketwo-data/shiny/919.png,919,Nymble,nymble,,1,1,1,92a4a4daa9108602995b302dd772239b5b3bffcaedc8ae05778b5433defb824b,475,475,RGBA
data/raw/poketwo-data/shiny/920.png,920,Lokix,lokix,,1,1,1,840454fc646fdb315d9233fda0dab6219695dab6e9b02ac089752023a6f56995,475,475,RGBA
data/raw/poketwo-data/shiny/921.png,921,Pawmi,pawmi,,1,1,1,c15a6e8a78142811283e97e237f99367d99ad7ae6cf8cd19b78f1f23a0f982ea,475,475,RGBA
data/raw/poketwo-data/shiny/922.png,922,Pawmo,pawmo,,1,1,1,4bf418ad3c2c4c7d9ed1848841050714c2929de8e891709e6c230ed56f2f0189,475,475,RGBA
data/raw/poketwo-data/shiny/923.png,923,Pawmot,pawmot,,1,1,1,5d7ea42eb3b3ca5a379cb4a31d4f43590fc2f1ad2503ae06e9aefb7da6c3d048,475,475,RGBA
data/raw/poketwo-data/shiny/924.png,924,Tandemaus,tandemaus,,1,1,1,7c29edf668e0030ddaac449871e887ec758882d81a23bd0c7d6b9c06da0e3f2e,475,475,RGBA
data/raw/poketwo-data/shiny/925.png,925,Maushold,maushold,,1,1,1,74572ee41ee44cb4356b4f50e51413b715eaab5803e8fa3164c7dc150742480c,475,475,RGBA
data/raw/poketwo-data/shiny/926.png,926,Fidough,fidough,,1,1,1,d0a8df17aba8c02ebeea9839aeef00c8a2511d7353ad32a30b46b624882db90e,475,475,RGBA
data/raw/poketwo-data/shiny/927.png,927,Dachsbun,dachsbun,,1,1,1,f921faf8d67a6e0cbb970f4d14cca1aa9123c2520e8184669f8def3d83216c6d,475,475,RGBA
data/raw/poketwo-data/shiny/928.png,928,Smoliv,smoliv,,1,1,1,b9d192cdcb9f7ee31c28771055bfd4b3d3c9aa73b863d6c1726f045f9a2fe1ed,475,475,RGBA
data/raw/poketwo-data/shiny/929.png,929,Dolliv,dolliv,,1,1,1,1fa624841f748d8655ffdd7ff7c2376df2c554d5c542f5e791a996169696d7fe,475,475,RGBA
data/raw/poketwo-data/shiny/930.png,930,Arboliva,arboliva,,1,1,1,70c4ff8fe95d76ebfc7bbc2033bf7d2db7bcdf8ff96f09c3886feb46e1611274,475,475,RGBA
data/raw/poketwo-data/shiny/931.png,931,Squawkabilly,squawkabilly,,1,1,1,650d4e101da9db569a6e762f9403d56da92e129d28d769dd517687c3064e2436,475,475,RGBA
data/raw/poketwo-data/shiny/932.png,932,Nacli,nacli,,1,1,1,2e96526f08f812c6a63d284fbc86f24b8104bfb8b05b609f4b3eb57241d8bf9f,475,475,RGBA
data/raw/poketwo-data/shiny/933.png,933,Naclstack,naclstack,,1,1,1,23ac032ad6e9411f47ba82caa94566447aa590ed0c44e950c1e070c9da139ed4,475,475,RGBA
data/raw/poketwo-data/shiny/934.png,934,Garganacl,garganacl,,1,1,1,2713a0a644c69c6f360f1c0a35fab8907d08b699bfa076a7309c9a21513b104a,475,475,RGBA
data/raw/poketwo-data/shiny/935.png,935,Charcadet,charcadet,,1,1,1,d5d5c8acff2b92f44b86b8a69fa72f54471af1c7cb9e3bf3d48172b4d89d9df1,475,475,RGBA
data/raw/poketwo-data/shiny/936.png,936,Armarouge,armarouge,,1,1,1,2ee4867a5d8b6642deb49030aa10445a0e0d732458cc591c273c6ba3e9310506,475,475,RGBA
data/raw/poketwo-data/shiny/937.png,937,Ceruledge,ceruledge,,1,1,1,54432f1823049dd23c367ab9eb316b2265242a54b805061208fd4d996a57122e,475,475,RGBA
data/raw/poketwo-data/shiny/938.png,938,Tadbulb,tadbulb,,1,1,1,e4c8bd3ac14410ee9551ca763bbb04468b8cd82935cc1aaec70ebf82655ada1c,475,475,RGBA
data/raw/poketwo-data/shiny/939.png,939,Bellibolt,bellibolt,,1,1,1,b92b598bd74d8a24329457c11cf072e69d44527b9fdf415f1d8cb2c54b1e85cc,475,475,RGBA
data/raw/poketwo-data/shiny/940.png,940,Wattrel,wattrel,,1,1,1,6f96d035f9508109bc8a97cc6981a1f8e704aa6de258ec12a2f853747a7e43f6,475,475,RGBA
data/raw/poketwo-data/shiny/941.png,941,Kilowattrel,kilowattrel,,1,1,1,b18ff7383228fd7f0d13a30ffe329ffe9ca6ca0712956d8e979edbd7efbda116,475,475,RGBA
data/raw/poketwo-data/shiny/942.png,942,Maschiff,maschiff,,1,1,1,af5a9bbd3e874f97ca626b9105f38c8d969b0db928165a8ec35a65b90d445624,475,475,RGBA
data/raw/poketwo-data/shiny/943.png,943,Mabosstiff,mabosstiff,,1,1,1,6d6a35c751678496e08ba034b0e6a853292990ec0560e7aacc15ab12fc26f130,475,475,RGBA
data/raw/poketwo-data/shiny/944.png,944,Shroodle,shroodle,,1,1,1,8a72b159e9b4a2f8dd506390c5cfcc865bd2c7daea26a5e6be5040af8e497868,475,475,RGBA
data/raw/poketwo-data/shiny/945.png,945,Grafaiai,grafaiai,,1,1,1,7a904d1ee3063482977e39bad1ac3d3247ee604287953ea46eac641399e3e583,475,475,RGBA
data/raw/poketwo-data/shiny/946.png,946,Bramblin,bramblin,,1,1,1,dd3c249c8d53f2c7eb93cdadf7b3e2e682c277066266f37bb7492de85373bbf3,475,475,RGBA
data/raw/poketwo-data/shiny/947.png,947,Brambleghast,brambleghast,,1,1,1,a9eedb458c19037a81437911279243aa223c773d361ca57d5b3021601605bc69,475,475,RGBA
data/raw/poketwo-data/shiny/948.png,948,Toedscool,toedscool,,1,1,1,5c52d346d56ea26d77ec6e39184fb37b5c2a6e11aefec7fa423f968148e5c5cb,475,475,RGBA
data/raw/poketwo-data/shiny/949.png,949,Toedscruel,toedscruel,,1,1,1,5af3a81bbef6e871468ffd53cbb277af90a4c2f9391e84638b1479a8ad40ff0d,475,475,RGBA
data/raw/poketwo-data/shiny/950.png,950,Klawf,klawf,,1,1,1,e254f9157de2735a45f35fcf8153cd5f83724e86349ad8e7fb9f77c32c0a3f7a,475,475,RGBA
data/raw/poketwo-data/shiny/951.png,951,Capsakid,capsakid,,1,1,1,42264330a884c07886e82be2b2a4dc22389ff1b9697ac9a82b7e3b2656bf557d,475,475,RGBA
data/raw/poketwo-data/shiny/952.png,952,Scovillain,scovillain,,1,1,1,1abeb6d616c80036a4f3c0c8f45a3b9484dd76d3488379a9160cd3a5c441fe31,475,475,RGBA
data/raw/poketwo-data/shiny/953.png,953,Rellor,rellor,,1,1,1,49f67ca9b17d6f03601e99435329240ab4d7bd30c5f1b141ddb3b42da0a740f2,475,475,RGBA
data/raw/poketwo-data/shiny/954.png,954,Rabsca,rabsca,,1,1,1,9676f0a529f23ada03b2700b983185d3c5c746164aaa95061367f34597dd489d,475,475,RGBA
data/raw/poketwo-data/shiny/955.png,955,Flittle,flittle,,1,1,1,4406e8aa5cbd226eb289f4c2d286851a362418f6a5d2ce2c1987f63a0dc639bb,475,475,RGBA
data/raw/poketwo-data/shiny/956.png,956,Espathra,espathra,,1,1,1,44e97c77cc7f4a4092d2ce36cdc06cd240d21b0e03f63d35491b7a35b05d2643,475,475,RGBA
data/raw/poketwo-data/shiny/957.png,957,Tinkatink,tinkatink,,1,1,1,dddb16266ca9f307c3347f839ec487fc291cb7098c2320082f255984a9925b0d,475,475,RGBA
data/raw/poketwo-data/shiny/958.png,958,Tinkatuff,tinkatuff,,1,1,1,1e48fedd688b477a2861f0269c121a1ca2c3a76e0df09b1fdf4591f986053524,475,475,RGBA
data/raw/poketwo-data/shiny/959.png,959,Tinkaton,tinkaton,,1,1,1,3fa10c8dff5c45e63f55a6aacbfff5c740e7700d97633794d7f12c3c505804c5,475,475,RGBA
data/raw/poketwo-data/shiny/960.png,960,Wiglett,wiglett,,1,1,1,0b03c050f8d223566b87067b8110a74fdfe73ea0ea1600f7514416791db7f920,475,475,RGBA
data/raw/poketwo-data/shiny/961.png,961,Wugtrio,wugtrio,,1,1,1,587db9b669c7367b102017a1fe6e41529d92ea39d788315885b93c085060a0dd,475,475,RGBA
data/raw/poketwo-data/shiny/962.png,962,Bombirdier,bombirdier,,1,1,1,0fad4b5d3e0c105cc19d18a82789777343fec103661c2a41d37e56b57c0542cd,475,475,RGBA
data/raw/poketwo-data/shiny/963.png,963,Finizen,finizen,,1,1,1,87f9375513131c54d51a2907e15c27d9d92821d65150b9ba224258a5f052e9a2,475,475,RGBA
data/raw/poketwo-data/shiny/964.png,964,Palafin,palafin,,1,1,1,8972ceb41a4b7657a52ef442f1569dde75649f3eeffc74b87ac281b66194bf22,475,475,RGBA
data/raw/poketwo-data/shiny/965.png,965,Varoom,varoom,,1,1,1,f2db94b67b533812374e140eef7a16fb6105ca23e47668496ce87d0fdff39885,475,475,RGBA
data/raw/poketwo-data/shiny/966.png,966,Revavroom,revavroom,,1,1,1,06740adb7c9d7ffbe4a143919eeeaa0ef2db517706380e6c0fc32316d5ff7aa2,475,475,RGBA
data/raw/poketwo-data/shiny/967.png,967,Cyclizar,cyclizar,,1,1,1,b2d91a8b17ea8e0793560d5246ee26b5214a9221382d2006fe5988ea7ae61433,475,475,RGBA
data/raw/poketwo-data/shiny/968.png,968,Orthworm,orthworm,,1,1,1,de6209d8e66cff4a3c04d8f97fc0d9a6095d9a9c0e95b81e4d385cbb194c4b11,475,475,RGBA
data/raw/poketwo-data/shiny/969.png,969,Glimmet,glimmet,,1,1,1,33a8247c871d5842b57bcda7964c5b2beac1a65790937140cff5662987cad05d,475,475,RGBA
data/raw/poketwo-data/shiny/970.png,970,Glimmora,glimmora,,1,1,1,682d14dac6208790baaededde6ab315e0e8c3f57ff29f4d34939e4084934ac5e,475,475,RGBA
data/raw/poketwo-data/shiny/971.png,971,Greavard,greavard,,1,1,1,cfafbea471ff9b736d73883c3f6017f2ddc899a8271f5631fdae63b8bb5ecd9a,475,475,RGBA
data/raw/poketwo-data/shiny/972.png,972,Houndstone,houndstone,,1,1,1,099350f1476bb12641a6e7f400444a6e90fb663fd3f21f3cf67f8d7277f59aad,475,475,RGBA
data/raw/poketwo-data/shiny/973.png,973,Flamigo,flamigo,,1,1,1,65c59372b4fe5437d8f18f336e9dbd7570df627414768de00c5f4e59d362c032,475,475,RGBA
data/raw/poketwo-data/shiny/974.png,974,Cetoddle,cetoddle,,1,1,1,dc232189b1cf33e0897e135fde9359aee80b0d4906add516c81cd34e3b30c5cf,475,475,RGBA
data/raw/poketwo-data/shiny/975.png,975,Cetitan,cetitan,,1,1,1,38a6115af557acd9ebf288a2ceb8a8cba25d8a72e11e710e212e3df8a7517981,475,475,RGBA
data/raw/poketwo-data/shiny/976.png,976,Veluza,veluza,,1,1,1,9d5d699ae30f719c909f0b5d57611810d365976f7918b2718fdff90d3d7ece7c,475,475,RGBA
data/raw/poketwo-data/shiny/977.png,977,Dondozo,dondozo,,1,1,1,ff50970899d1ea63d5671044cc19ab5649c368bd2ba4f76c58b8564e281e9bda,475,475,RGBA
data/raw/poketwo-data/shiny/978.png,978,Tatsugiri,tatsugiri,,1,1,1,2c541fceed9b43e18c7fdcf71ff0c3ce83722aee03b4e13eee00daabddb97676,475,475,RGBA
data/raw/poketwo-data/shiny/979.png,979,Annihilape,annihilape,,1,1,1,663467c60530c403ab397b592b24ae323bd8378261576c0e4c66f597781b913c,475,475,RGBA
data/raw/poketwo-data/shiny/980.png,980,Clodsire,clodsire,,1,1,1,c6797498b071dca5e21494b1088e9b3670ce68f023d422a2e6e3cfb636ab1ee6,475,475,RGBA
data/raw/poketwo-data/shiny/981.png,981,Farigiraf,farigiraf,,1,1,1,84fe443f7d87d9e08daf477cdc55a0990b4c38f997c46682ab635db00ecb5e36,475,475,RGBA
data/raw/poketwo-data/shiny/982.png,982,Dudunsparce,dudunsparce,,1,1,1,2c88db98dfb75c52b85da847b5fb6be281f0dfdd0e37fcf13b19de1c675e9f20,475,475,RGBA
data/raw/poketwo-data/shiny/983.png,983,Kingambit,kingambit,,1,1,1,f58d4138f2ac1232383b22bc41594f976b3170fa800f074d6606bc60476d5cd0,475,475,RGBA
data/raw/poketwo-data/shiny/984.png,984,Great Tusk,great-tusk,,1,1,1,99bc890be57acc556c1bb80910157fe84f57726011657ba53f1c5f57e04f8a5f,475,475,RGBA
data/raw/poketwo-data/shiny/985.png,985,Scream Tail,scream-tail,,1,1,1,88aef5aa040596219aae4ca32dd39e4b5dbab15a5108bb0244348a3fb9e76fcc,475,475,RGBA
data/raw/poketwo-data/shiny/986.png,986,Brute Bonnet,brute-bonnet,,1,1,1,f1d28e02260caf3eeb11f9c6ace1f18fc120569d60797938c63c3e62ce648bca,475,475,RGBA
data/raw/poketwo-data/shiny/987.png,987,Flutter Mane,flutter-mane,,1,1,1,201a16cd453a0d6ebed3e5d22f9c73f37b604b7ebbb784046403e49c7ef5a662,475,475,RGBA
data/raw/poketwo-data/shiny/988.png,988,Slither Wing,slither-wing,,1,1,1,533876b7ab2dc985f2f707344e197447f93752532ce005b43a38168612e4b65f,475,475,RGBA
data/raw/poketwo-data/shiny/989.png,989,Sandy Shocks,sandy-shocks,,1,1,1,35004d54828c2417ebf3169e8ec0245771736e4a038f35946736fd003524261f,475,475,RGBA
data/raw/poketwo-data/shiny/990.png,990,Iron Treads,iron-treads,,1,1,1,6fe650a4ce0746982372418777cee009f00c0c3b8096e5074935a079d078f097,475,475,RGBA
data/raw/poketwo-data/shiny/991.png,991,Iron Bundle,iron-bundle,,1,1,1,803680d5280a5e392b6b7325d78ad21b4f2dc250aee229d43ac6e093d14c138a,475,475,RGBA
data/raw/poketwo-data/shiny/992.png,992,Iron Hands,iron-hands,,1,1,1,7ecdc9f274d70d496bfc631694513a5b4a99ffb5aa6de10b4bd4b504ff687b3a,475,475,RGBA
data/raw/poketwo-data/shiny/993.png,993,Iron Jugulis,iron-jugulis,,1,1,1,c6ececc67e9e2748e7af26524d8979c1922192f9c9398f72dab67297e7db1bd8,475,475,RGBA
data/raw/poketwo-data/shiny/994.png,994,Iron Moth,iron-moth,,1,1,1,80a71c9c494f7ebbfaf94f829f16545ce9ad6aa13f4360e2c2fed5c4fd3365c8,475,475,RGBA
data/raw/poketwo-data/shiny/995.png,995,Iron Thorns,iron-thorns,,1,1,1,248c9351cb883ba3681d1017c9388e6e238a4c95f14e467fe406454c21ff90da,475,475,RGBA
data/raw/poketwo-data/shiny/996.png,996,Frigibax,frigibax,,1,1,1,52d1033a30a7e6f2c4371186ee0f2aed7e8ab7dac263034757d7b12e02acc124,475,475,RGBA
data/raw/poketwo-data/shiny/997.png,997,Arctibax,arctibax,,1,1,1,45c4dd140e75227199a5ee2393cc62de0d2bf6e92cafbe57e5edb102811effc1,475,475,RGBA
data/raw/poketwo-data/shiny/998.png,998,Baxcalibur,baxcalibur,,1,1,1,04ad56e25bc8b1e3da0f3a7cff997a90ff409639a1845d6538ad49922f20f2c5,475,475,RGBA
data/raw/poketwo-data/shiny/999.png,999,Gimmighoul,gimmighoul,,1,1,1,cdc4a1e433104c04102c2dff59ee16751c060fdf6c6149670707776508cec523,475,475,RGBA
